segment_id,pdf_filename,advisory_issue_date,hazard_date_range,section,section1_was_image,source_method,segment_text,direct_locations,implied_locations,matched_region,location_match_type,weak_label_hint,label,annotator_1_label,annotator_2_label,label_notes
1XDiROvVKyxetS2aWfQJ_01,1XDiROvVKyxetS2aWfQJ.pdf,9 March 2026,2026-03-09 to 2026-03-12,Forecast,True,digital_text,"b. Landslides may occur in vulnerable areas of upper Khyber Pakhtunkhwa, Gilgit-Baltistan and Kashmir during the period.",,"Chitral, Dir, Gilgit, Hunza, Naran, Neelum Valley, Skardu, Swat","Gilgit-Baltistan, Kashmir, Khyber Pakhtunkhwa",implied_full_confidence,2,,,,
6a016da04e7ca_01,6a016da04e7ca.pdf,9 May 2026,2026-05-10 to 2026-05-12,Forecast,False,digital_text,"a. Khyber Pakhtunkhwa. Dust-thunderstorm/ rain is expected in Chitral, Dir, Swat, Kalam, Shangla, Buner, Kohistan, Malakand, Battagram, Mansehra, Abbottabad, Balakot, Haripur, Swabi, Mardan, Nowshera, Charsadda, Peshawar, Bajaur, Mohmand, Orakzai, Khyber, Kohat, Kurram, Hangu, Karak from 10th (evening) to 12th May 2026 with occasional gaps.","Swat, Chitral, Dir",Naran,"Khyber Pakhtunkhwa, Mansehra/Kaghan",direct,1,,,,
6a016da04e7ca_02,6a016da04e7ca.pdf,9 May 2026,2026-05-10 to 2026-05-12,Forecast,False,digital_text,"b. Punjab/Islamabad. Dust-thunderstorm/ rain is expected in Murree, Galiyat, Islamabad / Rawalpindi, Attock, Chakwal, Jhelum, Khushab, Sargodha, Mianwali, Bhakkar, Faisalabad, Sahiwal, Jhang, Lahore, Gujranwala, Sialkot, Narowal from 10th (evening) to 12th May 2026 with occasional gaps.",Murree/Galliyat,,,direct,1,,,,
6a016da04e7ca_03,6a016da04e7ca.pdf,9 May 2026,2026-05-11 to 2026-05-13,Forecast,False,digital_text,"c. Gilgit Baltistan. Rain-wind/ thunderstorm is expected in (Diamir, Astore, Ghizer, Skardu, Hunza, Gilgit, Guanche, Shigar) from 11th to 13th May 2026 with occasional gaps.","Hunza, Skardu, Gilgit",,,direct,1,,,,
6a016da04e7ca_04,6a016da04e7ca.pdf,9 May 2026,2026-05-11 to 2026-05-13,Forecast,False,digital_text,"d. Kashmir. Rain-wind/ thunderstorm is expected in Kashmir (Neelum valley, Muzaffarabad, Poonch, Hattian, Bagh, Haveli, Sudhanoti, Kotli, Bhimber, Mirpur) from 11th to 13th May 2026 with occasional gaps.",Neelum Valley,,,direct,1,,,,
6a016da04e7ca_05,6a016da04e7ca.pdf,9 May 2026,2026-05-10 to 2026-05-12,Forecast,False,digital_text,"c. Landslides may occur in vulnerable areas of upper Khyber Pakhtunkhwa, Gilgit-Baltistan and Kashmir during the forecast period.",,"Chitral, Dir, Gilgit, Hunza, Naran, Neelum Valley, Skardu, Swat","Gilgit-Baltistan, Kashmir, Khyber Pakhtunkhwa",implied_full_confidence,2,,,,
6a0afd6478d2a_01,6a0afd6478d2a.pdf,18 May 2026,2026-05-18,Forecast,False,digital_text,"a. Khyber Pakhtunkhwa. Chitral, Dir, Swat, Kalam, Shangla, Buner, Kohistan, Malakand, Battagram, Mansehra, Abbottabad, Balakot, Haripur, Swabi, Mardan, Nowshera, Charsadda, Peshawar, Bajaur, Mohmand, Orakzai, Khyber, Kohat, Kurram, Hangu, Waziristan, Bannu, Laki Marwat, Karak.","Swat, Chitral, Dir",Naran,"Khyber Pakhtunkhwa, Mansehra/Kaghan",direct,1,,,,
6a0afd6478d2a_02,6a0afd6478d2a.pdf,18 May 2026,2026-05-18,Forecast,False,digital_text,"b. Punjab/ Islamabad. Murree, Galiyat, Islamabad/ Rawalpindi, Attock, Chakwal, Jhelum, Khushab, Joharabad, Bhakkar, Layyah, Sargodha, Mianwali, Faisalabad, Jhang, Lahore, Sheikhupura, Okara, Gujranwala, Hafizabad, Mandi Bahuddin, Sialkot, Narowal.",Murree/Galliyat,,,direct,1,,,,
6a0afd6478d2a_03,6a0afd6478d2a.pdf,18 May 2026,2026-05-18,Forecast,False,digital_text,"c. Gilgit Baltistan. Diamir, Astore, Ghizer, Skardu, Hunza, Gilgit, Guanche, Shigar.","Hunza, Skardu, Gilgit",,,direct,1,,,,
6a0afd6478d2a_04,6a0afd6478d2a.pdf,18 May 2026,2026-05-18,Forecast,False,digital_text,"d. Kashmir. Neelum valley, Muzaffarabad, Poonch, Hattian, Bagh, Haveli, Sudhanoti, Kotli, Bhimber, Mirpur.",Neelum Valley,,,direct,1,,,,
6a0afd6478d2a_05,6a0afd6478d2a.pdf,18 May 2026,2026-05-18,Forecast,False,digital_text,"c. Moderate to isolated heavy falls may trigger landslides in vulnerable areas of upper Khyber Pakhtunkhwa, Gilgit-Baltistan and Kashmir during the forecast period.",,"Chitral, Dir, Gilgit, Hunza, Naran, Neelum Valley, Skardu, Swat","Gilgit-Baltistan, Kashmir, Khyber Pakhtunkhwa",implied_full_confidence,2,,,,
6a1d6d965d09b_01,6a1d6d965d09b.pdf,1 June 2026,2026-06-02 to 2026-06-05,Forecast,False,digital_text,"a. Khyber Pakhtunkhwa. Scattered Rain wind / thunderstorm (with few heavy falls and hailstorm) is expected in Dir, Chitral, Swat, Kohistan, Malakand, Bajaur, Shangla, Battagram, Buner, Kohat, Bannu, Dera Ismail Khan, Bajaur, Mohmand, Khyber, Waziristan, Orakzai, Mansehra, Abbottabad, Haripur, Peshawar, Mardan, Hangu and Kurram from 2nd to 5th June 2026 with occasional gaps.","Swat, Chitral, Dir",Naran,"Khyber Pakhtunkhwa, Mansehra/Kaghan",direct,1,,,,
6a1d6d965d09b_02,6a1d6d965d09b.pdf,1 June 2026,2026-06-02 to 2026-06-05,Forecast,False,digital_text,"b. Punjab/ Islamabad. Scattered dust / thunderstorm-rain (with few heavy falls and hailstorm) is expected in Islamabad / Rawalpindi, Murree, Galliyat, Attock, Chakwal, Jhelum, Mandi Bahauddin, Gujrat, Gujranwala, Hafizabad, Wazirabad, Lahore, Sheikhupura, Sialkot, Narowal, Sahiwal, Jhang, Toba Tek Singh, Nankana Sahib, Chiniot, Faisalabad, Okara, Kasur, Khushab, Sargodha, Bhakkar, Mianwali, Bahawalpur, Bahawalnagar, D.G. Khan, Multan, Khanewal, Lodhran, Muzaffargarh, Rajanpur, Rahimyar Khan and Layyah from 2nd to 5th June 2026 with occasional gaps.",Murree/Galliyat,,,direct,1,,,,
6a1d6d965d09b_03,6a1d6d965d09b.pdf,1 June 2026,2026-06-02 to 2026-06-05,Forecast,False,digital_text,"c. Azad Jammu & Kashmir/ Gilgit Baltistan. Scattered Rain wind / thunderstorm (with few heavy falls and hailstorm) is expected in Kashmir (Neelum valley, Muzaffarabad, Rawalakot, Poonch, Hattian, Bagh, Haveli, Sudhnoti, Kotli, Bhimber, Mirpur) from 2nd to 5th June 2026 with occasional gaps. Rain wind/thunderstorm is expected in Gilgit-Baltistan (Diamir, Astore, Ghizer, Skardu, Hunza, Gilgit, Ghanche & Shigar) from 4th to 6th June 2026 with occasional gaps.","Hunza, Skardu, Gilgit, Neelum Valley",,,direct,1,,,,
6a1d6d965d09b_04,6a1d6d965d09b.pdf,1 June 2026,2026-06-03 to 2026-06-06,Forecast,False,digital_text,"b. Landslides may occur in vulnerable areas of upper Khyber Pakhtunkhwa, Gilgit-Baltistan and Kashmir from 03rd to 06th June 2026.",,"Chitral, Dir, Gilgit, Hunza, Naran, Neelum Valley, Skardu, Swat","Gilgit-Baltistan, Kashmir, Khyber Pakhtunkhwa",implied_full_confidence,2,,,,
6a294b0603ba2_01,6a294b0603ba2.pdf,10 June 2026,2026-06-11 to 2026-06-13,Forecast,False,digital_text,"a. Khyber Pakhtunkhwa. Scattered dust/ windstorm & rain/ thunderstorm (with few heavy falls/ hailstorm) is expected in Dir, Chitral, Swat, Kohistan, Malakand, Bajaur, Shangla, Battagram, Buner, Kohat, Bannu, Dera Ismail Khan, Bajaur, Mohmand, Khyber, Waziristan, Orakzai, Mansehra, Abbottabad, Haripur, Peshawar, Mardan, Hangu and Kurram from 11th to 13th June 2026 with occasional gaps.","Swat, Chitral, Dir",Naran,"Khyber Pakhtunkhwa, Mansehra/Kaghan",direct,1,,,,
6a294b0603ba2_02,6a294b0603ba2.pdf,10 June 2026,2026-06-11 to 2026-06-13,Forecast,False,digital_text,"b. Punjab/ Islamabad. Scattered dust/ windstorm & rain-thunderstorm (with few heavy falls/ hailstorm) is expected in Islamabad/ Rawalpindi, Murree, Galliyat, Attock, Chakwal, Jhelum, Mandi Bahauddin, Gujrat, Gujranwala, Hafizabad, Wazirabad, Lahore, Sheikhupura, Sialkot, Narowal, Sahiwal, Jhang, Toba Tek Singh, Nankana Sahib, Chiniot, Faisalabad, Okara, Kasur, Khushab, Sargodha, Noorpur thal, Bhakkar, Layyah Mianwali, Bahawalpur, Bahawalnagar, D.G. Khan, Multan, Khanewal, Lodhran, Muzaffargarh, Rajanpur, Rahimyar Khan and Kot Addu from 11th to 13th June 2026 with occasional gaps.",Murree/Galliyat,,,direct,1,,,,
6a294b0603ba2_03,6a294b0603ba2.pdf,10 June 2026,2026-06-11 to 2026-06-13,Forecast,False,digital_text,"c. Azad Jammu & Kashmir/ Gilgit Baltistan. Scattered rain-wind/ thunderstorm (with few heavy falls/ hailstorm) is expected in Kashmir (Neelum valley, Muzaffarabad, Rawalakot, Poonch, Hattian, Bagh, Haveli, Sudhanoti, Kotli, Bhimber, Mirpur) and Gilgit Baltistan (Diamir, Astore, Ghizer, Skardu, Hunza, Gilgit, Ghanche and Shigar) from 11th to 13th June with occasional gaps.","Hunza, Skardu, Gilgit, Neelum Valley",,,direct,1,,,,
6a294b0603ba2_04,6a294b0603ba2.pdf,10 June 2026,2026-06-11 to 2026-06-13,Forecast,False,digital_text,"c. Landslides may occur in vulnerable areas of upper Khyber Pakhtunkhwa, Gilgit-Baltistan and Kashmir from 11th to 13th June 2026.",,"Chitral, Dir, Gilgit, Hunza, Naran, Neelum Valley, Skardu, Swat","Gilgit-Baltistan, Kashmir, Khyber Pakhtunkhwa",implied_full_confidence,2,,,,
6a300781e72b5_01,6a300781e72b5.pdf,15 June 2026,2026-06-16 to 2026-06-20,Forecast,False,digital_text,"a. Khyber Pakhtunkhwa. Scattered dust/ windstorm & rain - thunderstorm (with isolated heavy falls/ hailstorm) is expected in Dir, Chitral, Swat, Kohistan, Malakand, Bajaur, Shangla, Battagram, Buner, Kohat, Bannu, Dera Ismail Khan, Bajaur, Mohmand, Khyber, Waziristan, Orakzai, Mansehra, Abbottabad, Haripur, Peshawar, Mardan, Hangu and Kurram from 16th to 20th June 2026 with occasional gaps.","Swat, Chitral, Dir",Naran,"Khyber Pakhtunkhwa, Mansehra/Kaghan",direct,1,,,,
6a300781e72b5_02,6a300781e72b5.pdf,15 June 2026,2026-06-16 to 2026-06-20,Forecast,False,digital_text,"b. Punjab/ Islamabad. Scattered dust/ windstorm & rain-thunderstorm (with isolated heavy falls/ hailstorm) is expected in Islamabad/ Rawalpindi, Murree, Galliyat, Attock, Chakwal, Jhelum, Mandi Bahauddin, Gujrat, Gujranwala, Hafizabad, Wazirabad, Lahore, Sheikhupura, Sialkot, Narowal, Sahiwal, Jhang, Toba Tek Singh,Pakpattan, Nankana Sahib, Chiniot, Faisalabad, Okara, Kasur, Khushab, Sargodha, Noorpur thal, Bhakkar, Layyah, Mianwali, Bahawalpur, Bahawalnagar, D.G. Khan, Multan, Khanewal, Lodhran, Muzaffargarh, Rajanpur, Rahimyar Khan and Kot Addu from 16th to 20th June 2026 with occasional gaps.",Murree/Galliyat,,,direct,1,,,,
6a300781e72b5_03,6a300781e72b5.pdf,15 June 2026,2026-06-18 to 2026-06-22,Forecast,False,digital_text,"c. Azad Jammu & Kashmir/ Gilgit Baltistan. Scattered rain-wind/ thunderstorm (with isolated heavy falls/ hailstorm) is expected in Kashmir (Neelum valley, Muzaffarabad, Rawalakot, Poonch, Hattian, Bagh, Haveli, Sudhanoti, Kotli, Bhimber, Mirpur) from 16th to 22th June and Gilgit Baltistan (Diamir, Astore, Ghizer, Skardu, Hunza, Gilgit, Ghanche and Shigar) from 18th to 22th June 2026 with occasional gaps.","Hunza, Skardu, Gilgit, Neelum Valley",,,direct,1,,,,
6a300781e72b5_04,6a300781e72b5.pdf,15 June 2026,2026-06-16 to 2026-06-21,Forecast,False,digital_text,"c. Landslides may occur in vulnerable areas of upper Khyber Pakhtunkhwa, Gilgit-Baltistan and Kashmir from 16th to 21st June 2026.",,"Chitral, Dir, Gilgit, Hunza, Naran, Neelum Valley, Skardu, Swat","Gilgit-Baltistan, Kashmir, Khyber Pakhtunkhwa",implied_full_confidence,2,,,,
6a3f6f98018b6_01,6a3f6f98018b6.pdf,27 June 2026,2026-06-27,Alert Narrative,False,digital_text,Subject: GLOF Alert Dated: 27 June 2026 The soaring temperatures across Gilgit-Baltistan and Khyber Pakhtunkhwa are expected to persist till first week of July 2026.,,"Chitral, Dir, Gilgit, Hunza, Naran, Skardu, Swat","Gilgit-Baltistan, Khyber Pakhtunkhwa",implied_full_confidence,2,,,,
6a425d1e0965b_01,6a425d1e0965b.pdf,29 June 2026,2026-07-01 to 2026-07-05,Forecast,False,digital_text,"a. Azad Jammu & Kashmir. Scattered rain-wind/ thunderstorm (with few heavy falls/ hailstorm) is expected in Neelum valley, Muzaffarabad, Rawalakot, Poonch, Hattian, Bagh, Haveli, Sudhanoti, Kotli, Bhimber, Mirpur from 1st to 5th July 2026.",Neelum Valley,,,direct,1,,,,
6a425d1e0965b_02,6a425d1e0965b.pdf,29 June 2026,2026-07-01 to 2026-07-05,Forecast,False,digital_text,"b. Khyber Pakhtunkhwa. Scattered rain-wind/ thunderstorm (with few heavy falls/ hailstorm) is expected in Dir, Chitral, Swat, Kohistan, Malakand, Nowshera, Charsadda, Karak, Tank, Lakki Marwat, Swabi, Shangla, Battagram, Buner, Kohat, Kurram, Bajaur, Mohmand, Khyber, Orakzai, Mansehra, Abbottabad, Haripur, Peshawar, Mardan, Hangu, Waziristan, Bannu and Dera Ismail Khan from 1st to 5th July 2026 with occasional gaps.","Swat, Chitral, Dir",Naran,"Khyber Pakhtunkhwa, Mansehra/Kaghan",direct,1,,,,
6a425d1e0965b_03,6a425d1e0965b.pdf,29 June 2026,2026-07-01 to 2026-07-06,Forecast,False,digital_text,"c. Punjab/ Islamabad. Scattered dust/ windstorm & rain-thunderstorm (with few heavy falls/ hailstorm) Islamabad/Rawalpindi, Murree, Galliyat, Attock, Chakwal, Jhelum, Mandi Bahauddin, Gujrat, Gujranwala, Hafizabad, Wazirabad, Faisalabad, Khushab, Sargodha, Lahore, Sheikhupura, Sialkot, Narowal from 1st to 6th July 2026, while in Sahiwal, Jhang, Toba Tek Singh, Pakpattan, Nankana Sahib, Chiniot, Okara, Kasur, Noor Pur Thal, Bhakkar, Layyah Mianwali, Bahawalpur, Bahawalnagar, D.G. Khan, Multan, Khanewal, Lodhran, Muzaffargarh and Rajanpur from 3rd to 5th July 2026 with occasional gaps.",Murree/Galliyat,,,direct,1,,,,
6a425d1e0965b_04,6a425d1e0965b.pdf,29 June 2026,2026-07-01 to 2026-07-05,Forecast,False,digital_text,"d. Gilgit Baltistan. Rrain-wind/ thunderstorm (with few heavy falls/ hailstorm Diamer, Astore, Ghizer, Skardu, Hunza, Gilgit, Ghanche and Shigar from 1st to 5th July 2026 with occasional gaps.","Hunza, Skardu, Gilgit",,,direct,1,,,,
6a425d1e0965b_05,6a425d1e0965b.pdf,29 June 2026,2026-06-11 to 2026-06-13,Forecast,False,digital_text,"c. Landslides may occur in vulnerable areas of upper Khyber Pakhtunkhwa, Gilgit-Baltistan and Kashmir from 11th to 13th June 2026.",,"Chitral, Dir, Gilgit, Hunza, Naran, Neelum Valley, Skardu, Swat","Gilgit-Baltistan, Kashmir, Khyber Pakhtunkhwa",implied_full_confidence,2,,,,
6a4b8ee0b9b3e_01,6a4b8ee0b9b3e.pdf,6 July 2026,2026-07-06 to 2026-07-08,Forecast,False,digital_text,"a. Azad Jammu & Kashmir. Scattered rain-windstorm/ thunderstorm (with few heavy falls/ hailstorm) is expected in Neelum valley, Muzaffarabad, Rawalakot, Poonch, Hattian, Bagh, Haveli, Sudhanoti, Kotli, Bhimber and Mirpur from 6th (night) to 8th July 2026 with occasional gaps.",Neelum Valley,,,direct,1,,,,
6a4b8ee0b9b3e_02,6a4b8ee0b9b3e.pdf,6 July 2026,2026-07-06 to 2026-07-08,Forecast,False,digital_text,"b. Khyber Pakhtunkhwa. Scattered rain-windstorm/ thunderstorm (with few heavy falls/ hailstorm) is expected in Dir, Chitral, Swat, Kohistan, Malakand, Nowshera, Charsadda, Karak, Tank, Lakki Marwat, Swabi, Shangla, Battagram, Buner, Kohat, Kurram, Bajaur, Mohmand, Khyber, Orakzai, Mansehra, Abbottabad, Haripur, Peshawar, Mardan and Hangu from 6th (night) to 8th July 2026 while in Waziristan, Bannu and Dera Ismail Khan on 7th & 8th July with occasional gaps.","Swat, Chitral, Dir",Naran,"Khyber Pakhtunkhwa, Mansehra/Kaghan",direct,1,,,,
6a4b8ee0b9b3e_03,6a4b8ee0b9b3e.pdf,6 July 2026,2026-07-06 to 2026-07-08,Forecast,False,digital_text,"c. Punjab/ Islamabad. Scattered rain-windstorm/ thundershower (with few heavy falls/ hailstorm) Islamabad/Rawalpindi, Murree, Galliyat, Attock, Chakwal, Jhelum, Mandi Bahauddin, Gujrat, Gujranwala, Hafizabad, Wazirabad, Faisalabad, Khushab, Sargodha, Lahore, Sheikhupura, Sialkot, Narowal, Sahiwal, Jhang, Toba Tek Singh, Pakpattan, Nankana Sahib, Chiniot, Okara and Kasur from 6th (evening/ night) to 8th July 2026, while in Noor Pur Thal, Bhakkar, Layyah Mianwali, Bahawalpur, Bahawalnagar, D.G. Khan, Multan, Khanewal, Lodhran, Muzaffargarh and Rajanpur from 7th & 8th July with occasional gaps.",Murree/Galliyat,,,direct,1,,,,
6a4b8ee0b9b3e_04,6a4b8ee0b9b3e.pdf,6 July 2026,2026-07-07 to 2026-07-08,Forecast,False,digital_text,"d. Gilgit Baltistan. Rain-windstorm/ thundershower (with few heavy falls/ hailstorm Diamer, Astore, Ghizer, Skardu, Hunza, Gilgit, Ghanche and Shigar from 7th & 8th July with occasional gaps.","Hunza, Skardu, Gilgit",,,direct,1,,,,
6a4b8ee0b9b3e_05,6a4b8ee0b9b3e.pdf,6 July 2026,2026-07-07 to 2026-07-08,Forecast,False,digital_text,"c. Landslides may occur in vulnerable areas of upper Khyber Pakhtunkhwa, Gilgit-Baltistan and Kashmir from 7th to 8th July 2026. Water flow may increase in local streams and nullahs of Kashmir, Khyber Pakhtunkhwa, Gilgit Baltistan & hill torrents of D.G Khan on 7th & 8th July 2026.",,"Chitral, Dir, Gilgit, Hunza, Naran, Neelum Valley, Skardu, Swat","Gilgit-Baltistan, Kashmir, Khyber Pakhtunkhwa",implied_full_confidence,2,,,,
6a50c95ceea07_01,6a50c95ceea07.pdf,10 July 2026,2026-07-10 to 2026-07-13,Forecast,False,digital_text,"a. Azad Jammu & Kashmir. Rain-windstorm/ thundershower (with isolated heavy falls) is expected in Neelum valley, Muzaffarabad, Rawalakot, Poonch, Hattian, Bagh, Haveli, Sudhanoti, Kotli, Bhimber and Mirpur from 10th (night) to 13th July 2026 with occasional gaps.",Neelum Valley,,,direct,1,,,,
6a50c95ceea07_02,6a50c95ceea07.pdf,10 July 2026,2026-07-11 to 2026-07-12,Forecast,False,digital_text,"b. Khyber Pakhtunkhwa. Rain-windstorm/ thundershower (with isolated heavy falls) is expected in Dir, Chitral, Swat, Kohistan, Malakand, Nowshera, Charsadda, Karak, Tank, Lakki Marwat, Swabi, Shangla, Battagram, Buner, Kohat, Kurram, D.I Khan, Bannu, Waziristan, Bajaur, Mohmand, Khyber, Orakzai, Mansehra, Abbottabad, Haripur, Peshawar, Mardan and Hangu on 11th and 12th July 2026.","Swat, Chitral, Dir",Naran,"Khyber Pakhtunkhwa, Mansehra/Kaghan",direct,1,,,,
6a50c95ceea07_03,6a50c95ceea07.pdf,10 July 2026,2026-07-11 to 2026-07-12,Forecast,False,digital_text,"c. Punjab/ Islamabad. Scattered rain-windstorm/ thundershower (with isolated heavy falls) Islamabad/ Rawalpindi, Murree, Galliyat, Attock, Chakwal, Jhelum, Mandi Bahauddin, Gujrat, Gujranwala, Hafizabad, Wazirabad, Faisalabad, Khushab, Sargodha, Lahore, Sheikhupura, Sialkot, Narowal, Sahiwal, Jhang, Toba Tek Singh, Nankana Sahib, Chiniot and Okara from 11th and 12th July 2026, while in Noor Pur Thal, Bhakkar, Layyah Mianwali, Bahawalpur, Bahawalnagar, D.G. Khan, Multan, Khanewal, Lodhran, Muzaffargarh, Kot Addu, Rahim Yar Khan and Rajanpur from 11th (evening/night) and 12th July 2026 with occasional gaps.",Murree/Galliyat,,,direct,1,,,,
6a50c95ceea07_04,6a50c95ceea07.pdf,10 July 2026,2026-07-11 to 2026-07-13,Forecast,False,digital_text,"d. Gilgit Baltistan. Rain-windstorm/ thunderstorm (Diamer, Astore, Ghizer, Skardu, Hunza, Gilgit, Ghanche and Shigar from 11th (evening/night) & 13th July 2026 with occasional gaps.","Hunza, Skardu, Gilgit",,,direct,1,,,,
6a50c95ceea07_05,6a50c95ceea07.pdf,10 July 2026,2026-07-11 to 2026-07-12,Forecast,False,digital_text,"c. Landslides may occur in vulnerable areas of upper Khyber Pakhtunkhwa, Gilgit-Baltistan and Kashmir from 11th to 12th July 2026. Water flow may increase in local streams and nullahs of Kashmir, Khyber Pakhtunkhwa, Gilgit Baltistan & hill torrents of D.G Khan on 11th to 12th July 2026.",,"Chitral, Dir, Gilgit, Hunza, Naran, Neelum Valley, Skardu, Swat","Gilgit-Baltistan, Kashmir, Khyber Pakhtunkhwa",implied_full_confidence,2,,,,
6a5a0b87cdb4b_01,6a5a0b87cdb4b.pdf,17 July 2026,2026-07-18 to 2026-07-25,Forecast,False,digital_text,"a. Azad Jammu & Kashmir. Rain windstorm/ thundershower (with scattered heavy falls at times very heavy) is expected in (Neelum valley, Muzaffarabad, Rawalakot, Poonch, Hattian, Bagh, Haveli, Sudhanoti, Kotli, Bhimber, Mirpur) from 18th (evening/ night) to 25th July 2026 with occasional gaps.",Neelum Valley,,,direct,1,,,,
6a5a0b87cdb4b_02,6a5a0b87cdb4b.pdf,17 July 2026,2026-07-19 to 2026-07-23,Forecast,False,digital_text,"b. Khyber Pakhtunkhwa. Rain windstorm/ thundershower (with scattered heavy falls at times very heavy) is expected in (Dir, Chitral, Swat, Kohistan, Malakand, Nowshera, Charsadda, Karak, Tank, Lakki Marwat, Swabi, Shangla, Battagram, Buner, Kohat, Kurram, D.I Khan, Bannu, Waziristan, Bajaur, Mohmand, Khyber, Orakzai, Mansehra, Abbottabad, Haripur, Peshawar, Mardan, Hangu from 19th (evening/ night) to 23rd July 2026.","Swat, Chitral, Dir",Naran,"Khyber Pakhtunkhwa, Mansehra/Kaghan",direct,1,,,,
6a5a0b87cdb4b_03,6a5a0b87cdb4b.pdf,17 July 2026,2026-07-19 to 2026-07-23,Forecast,False,digital_text,"c. Punjab/ Islamabad. Rain windstorm/ thundershower (with scattered heavy falls at times very heavy) is expected in Islamabad/Rawalpindi, Murree, Galliyat, Attock, Chakwal, Jhelum, Mandi Bahauddin, Gujrat, Gujranwala, Hafizabad, Wazirabad, Faisalabad, Khushab, Sargodha, Lahore, Sheikhupura, Sialkot, Narowal, Sahiwal, Jhang, Toba Tek Singh, Nankana Sahib, Chiniot, Okara, from 19th (evening/ night) to 23rd July 2026 while in Noor Pur Thal, Bhakkar, Mianwali, Layyah, Bahawalpur, Bahawalnagar, D.G. Khan, Multan, Khanewal, Lodhran, Muzaffargarh, Kot Addu, Rahim Yar Khan and Rajanpur from 20th to 24th July with occasional gaps. Heavy falls is also expected during the period.",Murree/Galliyat,,,direct,1,,,,
6a5a0b87cdb4b_04,6a5a0b87cdb4b.pdf,17 July 2026,2026-07-18 to 2026-07-25,Forecast,False,digital_text,"d. Gilgit Baltistan. Rain windstorm/thunderstorm (with moderate to heavy falls) is expected in (Diamir, Astore, Ghizer, Skardu, Hunza, Gilgit, Ghanche, Shigar) from 18th (evening/ night) to 25th July 2026 with occasional gaps.","Hunza, Skardu, Gilgit",,,direct,1,,,,
6a5a0b87cdb4b_05,6a5a0b87cdb4b.pdf,17 July 2026,2026-07-20 to 2026-07-25,Forecast,False,digital_text,"b. Landslides may occur in vulnerable areas of Upper Khyber Pakhtunkhwa (Dir, Chitral, Swat, Kohistan, Buner, Mansehra, Abbottabad) Gilgit-Baltistan, Murree & Galliyat, and Kashmir during 20th to 25th July 2026.","Swat, Murree/Galliyat, Chitral, Dir","Gilgit, Hunza, Naran, Neelum Valley, Skardu","Gilgit-Baltistan, Kashmir, Khyber Pakhtunkhwa, Mansehra/Kaghan",direct,2,,,,
6a5a0b87cdb4b_06,6a5a0b87cdb4b.pdf,17 July 2026,2026-07-18 to 2026-07-25,Forecast,False,digital_text,"c. Flash flooding in local streams and Nullahs of Kashmir, Murree & Galliyat, Northeastern Punjab, Islamabad, Khyber Pakhtunkhwa, Gilgit Baltistan, hill torrents of D. G. Khan and Northeastern parts of Balochistan during the wet spell.",Murree/Galliyat,"Chitral, Dir, Gilgit, Hunza, Naran, Neelum Valley, Skardu, Swat","Gilgit-Baltistan, Kashmir, Khyber Pakhtunkhwa",direct,2,,,,
6a60af7f0ced2_01,6a60af7f0ced2.pdf,22 July 2026,2026-07-22,Alert Narrative,False,digital_text,"Dated: 22 July 2026 Subject: Significant Increase in Water Levels in Rivers, Streams and Nullahs Across the Glaciated Regions Pakistan Meteorological Department (PMD) has issued a press release (Annex-A) stating that a significant increase in water levels has been observed in rivers, streams and nullahs across the glaciated regions of Gilgit Baltistan and Khyber Pakhtunkhwa.",,"Chitral, Dir, Gilgit, Hunza, Naran, Skardu, Swat","Gilgit-Baltistan, Khyber Pakhtunkhwa",implied_discounted,1,,,,
6a6347094ba88_01,6a6347094ba88.pdf,24 July 2026,2026-07-24 to 2026-07-28,Forecast,False,digital_text,"b. Kashmir. Isolated rain windstorm/thundershower is expected in (Neelum valley, Muzaffarabad, Rawalakot, Poonch, Hattian, Bagh, Haveli, Sudhnoti, Kotli, Bhimber and Mirpur) from 24th (evening/ night) to 28th July 2026 with occasional gaps.",Neelum Valley,,,direct,1,,,,
6a6347094ba88_02,6a6347094ba88.pdf,24 July 2026,2026-07-24 to 2026-07-27,Forecast,False,digital_text,"c. Punjab/Islamabad. Rain windstorm/thundershower (with isolated heavyfalls) is expected in Lahore, Sheikhupura Okara, Sahiwal, Pak Pattan, Vehari, Khanewal, Multan, Dera Gazi Khan, Rajanpur, Kot Addu, Muzaffargarh, Bahawalpur, Bahawalnagar, R Y Khan and Khan Pur from 24th (evening/ night) to 27th July 2026. Mostly partly cloudy at times cloudy weather conditions with rain-thundershower is expected in Islamabad/Rawalpindi, Murree, Galliyat, Attock, Chakwal, Jhelum, Mandi Bahauddin, Gujrat, Gujranwala, Hafizabad, Wazirabad, Faisalabad, Khushab, Sargodha, Sialkot, Narowal, Jhang, Toba Tek Singh, Nankana Sahib and Chiniot from 24th (evening/night) to 26th July 2026 with occasional gaps.",Murree/Galliyat,,,direct,0,,,,
6a6347094ba88_03,6a6347094ba88.pdf,24 July 2026,2026-07-24 to 2026-07-27,Forecast,False,digital_text,"d. Khyber-Pakhtunkhwa. Mostly partly cloudy at times cloudy weather conditions with rain-thundershower is expected in (Dir, Chitral, Swat, Kohistan, Malakand, Nowshera, Charsadda, Karak, Tank, Lakki Marwat, Swabi, Shangla, Battagram, Buner, Kohat, Kurram, D.I Khan, Bannu, Waziristan, Bajaur, Mohmand, Khyber, Orakzai, Mansehra, Abbottabad, Haripur, Peshawar, Mardan and Hangu from 24th (evening/ night) to 27th July 2026.","Swat, Chitral, Dir",Naran,"Khyber Pakhtunkhwa, Mansehra/Kaghan",direct,0,,,,
6a6347094ba88_04,6a6347094ba88.pdf,24 July 2026,2026-07-24 to 2026-07-26,Forecast,False,digital_text,"e. Gilgit-Baltistan. Mostly partly cloudy at times cloudy weather conditions with rain-thundershower is expected in (Diamir, Astore, Ghizer, Skardu, Hunza, Gilgit, Ghanche and Shigar) from 24th (evening/ night) to 26th July 2026 with occasional gaps.","Hunza, Skardu, Gilgit",,,direct,0,,,,
6a687cf015ff4_01,6a687cf015ff4.pdf,28 July 2026,2026-07-28,Forecast,False,digital_text,"a. Kashmir. Rain-wind/ thundershowers (with scattered heavy falls at times very heavy) is expected in (Neelum valley, Muzaffarabad, Rawalakot, Poonch, Hattian, Bagh, Haveli, Sudhnoti, Kotli, Bhimber and Mirpur) from 28th July (night) to 05th August 2026 with occasional gaps.",Neelum Valley,,,direct,1,,,,
6a687cf015ff4_02,6a687cf015ff4.pdf,28 July 2026,2026-07-28,Forecast,False,digital_text,"(1) Rain-wind/ thundershowers (with scattered heavy falls at times very heavy) is expected in Islamabad/ Rawalpindi, Murree, Galliyat, Attock, Chakwal, Jhelum, Mandi Bahauddin, Gujrat, Gujranwala, Hafizabad, Wazirabad, Sialkot, Narowal, Lahore, Okara, Kasur, Sheikhupura, Nankana Sahib, Faisalabad, Jhang, Toba Tek Singh, Chiniot, Khushab, Mianwali, Layyah, Bhakkar, Noor pur thal, Sargodha, Sahiwal and Pakpattan from 29th July to 04th August 2026 with occasional gaps.",Murree/Galliyat,,,direct,1,,,,
6a687cf015ff4_03,6a687cf015ff4.pdf,28 July 2026,2026-07-28,Forecast,False,digital_text,"c. Khyber-Pakhtunkhwa. Rain-wind/ thundershowers (with scattered heavy falls at times very heavy) is expected in (Dir, Chitral, Swat, Kohistan, Malakand, Nowshera, Charsadda, Karak, Tank, Lakki Marwat, Swabi, Shangla, Battagram, Buner, Kohat, Kurram, D.I Khan, Bannu, Waziristan, Bajaur, Mohmand, Khyber, Orakzai, Mansehra, Abbottabad, Haripur, Peshawar, Mardan and Hangu from 29th July to 05th August 2026 with occasional gaps.","Swat, Chitral, Dir",Naran,"Khyber Pakhtunkhwa, Mansehra/Kaghan",direct,1,,,,
6a687cf015ff4_04,6a687cf015ff4.pdf,28 July 2026,2026-07-28,Forecast,False,digital_text,"d. Gilgit-Baltistan. Rain-wind/ thunderstorm (with moderate to heavy falls) is expected in (Diamir, Astore, Ghizer, Skardu, Hunza, Gilgit, Ghanche and Shigar) from 28th July (evening/ night) to 06th August 2026 with occasional gaps.","Hunza, Skardu, Gilgit",,,direct,1,,,,
6a687cf015ff4_05,6a687cf015ff4.pdf,28 July 2026,2026-07-28,Forecast,False,digital_text,"c. Landslides may occur in vulnerable areas of upper Khyber Pakhtunkhwa (Dir, Chitral, Swat, Kohistan, Buner, Battagram, Mansehra, Haripur, Abbottabad), Gilgit-Baltistan, Murree, Galliyat and Kashmir from 30th July to 05th August 2026.","Swat, Murree/Galliyat, Chitral, Dir","Gilgit, Hunza, Naran, Neelum Valley, Skardu","Gilgit-Baltistan, Kashmir, Khyber Pakhtunkhwa, Mansehra/Kaghan",direct,2,,,,
6a687cf015ff4_06,6a687cf015ff4.pdf,28 July 2026,2026-07-28,Forecast,False,digital_text,"d. Heavy rains may generate flash floods in Local Streams/ Nullahs of Kashmir, Murree, Galliyat, Northeastern Punjab, Islamabad, Khyber Pakhtunkhwa, Gilgit Baltistan, hill torrents of D. G. Khan and Northeastern parts of Balochistan during the forecast period.",Murree/Galliyat,"Chitral, Dir, Gilgit, Hunza, Naran, Neelum Valley, Skardu, Swat","Gilgit-Baltistan, Kashmir, Khyber Pakhtunkhwa",direct,2,,,,
6a7c660b2e26b_01,6a7c660b2e26b.pdf,12 August 2026,2026-08-12 to 2026-08-15,Forecast,False,digital_text,"a. Rain-wind/ thundershowers (with few heavy falls) is expected in Kashmir (Neelum valley, Muzaffarabad, Rawalakot, Poonch, Hattian, Bagh, Haveli, Sudhanoti, Kotli, Bhimber and Mirpur), Gilgit-Baltistan (Diamir, Astore, Ghizer, Skardu, Hunza, Gilgit, Ghanche and Shigar), Upper Khyber - Pakhtunkhwa (Dir, Chitral, Swat, Kohistan, Malakand, Shangla, Battagram, Mansehra, Abbottabad, Galiyat, Buner, Bajaur, Mohmand, Peshawar, Nowshera, Mardan, Swabi, Haripur, Kurram, Khyber) and Northeast Punjab (Murree, Sialkot, Narowal, Mandi Bahauddin, Gujrat, Gujranwala, Hafizabad, Wazirabad, Lahore, Kasur, Sheikhupura and Nankana Sahib) from 12th (night) to 15th August 2026 with occasional gaps.","Hunza, Skardu, Gilgit, Swat, Murree/Galliyat, Chitral, Dir, Neelum Valley",Naran,"Gilgit-Baltistan, Kashmir, Khyber Pakhtunkhwa, Mansehra/Kaghan",direct,1,,,,
6a7c660b2e26b_02,6a7c660b2e26b.pdf,12 August 2026,2026-08-13 to 2026-08-15,Forecast,False,digital_text,"b. Landslides may occur in vulnerable areas of Upper Khyber Pakhtunkhwa (Dir, Chitral, Swat, Kohistan, Buner, Battagram, Mansehra, Haripur, Abbottabad), Gilgit-Baltistan, Murree, Galliyat and Kashmir during the forecast period.","Swat, Murree/Galliyat, Chitral, Dir","Gilgit, Hunza, Naran, Neelum Valley, Skardu","Gilgit-Baltistan, Kashmir, Khyber Pakhtunkhwa, Mansehra/Kaghan",direct,2,,,,
6a86c3402ee86_01,6a86c3402ee86.pdf,16 August 2026,2026-08-16 to 2026-08-21,Forecast,False,digital_text,"a. Kashmir. Scattered Rain-wind/ thundershowers (with isolated heavy falls) is expected in (Neelum valley, Muzaffarabad, Rawalakot, Poonch, Hattian, Bagh, Haveli, Sudhnoti, Kotli, Bhimber and Mirpur) from 16th (evening/night) to 21th August 2026 with occasional gaps.",Neelum Valley,,,direct,1,,,,
6a86c3402ee86_02,6a86c3402ee86.pdf,16 August 2026,2026-08-16 to 2026-08-21,Forecast,False,digital_text,"b. Punjab/ Islamabad Rain-wind/thundershower (with isolated heavy falls) is expected in Islamabad, Rawalpindi, Murree, Galliyat, Jhelum, Chakwal, Talagang, Attock, Sialkot, Narowal, Mandi Bahauddin, Gujrat, Gujranwala, Hafizabad, Wazirabad, Lahore, Kasur, Okara, Sheikhupura, Nankana Sahib, Sargodha, Khushab, Mianwali and Noorpur Thal from 16th (evening/night) to 21st August 2026 with occasional gaps. While in Faisalabad, Jhang, Toba Tek Singh, Layyah, Bhakkar, Sahiwal, Pakpattan, Bahawalnagar, Bahawalpur and D.G. Khan on 20th and 21st August 2026.",Murree/Galliyat,,,direct,1,,,,
6a86c3402ee86_03,6a86c3402ee86.pdf,16 August 2026,2026-08-17 to 2026-08-21,Forecast,False,digital_text,"c. Khyber-Pakhtunkhwa. Rain-wind/thundershower (with isolated heavy falls) is expected in (Dir, Chitral, Swat, Kohistan, Malakand, Nowshera, Charsadda, Swabi, Shangla, Battagram, Buner, Kohat, Hangu, Kurram, Bajaur, Mohmand, Khyber, Orakzai, Mansehra, Abbottabad, Haripur, Peshawar and Mardan) from 17th (evening/night) to 21st August 2026, with occasional gaps while in Karak, Tank, Lakki Marwat, D.I Khan, Bannu and Waziristan on 20th and 21st August 2026.","Swat, Chitral, Dir",Naran,"Khyber Pakhtunkhwa, Mansehra/Kaghan",direct,1,,,,
6a86c3402ee86_04,6a86c3402ee86.pdf,16 August 2026,2026-08-18 to 2026-08-21,Forecast,False,digital_text,"d. Gilgit-Baltistan. Rain-wind/thundershower is expected in Diamir, Astore, Ghizer, Skardu, Hunza, Gilgit, Ghanche and Shigar from 18th to 21st August 2026 with occasional gaps.","Hunza, Skardu, Gilgit",,,direct,1,,,,
6a86c3402ee86_05,6a86c3402ee86.pdf,16 August 2026,2026-08-16 to 2026-08-21,Forecast,False,digital_text,"c. Landslides may occur in hilly areas of Khyber Pakhtunkhwa, Gilgit-Baltistan, Murree, Galliyat and Kashmir during the forecast period.",Murree/Galliyat,"Chitral, Dir, Gilgit, Hunza, Naran, Neelum Valley, Skardu, Swat","Gilgit-Baltistan, Kashmir, Khyber Pakhtunkhwa",direct,2,,,,
6a885045d4e15_01,6a885045d4e15.pdf,21 August 2026,2026-08-21 to 2026-08-23,Forecast,False,digital_text,"a. Kashmir. Rain-wind/thundershower (with isolated heavy falls) is expected in Neelum valley, Muzaffarabad, Rawalakot, Poonch, Hattian, Bagh, Haveli, Sudhanoti, Kotli, Bhimber, Mirpur from 21st (night) to 23rd August 2026 with occasional gaps.",Neelum Valley,,,direct,1,,,,
6a885045d4e15_02,6a885045d4e15.pdf,21 August 2026,2026-08-21 to 2026-08-23,Forecast,False,digital_text,"b. Khyber-Pakhtunkhwa. Rain-wind/thundershower (with isolated heavyfalls) is expected in Dir, Chitral, Swat, Kohistan, Malakand, Nowshera, Charsadda, Swabi, Shangla, Battagram, Buner, Kohat, Hangu, Kurram, Bajaur, Mohmand, Khyber, Orakzai, Mansehra, Abbottabad, Haripur, Peshawar, Mardan, Karak, Tank, Lakki Marwat, D.I Khan, Bannu, Waziristan from 21st (evening/ night) to 23rd August 2026 with occasional gaps.","Swat, Chitral, Dir",Naran,"Khyber Pakhtunkhwa, Mansehra/Kaghan",direct,1,,,,
6a885045d4e15_03,6a885045d4e15.pdf,21 August 2026,2026-08-21 to 2026-08-23,Forecast,False,digital_text,"c. Islamabad/Upper Punjab. Rain-wind/thundershower (with isolated heavyfalls) is expected in Islamabad, Rawalpindi, Murree, Galliyat, Jhelum, Chakwal, Talagang, Attock, Sialkot, Narowal, Mandi Bahauddin, Gujrat, Gujranwala, Hafizabad, Wazirabad, Lahore, Kasur, Okara, Sheikhupura, Nankana Sahib from 21st (evening/ night) to 23rd August (morning) with occasional gaps, while in Sargodha, Khushab, Mianwali, Noorpur, Faisalabad, Jhang, Toba Tek Singh, Layyah, Bhakkar, Sahiwal, Pakpattan, D.G. Khan on 22nd August 2026.",Murree/Galliyat,,,direct,1,,,,
6a885045d4e15_04,6a885045d4e15.pdf,21 August 2026,2026-08-21 to 2026-08-23,Forecast,False,digital_text,"d. Gilgit-Baltistan. Rain-wind/thundershower is expected in Diamir, Astore, Ghizer, Skardu, Hunza, Gilgit, Ghanche, Shigar from 21st (evening/ night) to 23rd August 2026 with occasional gaps.","Hunza, Skardu, Gilgit",,,direct,1,,,,
6a885045d4e15_05,6a885045d4e15.pdf,21 August 2026,2026-08-21 to 2026-08-23,Forecast,False,digital_text,"b. Heavy rain may cause flash flooding in local streams/ Nullahs in Kashmir, Murree, Galliyat, Islamabad and Rawalpindi during the forecast period.",Murree/Galliyat,Neelum Valley,Kashmir,direct,2,,,,
6a885045d4e15_06,6a885045d4e15.pdf,21 August 2026,2026-08-21 to 2026-08-23,Forecast,False,digital_text,"c. Landslides may occur in hilly areas of Khyber Pakhtunkhwa, Gilgit-Baltistan, Murree, Galliyat and Kashmir during the forecast period.",Murree/Galliyat,"Chitral, Dir, Gilgit, Hunza, Naran, Neelum Valley, Skardu, Swat","Gilgit-Baltistan, Kashmir, Khyber Pakhtunkhwa",direct,2,,,,
6a91749fbdd5d_01,6a91749fbdd5d.pdf,28 August 2026,2026-08-28,Forecast,False,digital_text,"a. Kashmir. Rain-wind / thundershower (with isolated heavy falls) is expected in (Neelum valley, Muzaffarabad, Rawalakot, Poonch, Hattian, Bagh, Haveli, Sudhanoti, Kotli, Bhimber, Mirpur) from 28th August (evening/night) to 06th September 2026 with occasional gaps.",Neelum Valley,,,direct,1,,,,
6a91749fbdd5d_02,6a91749fbdd5d.pdf,28 August 2026,2026-08-28,Forecast,False,digital_text,"b. Islamabad/Upper Punjab. Rain-wind / thundershower (with isolated heavy falls) is expected in Islamabad, Rawalpindi, Murree, Galliyat, Jhelum, Chakwal, Talagang, Attock, Lahore, Sialkot, Sheikhupura, Narowal, Mandi Bahauddin, Gujrat, Gujranwala, Wazirabad and Hafizabad from 29th August to 05th September 2026, while in Kasur, Okara, Nankana Sahib, Sargodha, Khushab, Mianwali, Noorpur Thal , Faisalabad, Jhang, Toba Tek Singh, Layyah, Bhakkar, Sahiwal and Pakpattan from 01st September to 05th September 2026 with occasional gaps.",Murree/Galliyat,,,direct,1,,,,
6a91749fbdd5d_03,6a91749fbdd5d.pdf,28 August 2026,2026-08-28,Forecast,False,digital_text,"c. Khyber-Pakhtunkhwa. Rain-wind / thundershower (with isolated heavy falls) is expected in (Peshawar, Dir, Chitral, Swat, Kohistan, Malakand, Mardan, Nowshera, Charsadda, Swabi, Shangla, Battagram, Buner, Kohat, Hangu, Kurram, Bajaur, Mohmand, Khyber, Orakzai, Mansehra, Abbottabad, Haripur from 29th August to 05th September 2026, while in Karak, Tank, Lakki Marwat, D.I Khan, Bannu, Waziristan from 01st September to 04th September 2026 with occasional gaps.","Swat, Chitral, Dir",Naran,"Khyber Pakhtunkhwa, Mansehra/Kaghan",direct,1,,,,
6a91749fbdd5d_04,6a91749fbdd5d.pdf,28 August 2026,2026-08-28,Forecast,False,digital_text,"d. Gilgit-Baltistan. Rain-wind / thundershower is expected in Diamir, Astore, Ghizer, Skardu, Hunza, Gilgit, Ghanche, Shigar from 30th August to 06th September with occasional gaps.","Hunza, Skardu, Gilgit",,,direct,1,,,,
6a91749fbdd5d_05,6a91749fbdd5d.pdf,28 August 2026,2026-08-28,Forecast,False,digital_text,"b. Heavy rain may cause flash flooding in local streams/ Nullahs in Kashmir, Murree, Galliyat, Islamabad and Rawalpindi during the forecast period.",Murree/Galliyat,Neelum Valley,Kashmir,direct,2,,,,
6a91749fbdd5d_06,6a91749fbdd5d.pdf,28 August 2026,2026-08-28,Forecast,False,digital_text,"c. Landslides may occur in hilly areas of Khyber Pakhtunkhwa, Gilgit-Baltistan, Murree, Galliyat and Kashmir during the forecast period.",Murree/Galliyat,"Chitral, Dir, Gilgit, Hunza, Naran, Neelum Valley, Skardu, Swat","Gilgit-Baltistan, Kashmir, Khyber Pakhtunkhwa",direct,2,,,,
6a981c869e237_01,6a981c869e237.pdf,2 September 2026,2026-09-03 to 2026-09-06,Forecast,False,digital_text,"a. Kashmir. Rain-wind/ thundershower (with isolated heavy falls) is expected in (Neelum valley, Muzaffarabad, Rawalakot, Poonch, Hattian, Bagh, Haveli, Sudhanoti, Kotli, Bhimber, Mirpur) from 03rd to 06th September 2026 with occasional gaps.",Neelum Valley,,,direct,1,,,,
6a981c869e237_02,6a981c869e237.pdf,2 September 2026,2026-09-03 to 2026-09-05,Forecast,False,digital_text,"b. Khyber-Pakhtunkhwa. Rain-wind/thundershower (with scattered heavy falls at times very heavy) is expected in (Peshawar, Dir, Chitral, Swat, Kohistan, Malakand, Mardan, Nowshera, Charsadda, Swabi, Shangla, Battagram, Buner, Kohat, Hangu, Kurram, Bajaur, Mohmand, Khyber, Orakzai, Mansehra, Abbottabad, Haripur, Karak, Tank, Lakki Marwat, D.I Khan, Bannu and Waziristan from 03rd (evening/night) to 05th September, with occasional gaps.","Swat, Chitral, Dir",Naran,"Khyber Pakhtunkhwa, Mansehra/Kaghan",direct,1,,,,
6a981c869e237_03,6a981c869e237.pdf,2 September 2026,2026-09-03 to 2026-09-05,Forecast,False,digital_text,"c. Islamabad/Upper Punjab. Rain-wind/thundershower (with isolated heavy falls at times very heavy) is expected in Islamabad, Rawalpindi, Murree, Galliyat, Jhelum, Chakwal, Talagang, Attock, Lahore, Sialkot, Sheikhupura, Narowal, Mandi Bahauddin, Gujrat, Gujranwala, Wazirabad, Hafizabad, Kasur on 03rd to 05th September 2026, while in Okara, Nankana Sahib, Sargodha, Khushab, Mianwali, Noorpur Thal , Faisalabad, Jhang, Toba Tek Singh, Layyah, Bhakkar, Sahiwal, Dera Ghazi Khan and surroundings on 04th and 05th September 2026 with occasional gaps.",Murree/Galliyat,,,direct,1,,,,
6a981c869e237_04,6a981c869e237.pdf,2 September 2026,2026-09-03 to 2026-09-06,Forecast,False,digital_text,"d. Gilgit-Baltistan. Rain-wind/thundershower (moderate with isolated heavy falls) is expected in Diamir, Astore, Ghizer, Skardu, Hunza, Gilgit, Ghanche, Shigar from 03rd to 06th September 2026 with occasional gaps.","Hunza, Skardu, Gilgit",,,direct,1,,,,
6a981c869e237_05,6a981c869e237.pdf,2 September 2026,2026-09-03 to 2026-09-06,Forecast,False,digital_text,"b. Heavy to very heavy rain may cause flash flooding in local streams/ Nullahs in Dir, Chitral, Swat, Kohistan, Shangla, Battagram, Buner, Malakand, Mansehra, Abbottabad, Gilgit-Baltistan, Kashmir, Murree, Galliyat, Islamabad and Rawalpindi during the forecast period.","Swat, Murree/Galliyat, Chitral, Dir","Gilgit, Hunza, Naran, Neelum Valley, Skardu","Gilgit-Baltistan, Kashmir, Mansehra/Kaghan",direct,2,,,,
6a981c869e237_06,6a981c869e237.pdf,2 September 2026,2026-09-03 to 2026-09-06,Forecast,False,digital_text,"c. Landslides may occur in hilly areas of Khyber Pakhtunkhwa, Gilgit-Baltistan, Murree, Galliyat and Kashmir during the forecast period.",Murree/Galliyat,"Chitral, Dir, Gilgit, Hunza, Naran, Neelum Valley, Skardu, Swat","Gilgit-Baltistan, Kashmir, Khyber Pakhtunkhwa",direct,2,,,,
6aa3edb7dfd18 (2)_01,6aa3edb7dfd18 (2).pdf,11 September 2026,2026-09-12 to 2026-09-17,Forecast,False,digital_text,"a. Kashmir. Rain - wind/ thundershower (with isolated heavy falls/ hailstorm) is expected in (Neelum valley, Muzaffarabad, Rawalakot, Poonch, Hattian, Bagh, Haveli, Sudhanoti, Kotli, Bhimber, Mirpur) from 12th to 17th September 2026 with occasional gaps.",Neelum Valley,,,direct,1,,,,
6aa3edb7dfd18 (2)_02,6aa3edb7dfd18 (2).pdf,11 September 2026,2026-09-12 to 2026-09-17,Forecast,False,digital_text,"b. Islamabad/Upper Punjab: Rain - wind/ thundershower (with isolated heavy fall/ hailstorm) is expected in Islamabad, Rawalpindi, Murree, Galliyat, Jhelum, Chakwal, Talagang, Attock from 12th to 17th September 2026 with occasional gaps. Rain-wind/ thundershower (with isolated heavy fall/ hailstorm) is expected in Lahore, Sialkot, Sheikhupura, Narowal, Mandi Bahauddin, Gujrat, Gujranwala, Wazirabad, Hafizabad, Kasur, Okara, Nankana Sahib, Sargodha, Khushab, Mianwali, Noorpur Thal, Faisalabad, Jhang, Toba Tek Singh, Layyah, Bhakkar, Sahiwal, Dera Ghazi Khan, Multan and surroundings from 14th (evening/night) to 17th September 2026. with occasional gaps.",Murree/Galliyat,,,direct,1,,,,
6aa3edb7dfd18 (2)_03,6aa3edb7dfd18 (2).pdf,11 September 2026,2026-09-12 to 2026-09-17,Forecast,False,digital_text,"c. Khyber-Pakhtunkhwa. Rain-wind/ thundershower (with scattered heavy falls/ hailstorm) is expected in (Peshawar, Dir, Chitral, Swat, Kohistan, Malakand, Mardan, Nowshera, Charsadda, Swabi, Shangla, Battagram, Buner, Kohat, Hangu, Kurram, Bajaur, Mohmand, Khyber, Orakzai, Mansehra, Abbottabad, Haripur, Karak, Tank, Lakki Marwat, D.I Khan, Bannu and Waziristan from 12th to 17th September 2026, with occasional gaps.","Swat, Chitral, Dir",Naran,"Khyber Pakhtunkhwa, Mansehra/Kaghan",direct,1,,,,
6aa3edb7dfd18 (2)_04,6aa3edb7dfd18 (2).pdf,11 September 2026,2026-09-12 to 2026-09-17,Forecast,False,digital_text,"d. Gilgit-Baltistan Rain - wind/ thundershower (moderate with isolated heavy falls) is expected in Diamir, Astore, Ghizer, Skardu, Hunza, Gilgit, Ghanche, Shigar from 12th to 17th September 2026 with occasional gaps.","Hunza, Skardu, Gilgit",,,direct,1,,,,
6aa3edb7dfd18 (2)_05,6aa3edb7dfd18 (2).pdf,11 September 2026,2026-09-14 to 2026-09-17,Forecast,False,digital_text,"b. Heavy rain may cause flash flood in local streams/ Nullahs in Dir, Chitral, Swat, Kohistan, Shangla, Battagram, Buner, Malakand, Mansehra, Abbottabad, Gilgit-Baltistan, Kashmir, Murree, Galliyat, Islamabad and Rawalpindi from 14th to 17th September 2026.","Swat, Murree/Galliyat, Chitral, Dir","Gilgit, Hunza, Naran, Neelum Valley, Skardu","Gilgit-Baltistan, Kashmir, Mansehra/Kaghan",direct,2,,,,
6aa3edb7dfd18 (2)_06,6aa3edb7dfd18 (2).pdf,11 September 2026,2026-09-12 to 2026-09-17,Forecast,False,digital_text,"c. Landslides may occur in hilly areas of Khyber Pakhtunkhwa, Gilgit-Baltistan, Murree, Galliyat and Kashmir during the forecast period.",Murree/Galliyat,"Chitral, Dir, Gilgit, Hunza, Naran, Neelum Valley, Skardu, Swat","Gilgit-Baltistan, Kashmir, Khyber Pakhtunkhwa",direct,2,,,,
6ac38d525bbfa_01,6ac38d525bbfa.pdf,05 October 2026,2026-10-06 to 2026-10-07,Forecast,False,digital_text,"b. Punjab. Rain - wind/ thunderstorm (isolated hailstorm) is expected at isolated places in Rawalpindi, Murree, Galliyat, Attock, Chakwal, Jhelum, Mandi Bahauddin, Gujrat, Gujranwala, Hafizabad, Wazirabad, Lahore, Kasur, Sheikhupura, Sialkot, Narowal, Mianwali, Khushab, Sargodha, Jhang, Toba Tek Singh and Faisalabad on 06th & 07th October 2026.",Murree/Galliyat,,,direct,1,,,,
6ac38d525bbfa_02,6ac38d525bbfa.pdf,05 October 2026,2026-10-05 to 2026-10-07,Forecast,False,digital_text,"c. Khyber - Pakhtunkhwa. Rain - wind/ thunderstorm (isolated hailstorm) is expected in Dir, Chitral, Swat, Kohistan, Shangla, Battagram, Mansehra, Abbottabad, Haripur, Buner, Malakand, Bajaur, Mohmand, Kohat, Peshawar, Charsadda, Nowshera, Mardan, Swabi, Khyber, Orakzai, Kurram, Hangu, Lakki Marwat, Karak, Bannu, D I Khan and Waziristan from 05th (night) to 07th October 2026.","Swat, Chitral, Dir",Naran,"Khyber Pakhtunkhwa, Mansehra/Kaghan",direct,1,,,,
6ac38d525bbfa_03,6ac38d525bbfa.pdf,05 October 2026,2026-10-06 to 2026-10-07,Forecast,False,digital_text,"d. Kashmir/ Gilgit - Baltistan. Rain - wind/ thunderstorm (isolated hailstorm) is expected at isolated places in Kashmir (Neelum valley, Muzaffarabad, Rawalakot, Poonch, Hattian, Bagh, Haveli, Sudhanoti, Kotli, Bhimber and Mirpur) and Gilgit-Baltistan (Diamir, Astore, Ghizer, Skardu, Hunza, Gilgit, Ghanche and Shigar) on 06th & 07th October 2026.","Hunza, Skardu, Gilgit, Neelum Valley",,,direct,1,,,,
8GJyEDPo4pYsk6U2bie9_01,8GJyEDPo4pYsk6U2bie9.pdf,10 July 2025,2025-07-14 to 2025-07-17,Forecast,True,digital_text,"(1) Heavy to very heavy rains may generate flash floods in local nullahs/streams of Murree, Galiyat, Islamabad/Rawalpindi, Hill torrents of D.G Khan, Northeast Punjab, from 14th to 17th July 2025.",Murree/Galliyat,,,direct,2,,,,
8GJyEDPo4pYsk6U2bie9_02,8GJyEDPo4pYsk6U2bie9.pdf,10 July 2025,2025-07-14 to 2025-07-17,Forecast,True,digital_text,(2) Rains may trigger Landslides / Rockfall in Murree and hilly areas.,Murree/Galliyat,,,direct,2,,,,
8GJyEDPo4pYsk6U2bie9_03,8GJyEDPo4pYsk6U2bie9.pdf,10 July 2025,2025-07-14 to 2025-07-17,Forecast,True,digital_text,"b. KP, Balochistan, GB and State of AJ&K",,"Chitral, Dir, Gilgit, Hunza, Naran, Neelum Valley, Skardu, Swat","Gilgit-Baltistan, Kashmir, Khyber Pakhtunkhwa",implied_discounted,1,,,,
8GJyEDPo4pYsk6U2bie9_04,8GJyEDPo4pYsk6U2bie9.pdf,10 July 2025,2025-07-14 to 2025-07-17,Forecast,True,digital_text,"(1) Heavy to very heavy rains may generate flash floods in local nullahs / streams of Galiyat, Mansehra, Kohistan, Abbottabad, Buner, Chitral, Dir, Swat, Shangla, Nowshera, Swabi, Hill torrents in Balochistan from 14th to 17th July 2025.","Swat, Murree/Galliyat, Chitral, Dir",Naran,Mansehra/Kaghan,direct,2,,,,
B2PMvR4BydFo61qtRTqO_01,B2PMvR4BydFo61qtRTqO.pdf,12 August 2025,2025-08-14 to 2025-08-17,Likely Impact,False,digital_text,"2025. A Westerly Wave is currently affecting the Upper parts and is likely to strengthen from 17th August 2025. Furthermore, Rain-Wind/Thundershower (with scattered heavy falls) is expected in Islamabad, Kashmir, upper Punjab, Khyber Pakhtunkhwa and Gilgit-Baltistan from 14th to 17th August. Under the influence of these Meteorological conditions following are the likely Impact areas: - Government of Pakistan Prime Minister’s Office",,"Chitral, Dir, Gilgit, Hunza, Naran, Neelum Valley, Skardu, Swat","Gilgit-Baltistan, Kashmir, Khyber Pakhtunkhwa",implied_discounted,1,,,,
B2PMvR4BydFo61qtRTqO_02,B2PMvR4BydFo61qtRTqO.pdf,12 August 2025,2025-08-12,Likely Impact,False,digital_text,"(1) Heavy to very heavy rains may generate flash floods in local nullahs/streams of Murree, Galiyat, Islamabad/Rawalpindi, Hill torrents of D.G Khan, Northeast Punjab.",Murree/Galliyat,,,direct,2,,,,
B2PMvR4BydFo61qtRTqO_03,B2PMvR4BydFo61qtRTqO.pdf,12 August 2025,2025-08-12,Likely Impact,False,digital_text,(2) Rains may trigger Landslides / Rockfall in Murree and hilly areas.,Murree/Galliyat,,,direct,2,,,,
B2PMvR4BydFo61qtRTqO_04,B2PMvR4BydFo61qtRTqO.pdf,12 August 2025,2025-08-12,Forecast,False,digital_text,"b. KP, Balochistan, GB and State of AJ&K",,"Chitral, Dir, Gilgit, Hunza, Naran, Neelum Valley, Skardu, Swat","Gilgit-Baltistan, Kashmir, Khyber Pakhtunkhwa",implied_discounted,1,,,,
B2PMvR4BydFo61qtRTqO_05,B2PMvR4BydFo61qtRTqO.pdf,12 August 2025,2025-08-12,Likely Impact,False,digital_text,"(1) Heavy to very heavy rains may generate flash floods in local nullahs / streams of Galiyat, Mansehra, Kohistan, Abbottabad, Buner, Chitral, Dir, Swat, Shangla, Nowshera, Swabi, Hill torrents in Balochistan.","Swat, Murree/Galliyat, Chitral, Dir",Naran,Mansehra/Kaghan,direct,2,,,,
C3Gg3UcMujKhrPCskj9T_01,C3Gg3UcMujKhrPCskj9T.pdf,30th  March 2026,2026-03-30,Forecast,True,digital_text,"a. Landslides may occur in vulnerable areas of upper Khyber Pakhtunkhwa, Gilgit-Baltistan and Kashmir during the period.",,"Chitral, Dir, Gilgit, Hunza, Naran, Neelum Valley, Skardu, Swat","Gilgit-Baltistan, Kashmir, Khyber Pakhtunkhwa",implied_full_confidence,2,,,,
C3Gg3UcMujKhrPCskj9T_02,C3Gg3UcMujKhrPCskj9T.pdf,30th  March 2026,2026-04-02 to 2026-04-04,Forecast,True,digital_text,"b. Due to heavy rains Flash flood is expected in northeast Balochistan (Khuzdar, Awaran, Kharan, Kalat, Mastung, Kohlu, Lasbela, Zhob, Qilla Saifullah, Qilla Abullah, Sherani), Hill torrents of Dera Ghazi Khan while in local stream and nullahs of Khyber Pakhtunkhwa (Khurram, Khyber, Mohmand, Bajaur, Dir, Swat, Malakand, Kohistan, Chitral) from 02nd to 04th April. Windstorm/ hailstorm and lightning may damage weak structures (electric poles, billboards, solar panels etc.) during the forecast period.","Swat, Chitral, Dir",Naran,Khyber Pakhtunkhwa,direct,2,,,,
C3Gg3UcMujKhrPCskj9T_03,C3Gg3UcMujKhrPCskj9T.pdf,30th  March 2026,2026-03-30,Forecast,True,digital_text,"d. Hailstorm/windstorm may damage standing crops in Punjab, Khyber-Pakhtunkhwa and Sindh. Farmers are advised to manage their crops according to the prevailing weather conditions.",,"Chitral, Dir, Naran, Swat",Khyber Pakhtunkhwa,implied_discounted,1,,,,
GG1zJKscWUVfmTrVXDjh_01,GG1zJKscWUVfmTrVXDjh.pdf,21 August 2025,2025-08-23 to 2025-08-27,Likely Impact,False,digital_text,"(1) Heavy to very heavy rains may generate flash floods in local nullahs/streams of Murree, Galiyat, Islamabad/Rawalpindi, Hill torrents of D.G Khan, Northeast Punjab.",Murree/Galliyat,,,direct,2,,,,
GG1zJKscWUVfmTrVXDjh_02,GG1zJKscWUVfmTrVXDjh.pdf,21 August 2025,2025-08-23 to 2025-08-27,Likely Impact,False,digital_text,(2) Rains may trigger Landslides / Rockfall in Murree and hilly areas.,Murree/Galliyat,,,direct,2,,,,
GG1zJKscWUVfmTrVXDjh_03,GG1zJKscWUVfmTrVXDjh.pdf,21 August 2025,2025-08-23 to 2025-08-27,Forecast,False,digital_text,"b. KP, Balochistan, GB and State of AJ&K",,"Chitral, Dir, Gilgit, Hunza, Naran, Neelum Valley, Skardu, Swat","Gilgit-Baltistan, Kashmir, Khyber Pakhtunkhwa",implied_discounted,1,,,,
GG1zJKscWUVfmTrVXDjh_04,GG1zJKscWUVfmTrVXDjh.pdf,21 August 2025,2025-08-23 to 2025-08-27,Likely Impact,False,digital_text,"(1) Heavy to very heavy rains may generate flash floods in local nullahs / streams of Galiyat, Mansehra, Kohistan, Abbottabad, Buner, Chitral, Dir, Swat, Shangla, Nowshera, Swabi, Hill torrents in Balochistan.","Swat, Murree/Galliyat, Chitral, Dir",Naran,Mansehra/Kaghan,direct,2,,,,
NvJhiqSAEaimPvdxAq65_01,NvJhiqSAEaimPvdxAq65.pdf,16 March 2026,2026-03-16,Forecast,True,digital_text,"a. Landslides may occur in vulnerable areas of upper Khyber Pakhtunkhwa, Gilgit-Baltistan and Kashmir during the period.",,"Chitral, Dir, Gilgit, Hunza, Naran, Neelum Valley, Skardu, Swat","Gilgit-Baltistan, Kashmir, Khyber Pakhtunkhwa",implied_full_confidence,2,,,,
NvJhiqSAEaimPvdxAq65_02,NvJhiqSAEaimPvdxAq65.pdf,16 March 2026,2026-03-16,Forecast,True,digital_text,"c. Hailstorm/windstorm may damage standing crops in Punjab, Khyber-Pakhtunkhwa and Sindh.",,"Chitral, Dir, Naran, Swat",Khyber Pakhtunkhwa,implied_discounted,1,,,,
SHWYwXDD0AxIU8X2ct9u_01,SHWYwXDD0AxIU8X2ct9u.pdf,27 December 2025,2025-12-27,Forecast,True,digital_text,"a. Snowfall may cause road closure/ slippery conditions in Naran, Kaghan, Dir, Swat, Kohistan, Mansehra, Abbottabad, Shangla, Astore, Hunza, Skardu, Murree, Galliyat, Neelum valley, Bagh, Poonch, Haveli from 30th December (night) to 2nd January (morning).","Hunza, Skardu, Naran, Swat, Murree/Galliyat, Dir, Neelum Valley",,,direct,2,,,,
SHWYwXDD0AxIU8X2ct9u_02,SHWYwXDD0AxIU8X2ct9u.pdf,27 December 2025,2025-12-27,Forecast,True,digital_text,"b. Possibility of the landslides/avalanche in hilly areas of upper Khyber Pakhtunkhwa, Gilgit-Baltistan and Kashmir during the period.",,"Chitral, Dir, Gilgit, Hunza, Naran, Neelum Valley, Skardu, Swat","Gilgit-Baltistan, Kashmir, Khyber Pakhtunkhwa",implied_full_confidence,2,,,,
UtacuBC0KL6hvhPlc7Ai_01,UtacuBC0KL6hvhPlc7Ai.pdf,4 September 2025,2025-09-07 to 2025-09-09,Likely Impact,False,digital_text,"(2) Heavy to very heavy rains may generate flash floods in local nullahs/streams of Murree, Galiyat, Islamabad/Rawalpindi, Hill torrents of D.G Khan, Northeast Punjab.",Murree/Galliyat,,,direct,2,,,,
UtacuBC0KL6hvhPlc7Ai_02,UtacuBC0KL6hvhPlc7Ai.pdf,4 September 2025,2025-09-07 to 2025-09-09,Likely Impact,False,digital_text,(3) Rains may trigger Landslides / Rockfall in Murree and hilly areas.,Murree/Galliyat,,,direct,2,,,,
UtacuBC0KL6hvhPlc7Ai_03,UtacuBC0KL6hvhPlc7Ai.pdf,4 September 2025,2025-09-07 to 2025-09-09,Forecast,False,digital_text,"b. KP, Balochistan, GB and State of AJ&K",,"Chitral, Dir, Gilgit, Hunza, Naran, Neelum Valley, Skardu, Swat","Gilgit-Baltistan, Kashmir, Khyber Pakhtunkhwa",implied_discounted,1,,,,
UtacuBC0KL6hvhPlc7Ai_04,UtacuBC0KL6hvhPlc7Ai.pdf,4 September 2025,2025-09-07 to 2025-09-09,Likely Impact,False,digital_text,"(1) Heavy to very heavy rains may generate flash floods in local nullahs / streams of Galiyat, Mansehra, Kohistan, Abbottabad, Buner, Chitral, Dir, Swat, Shangla, Nowshera, Swabi, Hill torrents in Balochistan.","Swat, Murree/Galliyat, Chitral, Dir",Naran,Mansehra/Kaghan,direct,2,,,,
WrPYvUNjFPSrTxVuOTNz_01,WrPYvUNjFPSrTxVuOTNz.pdf,23 February 2026,2026-02-23,Alert Narrative,False,digital_text,Reduced precipitation and persistent clear-sky conditions have resulted in stable atmospheric patterns and significantly elevated temperatures across Gilgit-Baltistan during the first two decades (1–22 February) of February 2026.,,"Gilgit, Hunza, Skardu",Gilgit-Baltistan,implied_routine,0,,,,
WrPYvUNjFPSrTxVuOTNz_02,WrPYvUNjFPSrTxVuOTNz.pdf,23 February 2026,2026-02-23,Alert Narrative,False,digital_text,"The highest warming has been observed in Gilgit and Bunji, while Chilas and Bunji have shown notable increases in minimum temperatures, reducing overnight refreezing.",Gilgit,,,direct,1,,,,
WrPYvUNjFPSrTxVuOTNz_03,WrPYvUNjFPSrTxVuOTNz.pdf,23 February 2026,2026-02-23,Alert Narrative,False,digital_text,"The PMD’s outlook for February–April 2026 indicates a high probability of above-normal temperatures over Northern Pakistan, including Gilgit-Baltistan and Kashmir.",,"Gilgit, Hunza, Neelum Valley, Skardu","Gilgit-Baltistan, Kashmir",implied_discounted,1,,,,
WrPYvUNjFPSrTxVuOTNz_04,WrPYvUNjFPSrTxVuOTNz.pdf,23 February 2026,2026-02-23,Alert Narrative,False,digital_text,"If this warming trend persists, the risk of glacier melt acceleration and potential GLOF occurrences may increase in vulnerable areas such as Gilgit, Ghizar, Hunza, Bunji, Chilas and Astore.","Hunza, Gilgit",,,direct,2,,,,
WrPYvUNjFPSrTxVuOTNz_05,WrPYvUNjFPSrTxVuOTNz.pdf,23 February 2026,2026-02-01 to 2026-02-22,Alert Narrative,False,digital_text,4. Average Daily Temperature Anomaly for Gilgit-Baltistan for 1 to 22 February 2026:- Station Name Average Temperature Anomaly* (°C) 1 to 22 February 2026 Maximum Minimum Astore 4.3 1.3 Bunji 4.5 2.6 Chilas 4.1 3.4 Gilgit 4.7 2.0 Gupis 3.1 1.6 Skardu 3.1 1.8,"Skardu, Gilgit",Hunza,Gilgit-Baltistan,direct,1,,,,
XvbKprVDvwl4Rz2RjSda_01,XvbKprVDvwl4Rz2RjSda.pdf,13 April 2026,2026-04-17 to 2026-04-19,Forecast,True,digital_text,"a. Landslides may occur in vulnerable areas of upper Khyber Pakhtunkhwa, Gilgit-Baltistan and Kashmir from 17th to 19th April 2026.",,"Chitral, Dir, Gilgit, Hunza, Naran, Neelum Valley, Skardu, Swat","Gilgit-Baltistan, Kashmir, Khyber Pakhtunkhwa",implied_full_confidence,2,,,,
XvbKprVDvwl4Rz2RjSda_02,XvbKprVDvwl4Rz2RjSda.pdf,13 April 2026,2026-04-16 to 2026-04-19,Forecast,True,digital_text,c. Hailstorm / windstorm may damage standing crops in Khyber-Pakhtunkhwa and upper Punjab. Farmers are advised to manage their crops according to the prevailing weather conditions.,,"Chitral, Dir, Naran, Swat",Khyber Pakhtunkhwa,implied_discounted,1,,,,
XvbKprVDvwl4Rz2RjSda_03,XvbKprVDvwl4Rz2RjSda.pdf,13 April 2026,2026-04-16 to 2026-04-19,Forecast,True,digital_text,"e. Due to heavy rains Flash flood is expected in vulnerable areas of upper Khyber Pakhtunkhwa (Dir, Swat, Kohistan, Shangla, Battagram, Chitral) Gilgit Baltistan and Kashmir (Neelum Valley).","Swat, Chitral, Dir, Neelum Valley","Gilgit, Hunza, Naran, Skardu","Gilgit-Baltistan, Kashmir, Khyber Pakhtunkhwa",direct,2,,,,
bWdlngFYdWB11aQ5Qs8d_01,bWdlngFYdWB11aQ5Qs8d.pdf,13 March 2026,2026-03-13,Forecast,True,digital_text,"b. Landslides may occur in vulnerable areas of upper Khyber Pakhtunkhwa, Gilgit-Baltistan and Kashmir during the period.",,"Chitral, Dir, Gilgit, Hunza, Naran, Neelum Valley, Skardu, Swat","Gilgit-Baltistan, Kashmir, Khyber Pakhtunkhwa",implied_full_confidence,2,,,,
cNBusituKWcK95CEPBoD_01,cNBusituKWcK95CEPBoD.pdf,24 March 2026,2026-03-24 to 2026-03-30,Forecast,True,digital_text,"a. Landslides may occur in vulnerable areas of upper Khyber Pakhtunkhwa, Gilgit-Baltistan and Kashmir during the period.",,"Chitral, Dir, Gilgit, Hunza, Naran, Neelum Valley, Skardu, Swat","Gilgit-Baltistan, Kashmir, Khyber Pakhtunkhwa",implied_full_confidence,2,,,,
cNBusituKWcK95CEPBoD_02,cNBusituKWcK95CEPBoD.pdf,24 March 2026,2026-03-25 to 2026-03-28,Forecast,True,digital_text,b. Due to heavy rains Flash flood is expected in Balochistan from 25th to 28th March in local streams and nullahs of Khyber Pakhtunkhwa from 28th to 30th March.,,"Chitral, Dir, Naran, Swat",Khyber Pakhtunkhwa,implied_full_confidence,2,,,,
cNBusituKWcK95CEPBoD_03,cNBusituKWcK95CEPBoD.pdf,24 March 2026,2026-03-24 to 2026-03-30,Forecast,True,digital_text,"d. Hailstorm/windstorm may damage standing crops in Punjab, Khyber-Pakhtunkhwa and Sindh.",,"Chitral, Dir, Naran, Swat",Khyber Pakhtunkhwa,implied_discounted,1,,,,
oU33R4Y3ZcySakvyzQuF_01,oU33R4Y3ZcySakvyzQuF.pdf,25 July 2025,2025-07-25,Forecast,True,digital_text,"(1) Heavy to very heavy rains may generate flash floods in local nullahs/streams of Murree, Galiyat, Islamabad/Rawalpindi, Hill torrents of D.G Khan, Northeast Punjab.",Murree/Galliyat,,,direct,2,,,,
oU33R4Y3ZcySakvyzQuF_02,oU33R4Y3ZcySakvyzQuF.pdf,25 July 2025,2025-07-25,Forecast,True,digital_text,(2) Rains may trigger Landslides / Rockfall in Murree and hilly areas.,Murree/Galliyat,,,direct,2,,,,
oU33R4Y3ZcySakvyzQuF_03,oU33R4Y3ZcySakvyzQuF.pdf,25 July 2025,2025-07-25,Forecast,True,digital_text,"b. KP, Balochistan, GB and State of AJ&K",,"Chitral, Dir, Gilgit, Hunza, Naran, Neelum Valley, Skardu, Swat","Gilgit-Baltistan, Kashmir, Khyber Pakhtunkhwa",implied_discounted,1,,,,
oU33R4Y3ZcySakvyzQuF_04,oU33R4Y3ZcySakvyzQuF.pdf,25 July 2025,2025-07-25,Forecast,True,digital_text,"(1) Heavy to very heavy rains may generate flash floods in local nullahs / streams of Galiyat, Mansehra, Kohistan, Abbottabad, Buner, Chitral, Dir, Swat, Shangla, Nowshera, Swabi, Hill torrents in Balochistan.","Swat, Murree/Galliyat, Chitral, Dir",Naran,Mansehra/Kaghan,direct,2,,,,
ohUxnQnqhAGjinJQiGhs_01,ohUxnQnqhAGjinJQiGhs.pdf,14 September 2025,2025-09-14,Likely Impact,False,digital_text,(3) Rains may trigger Landslides / Rockfall in Murree and hilly areas.,Murree/Galliyat,,,direct,2,,,,
ohUxnQnqhAGjinJQiGhs_02,ohUxnQnqhAGjinJQiGhs.pdf,14 September 2025,2025-09-14,Forecast,False,digital_text,"b. KP, GB and State of AJ&K",,"Chitral, Dir, Gilgit, Hunza, Naran, Neelum Valley, Skardu, Swat","Gilgit-Baltistan, Kashmir, Khyber Pakhtunkhwa",implied_discounted,1,,,,
ohUxnQnqhAGjinJQiGhs_03,ohUxnQnqhAGjinJQiGhs.pdf,14 September 2025,2025-09-14,Likely Impact,False,digital_text,"(1) Heavy to very heavy rains may generate flash floods in local nullahs / streams of Galiyat, Mansehra, Kohistan, Abbottabad, Buner, Chitral, Dir, Swat, Shangla, Nowshera, Swabi.","Swat, Murree/Galliyat, Chitral, Dir",Naran,Mansehra/Kaghan,direct,2,,,,
qUKYZra2qJPpaK8yYB4v_01,qUKYZra2qJPpaK8yYB4v.pdf,7 February 2026,2026-02-09 to 2026-02-10,Likely Impact,True,digital_text,"a. Snowfall may cause road closure/ slippery conditions in Naran, Kaghan, Dir, Swat, Kalam, Chitral, Kohistan, Mansehra, Shangla, Astore, Hunza, Skardu, Neelum valley, Muzaffarabad, Poonch, Hattian, Bagh and Haveli from 9th to 10th February 2026.","Hunza, Skardu, Naran, Swat, Chitral, Dir, Neelum Valley",,,direct,2,,,,
qUKYZra2qJPpaK8yYB4v_02,qUKYZra2qJPpaK8yYB4v.pdf,7 February 2026,2026-02-08 to 2026-02-10,Likely Impact,True,digital_text,"b. Possibility of the landslides/avalanche in hilly areas of upper Khyber Pakhtunkhwa, Gilgit-Baltistan and Kashmir during the period.",,"Chitral, Dir, Gilgit, Hunza, Naran, Neelum Valley, Skardu, Swat","Gilgit-Baltistan, Kashmir, Khyber Pakhtunkhwa",implied_full_confidence,2,,,,
s192iGRrLKbNUURRYmIy_01,s192iGRrLKbNUURRYmIy.pdf,15 January 2026,2026-01-21 to 2026-01-23,Forecast,True,digital_text,"(1) Heavy snowfall may cause road closure/ slippery conditions in Naran, Kaghan, Dir, Swat, Kalam, Chitral, Kohistan, Mansehra, Abbottabad, Shangla, Astore, Hunza, Skardu, Murree, Galliyat, Neelum valley, Bagh, Poonch, Haveli, Quetta, Ziarat, Chaman, Pishin, Qilla Abdullah, Qilla Saifullah, Noushki, Harnai and Zhob from 21st (night) to 23rd January 2026.","Hunza, Skardu, Naran, Swat, Murree/Galliyat, Chitral, Dir, Neelum Valley",,,direct,2,,,,
s192iGRrLKbNUURRYmIy_02,s192iGRrLKbNUURRYmIy.pdf,15 January 2026,2026-01-21 to 2026-01-23,Forecast,True,digital_text,"(2) Fog condition is likely to diminish in Punjab, Khyber Pakhtunkhwa and upper Sindh during the wet spell.",,"Chitral, Dir, Naran, Swat",Khyber Pakhtunkhwa,implied_discounted,1,,,,
s192iGRrLKbNUURRYmIy_03,s192iGRrLKbNUURRYmIy.pdf,15 January 2026,2026-01-21 to 2026-01-23,Forecast,True,digital_text,"(4) Possibility of the landslides/avalanche in hilly areas of upper Khyber Pakhtunkhwa, Gilgit-Baltistan and Kashmir during the period.",,"Chitral, Dir, Gilgit, Hunza, Naran, Neelum Valley, Skardu, Swat","Gilgit-Baltistan, Kashmir, Khyber Pakhtunkhwa",implied_full_confidence,2,,,,
tmWBnEzUrZg37F7vwjQR_01,tmWBnEzUrZg37F7vwjQR.pdf,2 August 2025,2025-08-02,Likely Impact,False,digital_text,"(1) Heavy to very heavy rains may generate flash floods in local nullahs/streams of Murree, Galiyat, Islamabad/Rawalpindi, Hill torrents of D.G Khan, Northeast Punjab.",Murree/Galliyat,,,direct,2,,,,
tmWBnEzUrZg37F7vwjQR_02,tmWBnEzUrZg37F7vwjQR.pdf,2 August 2025,2025-08-02,Likely Impact,False,digital_text,(2) Rains may trigger Landslides / Rockfall in Murree and hilly areas.,Murree/Galliyat,,,direct,2,,,,
tmWBnEzUrZg37F7vwjQR_03,tmWBnEzUrZg37F7vwjQR.pdf,2 August 2025,2025-08-02,Forecast,False,digital_text,"b. KP, Balochistan, GB and State of AJ&K",,"Chitral, Dir, Gilgit, Hunza, Naran, Neelum Valley, Skardu, Swat","Gilgit-Baltistan, Kashmir, Khyber Pakhtunkhwa",implied_discounted,1,,,,
tmWBnEzUrZg37F7vwjQR_04,tmWBnEzUrZg37F7vwjQR.pdf,2 August 2025,2025-08-02,Likely Impact,False,digital_text,"(1) Heavy to very heavy rains may generate flash floods in local nullahs / streams of Galiyat, Mansehra, Kohistan, Abbottabad, Buner, Chitral, Dir, Swat, Shangla, Nowshera, Swabi, Hill torrents in Balochistan.","Swat, Murree/Galliyat, Chitral, Dir",Naran,Mansehra/Kaghan,direct,2,,,,
xUYOznS1JSctHNE1OTqk_01,xUYOznS1JSctHNE1OTqk.pdf,17 Dec 2025,2025-12-19 to 2025-12-22,Forecast,True,digital_text,"Dated: 17 Dec 2025 Subject: Rain-thunderstorm with snowfall over the hills predicted in western and upper parts of the country from 19th to 22nd December, 2025 A western disturbance will enter Balochistan on 19th December and likely to grip upper parts on 20th December. Under the influence of this weather system: - Rain-wind/thunderstorm is expected in Islamabad / Rawalpindi, Potohar region, Nankana, Bhakkar, Noorpurthal and Layyah on 20th (evening) to 21st December. Rain-wind/thunderstorm with snowfalls is likely in Murree and Galliyat from 20th (night) to 21st December. Sindh: Partly cloudy to cloudy weather is expected in most parts of the province on 19th /20th December.",Murree/Galliyat,,,direct,0,,,,
yna9bt86RvXhKcotRdaW_01,yna9bt86RvXhKcotRdaW.pdf,16 August 2025,2025-08-16,Likely Impact,False,digital_text,"(1) Heavy to very heavy rains may generate flash floods in local nullahs/streams of Murree, Galiyat, Islamabad/Rawalpindi, Hill torrents of D.G Khan, Northeast Punjab.",Murree/Galliyat,,,direct,2,,,,
yna9bt86RvXhKcotRdaW_02,yna9bt86RvXhKcotRdaW.pdf,16 August 2025,2025-08-16,Likely Impact,False,digital_text,(2) Rains may trigger Landslides / Rockfall in Murree and hilly areas.,Murree/Galliyat,,,direct,2,,,,
yna9bt86RvXhKcotRdaW_03,yna9bt86RvXhKcotRdaW.pdf,16 August 2025,2025-08-16,Forecast,False,digital_text,"b. KP, Balochistan, GB and State of AJ&K",,"Chitral, Dir, Gilgit, Hunza, Naran, Neelum Valley, Skardu, Swat","Gilgit-Baltistan, Kashmir, Khyber Pakhtunkhwa",implied_discounted,1,,,,
yna9bt86RvXhKcotRdaW_04,yna9bt86RvXhKcotRdaW.pdf,16 August 2025,2025-08-16,Likely Impact,False,digital_text,"(1) Heavy to very heavy rains may generate flash floods in local nullahs / streams of Galiyat, Mansehra, Kohistan, Abbottabad, Buner, Chitral, Dir, Swat, Shangla, Nowshera, Swabi, Hill torrents in Balochistan.","Swat, Murree/Galliyat, Chitral, Dir",Naran,Mansehra/Kaghan,direct,2,,,,
yuO3WJ65UwwMuf67U2Au_01,yuO3WJ65UwwMuf67U2Au.pdf,18 July 2025,2025-07-18,Forecast,True,digital_text,"(1) Heavy to very heavy rains may generate flash floods in local nullahs/streams of Murree, Galiyat, Islamabad/Rawalpindi, Hill torrents of D.G Khan, Northeast Punjab.",Murree/Galliyat,,,direct,2,,,,
yuO3WJ65UwwMuf67U2Au_02,yuO3WJ65UwwMuf67U2Au.pdf,18 July 2025,2025-07-18,Forecast,True,digital_text,(2) Rains may trigger Landslides / Rockfall in Murree and hilly areas.,Murree/Galliyat,,,direct,2,,,,
yuO3WJ65UwwMuf67U2Au_03,yuO3WJ65UwwMuf67U2Au.pdf,18 July 2025,2025-07-18,Forecast,True,digital_text,"b. KP, Balochistan, GB and State of AJ&K",,"Chitral, Dir, Gilgit, Hunza, Naran, Neelum Valley, Skardu, Swat","Gilgit-Baltistan, Kashmir, Khyber Pakhtunkhwa",implied_discounted,1,,,,
yuO3WJ65UwwMuf67U2Au_04,yuO3WJ65UwwMuf67U2Au.pdf,18 July 2025,2025-07-18,Forecast,True,digital_text,"(1) Heavy to very heavy rains may generate flash floods in local nullahs / streams of Galiyat, Mansehra, Kohistan, Abbottabad, Buner, Chitral, Dir, Swat, Shangla, Nowshera, Swabi, Hill torrents in Balochistan.","Swat, Murree/Galliyat, Chitral, Dir",Naran,Mansehra/Kaghan,direct,2,,,,
0HfA7btbAAKzmBoEETpF_01,0HfA7btbAAKzmBoEETpF.pdf,2 June 2025,2025-06-02,Forecast,True,digital_text,(1) Rains may trigger Landslides / Rockfall in Murree and hilly areas.,Murree/Galliyat,,,direct,2,,,,
0HfA7btbAAKzmBoEETpF_02,0HfA7btbAAKzmBoEETpF.pdf,2 June 2025,2025-06-02,Forecast,True,digital_text,"b. KP, GB and State of AJ&K",,"Chitral, Dir, Gilgit, Hunza, Naran, Neelum Valley, Skardu, Swat","Gilgit-Baltistan, Kashmir, Khyber Pakhtunkhwa",implied_discounted,1,,,,
26WITdzmOqoXs5OX24HH_01,26WITdzmOqoXs5OX24HH.pdf,26 January 2024,2024-01-27 to 2024-01-31,Forecast,False,digital_text,"Dated: 26 January 2024 Subject: Rain (With Snowfall Over Mountains) in from 27th to 31st January 2024 Reference: A. Winter Guidelines vide NDMA letter No. F.2 (E)/2022-NDMA (MW/ Winters Gen-1) dated 1 November 2022. B. Winter Tourist Guidelines vide NDMA letter No. F.2 (E)/2022-NDMA (MW/WinterTourist-Guidelines-2022) dated 14 November 2022. NDMA Tech Team and Pakistan Meteorological Department (PMD Press Release at Annex-A) have forecasted that Light to Moderate Rain-wind / Thunderstorms (with snowfall over hills) is expected in Northern Balochistan, Khyber Pakhtunkhwa, AJ&K and Gilgit Baltistan and Islamabad whereas Dense Foggy Conditions in part of Sindh. Khyber Pakhtunkhwa",,"Chitral, Dir, Gilgit, Hunza, Naran, Neelum Valley, Skardu, Swat","Gilgit-Baltistan, Kashmir, Khyber Pakhtunkhwa",implied_discounted,1,,,,
26WITdzmOqoXs5OX24HH_02,26WITdzmOqoXs5OX24HH.pdf,26 January 2024,2024-01-27 to 2024-01-31,Forecast,False,digital_text,• Kohat Potohar Region & IC Gilgit Baltistan,,"Gilgit, Hunza, Skardu",Gilgit-Baltistan,implied_discounted,1,,,,
26WITdzmOqoXs5OX24HH_03,26WITdzmOqoXs5OX24HH.pdf,26 January 2024,2024-01-27 to 2024-01-31,Forecast,False,digital_text,"a. Balochistan, KP, GB, Murree, Galliyat",Murree/Galliyat,"Chitral, Dir, Gilgit, Hunza, Naran, Skardu, Swat","Gilgit-Baltistan, Khyber Pakhtunkhwa",direct,1,,,,
26WITdzmOqoXs5OX24HH_04,26WITdzmOqoXs5OX24HH.pdf,26 January 2024,2024-01-27 to 2024-01-31,Forecast,False,digital_text,"(1) Snowfall may disrupt roads in Murree, Galliyat, Naran, Kaghan, Dir, Swat, Kohistan, Mansehra, Abbottabad, Shangla, Astore, Hunza, Skardu, Neelum valley, Bagh, Poonch and Haveli during the forecast period.","Hunza, Skardu, Naran, Swat, Murree/Galliyat, Dir, Neelum Valley",,,direct,2,,,,
2de2Dsk7IRx9w6nONprp_01,2de2Dsk7IRx9w6nONprp.pdf,15 April 2025,2025-04-16 to 2025-04-20,Likely Impact,False,digital_text,"i. Rains may trigger Landslides in Murree and hilly areas. ii. Rainfall with chances of heavy falls may generate flash / urban flooding in municipalities / local nullahs / streams and river tributaries. iii. Windstorms may damage crops, loose structures, etc. iv. Thunderstorms to increase risk of lightning strikes.",Murree/Galliyat,,,direct,2,,,,
2de2Dsk7IRx9w6nONprp_02,2de2Dsk7IRx9w6nONprp.pdf,15 April 2025,2025-04-16 to 2025-04-20,Forecast,False,digital_text,"b. Balochistan, KP, Galiyat, GB and State of AJ&K",Murree/Galliyat,"Chitral, Dir, Gilgit, Hunza, Naran, Neelum Valley, Skardu, Swat","Gilgit-Baltistan, Kashmir, Khyber Pakhtunkhwa",direct,1,,,,
2de2Dsk7IRx9w6nONprp_03,2de2Dsk7IRx9w6nONprp.pdf,15 April 2025,2025-04-16 to 2025-04-20,Likely Impact,False,digital_text,"i. Heavy Downpour may cause urban flooding in low lying areas. ii. Heavy rains may trigger Landslides in Galiyat, Mansehra, Kohistan, Chitral, Dir, Swat, Shangla, Buner, Sherani, Zhob, Kashmir and Gilgit-Baltistan. iii. Electricity / other utility services may get disrupted. iv. Heavy Rainfall may generate flash flooding in local nullahs / streams and river tributaries.","Swat, Murree/Galliyat, Chitral, Dir","Gilgit, Hunza, Naran, Neelum Valley, Skardu","Gilgit-Baltistan, Kashmir, Mansehra/Kaghan",direct,2,,,,
33N8NyR2NX0SDvzwgRUN_01,33N8NyR2NX0SDvzwgRUN.pdf,27 Sep 2023,2023-09-28 to 2023-09-30,Forecast,True,digital_text,"Dated: 27 Sep 2023 Time: 1600 hours Subject: Rain-Wind/Thundershowers Predicted From 28th to 30th September 2023 A westerly wave is likely to enter upper parts on 28th September, 2023. Under the influence of this weather system (PMD Press Release at Annex-A), the expected precipitation is highlighted in maps below: - KP",,"Chitral, Dir, Naran, Swat",Khyber Pakhtunkhwa,implied_discounted,1,,,,
33N8NyR2NX0SDvzwgRUN_02,33N8NyR2NX0SDvzwgRUN.pdf,27 Sep 2023,2023-09-28 to 2023-09-30,Forecast,True,digital_text,• Abbottabad AJ&K And ICT,,Neelum Valley,Kashmir,implied_discounted,1,,,,
33N8NyR2NX0SDvzwgRUN_03,33N8NyR2NX0SDvzwgRUN.pdf,27 Sep 2023,2023-09-28 to 2023-09-30,Forecast,True,digital_text,"a. Punjab, KP, AJ&K, GB, Balochistan and ICT",,"Chitral, Dir, Gilgit, Hunza, Naran, Neelum Valley, Skardu, Swat","Gilgit-Baltistan, Kashmir, Khyber Pakhtunkhwa",implied_discounted,1,,,,
33N8NyR2NX0SDvzwgRUN_04,33N8NyR2NX0SDvzwgRUN.pdf,27 Sep 2023,2023-09-28 to 2023-09-30,Forecast,True,digital_text,"b. KP, AJ&K and GB. Landslide/ mudslide and possible road blockage may be caused by isolated heavy rains.",,"Chitral, Dir, Gilgit, Hunza, Naran, Neelum Valley, Skardu, Swat","Gilgit-Baltistan, Kashmir, Khyber Pakhtunkhwa",implied_full_confidence,2,,,,
3BYxHJjmh3YgZzWddOyl_01,3BYxHJjmh3YgZzWddOyl.pdf,26 May 2025,2025-05-26,Forecast,True,digital_text,(1) Rains may trigger Landslides in Murree and hilly areas.,Murree/Galliyat,,,direct,2,,,,
3BYxHJjmh3YgZzWddOyl_02,3BYxHJjmh3YgZzWddOyl.pdf,26 May 2025,2025-05-26,Forecast,True,digital_text,"b. Balochistan, KP, GB and State of AJ&K",,"Chitral, Dir, Gilgit, Hunza, Naran, Neelum Valley, Skardu, Swat","Gilgit-Baltistan, Kashmir, Khyber Pakhtunkhwa",implied_discounted,1,,,,
3BYxHJjmh3YgZzWddOyl_03,3BYxHJjmh3YgZzWddOyl.pdf,26 May 2025,2025-05-26,Forecast,True,digital_text,"(2) Heavy rains may trigger Landslides in Galiyat, Mansehra, Kohistan, Chitral, Dir, Swat, Shangla, Buner, Sherani, Zhob, Kashmir and Gilgit-Baltistan.","Swat, Murree/Galliyat, Chitral, Dir","Gilgit, Hunza, Naran, Neelum Valley, Skardu","Gilgit-Baltistan, Kashmir, Mansehra/Kaghan",direct,2,,,,
3iyC2tAw2TEctS2IMPJw_01,3iyC2tAw2TEctS2IMPJw.pdf,19 July 2022,2022-07-22 to 2022-07-26,Likely Impact,False,digital_text,"• More rain-wind / thundershowers with few heavy falls expected in Barkhan, Bolan, Jaffarabad, Kalat, Khuzdar, Kohlu, Lasbela, Naseerabad, Sibbi, Zhob and Ziarat from 22-26 July (Friday-Tuesday). Khyber Pakhtunkhwa",,"Chitral, Dir, Naran, Swat",Khyber Pakhtunkhwa,implied_discounted,1,,,,
3iyC2tAw2TEctS2IMPJw_02,3iyC2tAw2TEctS2IMPJw.pdf,19 July 2022,2022-07-20 to 2022-07-26,Likely Impact,False,digital_text,"• More rain-wind / thundershowers with scattered heavy falls expected in Abbottabad, Haripur, Kohat, Kohistan, Kurram, Mansehra, Mardan, Peshawar, Swabi and Swat with occasional gaps from 20-26 July (Wednesday-Tuesday). Punjab",Swat,Naran,Mansehra/Kaghan,direct,1,,,,
3iyC2tAw2TEctS2IMPJw_03,3iyC2tAw2TEctS2IMPJw.pdf,19 July 2022,2022-07-20 to 2022-07-26,Likely Impact,False,digital_text,"• More rain-wind / thundershowers with scattered heavy falls expected in Attock, Chakwal, Faisalabad, Gujranwala, Gujrat, Hafizabad, Jhang, Jhelum, Khushab, Lahore, Mandi Bahauddin, Mianwali, Murree, Narowal, Rawalpindi, Sargodha, Sheikhupura and Sialkot with occasional gaps from 20-26 July (Wednesday-Tuesday). Sindh",Murree/Galliyat,,,direct,1,,,,
3iyC2tAw2TEctS2IMPJw_04,3iyC2tAw2TEctS2IMPJw.pdf,19 July 2022,2022-07-24 to 2022-07-26,Likely Impact,False,digital_text,• More rain-wind / thundershowers with few heavy falls expected in ALL DISTRICTS OF SINDH from 24-26 July (Sunday-Tuesday). Gilgit Baltistan,,"Gilgit, Hunza, Skardu",Gilgit-Baltistan,implied_discounted,1,,,,
3iyC2tAw2TEctS2IMPJw_05,3iyC2tAw2TEctS2IMPJw.pdf,19 July 2022,2022-07-20 to 2022-07-26,Likely Impact,False,digital_text,• More rain-wind / thundershowers with scattered heavy falls expected in Gilgit Baltistan with occasional gaps from 20-26 July (Wednesday-Tuesday). Azad Jammu & Kashmir,,"Gilgit, Hunza, Neelum Valley, Skardu","Gilgit-Baltistan, Kashmir",implied_discounted,1,,,,
3iyC2tAw2TEctS2IMPJw_06,3iyC2tAw2TEctS2IMPJw.pdf,19 July 2022,2022-07-20 to 2022-07-26,Likely Impact,False,digital_text,• More rain-wind / thundershowers with scattered heavy falls expected in AJ&K with occasional gaps from 20-26 July (Wednesday-Tuesday). Possible Impacts,,Neelum Valley,Kashmir,implied_discounted,1,,,,
3iyC2tAw2TEctS2IMPJw_07,3iyC2tAw2TEctS2IMPJw.pdf,19 July 2022,2022-07-20 to 2022-07-23,Likely Impact,False,digital_text,"• Flash flooding is expected in Local Nullahs of Islamabad, Rawalpindi, Abbottabad, Mansehra, Dir and AJ&K from 20-23 July (Wednesday-Saturday).",Dir,"Naran, Neelum Valley","Kashmir, Mansehra/Kaghan",direct,2,,,,
3iyC2tAw2TEctS2IMPJw_08,3iyC2tAw2TEctS2IMPJw.pdf,19 July 2022,2022-07-20 to 2022-07-26,Likely Impact,False,digital_text,"• Rainfall may trigger landslides in AJ&K, Galiyat, Murree, Chilas, Diamer, Gilgit, Hunza, Astore and Skardu during the forecasted period.","Hunza, Skardu, Gilgit, Murree/Galliyat",Neelum Valley,Kashmir,direct,2,,,,
40wL9mMdFNVuXLpKsQYm_01,40wL9mMdFNVuXLpKsQYm.pdf,1 Aug 2023,2023-08-04 to 2023-08-07,Forecast,False,digital_text,"(1) Khyber Pakhtunkhwa. Galliyat, Chitral, Dir, Swat, Shangla, Buner, Mansehra, Kohistan, Abbottabad, Haripur, Peshawar, Mardan, Swabi and Nowshera.","Swat, Murree/Galliyat, Chitral, Dir",Naran,"Khyber Pakhtunkhwa, Mansehra/Kaghan",direct,1,,,,
40wL9mMdFNVuXLpKsQYm_02,40wL9mMdFNVuXLpKsQYm.pdf,1 Aug 2023,2023-08-04 to 2023-08-07,Forecast,False,digital_text,"(2) Punjab. Murree, Rawalpindi, Attock, Chakwal, Jhelum, Mandi Bahauddin, Hafizabad, Gujranwala, Gujrat, Sialkot, Narowal, Lahore and Sheikhupura.",Murree/Galliyat,,,direct,1,,,,
40wL9mMdFNVuXLpKsQYm_03,40wL9mMdFNVuXLpKsQYm.pdf,1 Aug 2023,2023-08-04 to 2023-08-07,Forecast,False,digital_text,"(3) Gilgit Baltistan. Diamer, Astore, Ghizer, Skardu, Hunza, Gilgit, Ghanche and Shigar.","Hunza, Skardu, Gilgit",,,direct,1,,,,
40wL9mMdFNVuXLpKsQYm_04,40wL9mMdFNVuXLpKsQYm.pdf,1 Aug 2023,2023-08-04 to 2023-08-07,Forecast,False,digital_text,"(4) State of AJ&K. Neelum valley, Muzaffarabad, Poonch, Hattian, Bagh, Haveli, Sudhnoti, Kotli, Bhimber and Mirpur.",Neelum Valley,,,direct,1,,,,
40wL9mMdFNVuXLpKsQYm_05,40wL9mMdFNVuXLpKsQYm.pdf,1 Aug 2023,2023-08-04 to 2023-08-07,Forecast,False,digital_text,"(1) Khyber Pakhtunkhwa. Kurram, Lakki Marwat, Kohat, Dera Ismail Khan, Bannu, Karak and Waziristan.",,"Chitral, Dir, Naran, Swat",Khyber Pakhtunkhwa,implied_discounted,1,,,,
40wL9mMdFNVuXLpKsQYm_06,40wL9mMdFNVuXLpKsQYm.pdf,1 Aug 2023,2023-08-04 to 2023-08-07,Forecast,False,digital_text,"a. Heavy rains may increase flows in local nullahs / streams of AJ&K, Gilgit-Baltistan, Khyber Pakhtunkhwa (Chitral, Dir, Swat, Kohistan, Shangla, Buner, Mansehra, Abbottabad), Punjab (Rawalpindi) and Islamabad Capital Territory from 4 - 7 August 2023.","Swat, Chitral, Dir","Gilgit, Hunza, Naran, Neelum Valley, Skardu","Gilgit-Baltistan, Kashmir, Khyber Pakhtunkhwa, Mansehra/Kaghan",direct,1,,,,
40wL9mMdFNVuXLpKsQYm_07,40wL9mMdFNVuXLpKsQYm.pdf,1 Aug 2023,2023-08-04 to 2023-08-07,Likely Impact,False,digital_text,"c. Heavy rains may trigger landslides in the vulnerable areas of Murree, Galliyat, AJ&K, Gilgit Baltistan and hilly / mountainous areas of Khyber Pakhtunkhwa.",Murree/Galliyat,"Chitral, Dir, Gilgit, Hunza, Naran, Neelum Valley, Skardu, Swat","Gilgit-Baltistan, Kashmir, Khyber Pakhtunkhwa",direct,2,,,,
4C6svPty9WkAHbILeO2P_01,4C6svPty9WkAHbILeO2P.pdf,"6th December, 2024",2024-12-08 to 2024-12-14,Forecast,True,digital_text,"Dated: 6th December, 2024 Subject: Cold Wave/ Frost Conditions Likely in the Country during the Week, Rain Wind / Thunderstorm (Snowfall over hills) also Predicted in Upper Parts A Westerly wave is anticipated to impact the upper regions of the country starting from 7th December, 2024. This weather system is expected to pave the way for a widespread cold wave that may affect most parts of the country from 8th to 14th December, 2024. Under the influence of cold wave conditions, a significant drop in day and night temperatures are predicted. Day temperatures are likely to drop (04-06) °C below normal in Punjab, Khyber Pakhtunkhwa, Gilgit-Baltistan and Kashmir. While (05-07) °C below normal in Balochistan and Sindh. Cold with gusty winds are likely in Sindh, Balochistan and parts of Punjab. Frost is also likely to develop over plains. Under the said weather system following are the likely impacted areas: - s",,"Chitral, Dir, Gilgit, Hunza, Naran, Neelum Valley, Skardu, Swat","Gilgit-Baltistan, Kashmir, Khyber Pakhtunkhwa",implied_discounted,1,,,,
4C6svPty9WkAHbILeO2P_02,4C6svPty9WkAHbILeO2P.pdf,"6th December, 2024",2024-12-08 to 2024-12-14,Forecast,True,digital_text,(1) Rains may trigger Landslides in Murree and hilly areas.,Murree/Galliyat,,,direct,2,,,,
4C6svPty9WkAHbILeO2P_03,4C6svPty9WkAHbILeO2P.pdf,"6th December, 2024",2024-12-08 to 2024-12-14,Forecast,True,digital_text,"b. KP, Galiyat, GB and State of AJ&K",Murree/Galliyat,"Chitral, Dir, Gilgit, Hunza, Naran, Neelum Valley, Skardu, Swat","Gilgit-Baltistan, Kashmir, Khyber Pakhtunkhwa",direct,1,,,,
4C6svPty9WkAHbILeO2P_04,4C6svPty9WkAHbILeO2P.pdf,"6th December, 2024",2024-12-08 to 2024-12-14,Forecast,True,digital_text,"(2) Heavy rains may trigger Landslides in Galiyat, Mansehra, Kohistan, Chitral, Dir, Swat, Shangla, Buner, Kashmir and Gilgit-Baltistan.","Swat, Murree/Galliyat, Chitral, Dir","Gilgit, Hunza, Naran, Neelum Valley, Skardu","Gilgit-Baltistan, Kashmir, Mansehra/Kaghan",direct,2,,,,
4hDmvqfg2lYNL3jRAdFK_01,4hDmvqfg2lYNL3jRAdFK.pdf,9 August 2024,2024-08-09 to 2024-08-12,Forecast,True,digital_text,"Dated: 9 August 2024 Subject: Heavy Rainfall-Wind / Thundershowers with Occasional Gaps from 9 to 12 Aug 2024 Reference: NDMA’s Special Weather Advisory for Upper Catchment Areas of Rivers Chenab, Ravi & Sutlej and Gujranwala & Lahore Division on 9 - 12 August 2024 dated 8 August 2024 Strong monsoon currents are likely to penetrate from Arabian Sea and Bay of Bengal in upper / central parts from 9 August 2024 and likely to remain till 12 August 2024. Under the influence of this weather system, scattered thunderstorms of Moderate to Heavy Intensity with isolated Very Heavy Falls are also expected in Islamabad and rest of Punjab, Khyber Pakhtunkhwa along with Zhob, Sibi, Nasirabad and Kalat Divisions from 9 - 12 August 2024. Following are the precipitation maps for said weather system: - s",,"Chitral, Dir, Naran, Swat",Khyber Pakhtunkhwa,implied_discounted,1,,,,
4hDmvqfg2lYNL3jRAdFK_02,4hDmvqfg2lYNL3jRAdFK.pdf,9 August 2024,2024-08-09 to 2024-08-12,Forecast,True,digital_text,"b. KP, Galiyat, Murree, GB and State of AJ&K",Murree/Galliyat,"Chitral, Dir, Gilgit, Hunza, Naran, Neelum Valley, Skardu, Swat","Gilgit-Baltistan, Kashmir, Khyber Pakhtunkhwa",direct,1,,,,
4hDmvqfg2lYNL3jRAdFK_03,4hDmvqfg2lYNL3jRAdFK.pdf,9 August 2024,2024-08-09 to 2024-08-12,Forecast,True,digital_text,"(1) Rainfall may trigger landslides, mudslides or falling boulders potentially disrupting roads during this period in Upper Khyber Pakhtunkhwa, Galiyat, Murree, Gilgit Baltistan and State of AJ&K.",Murree/Galliyat,"Chitral, Dir, Gilgit, Hunza, Naran, Neelum Valley, Skardu, Swat","Gilgit-Baltistan, Kashmir, Khyber Pakhtunkhwa",direct,2,,,,
4oYB9Eotq7ZaSY0tFPqh_01,4oYB9Eotq7ZaSY0tFPqh.pdf,8 July 2024,2024-07-10 to 2024-07-16,Forecast,True,digital_text,"a. KP, GB, Galiyat, Murree and State of AJ&K",Murree/Galliyat,"Chitral, Dir, Gilgit, Hunza, Naran, Neelum Valley, Skardu, Swat","Gilgit-Baltistan, Kashmir, Khyber Pakhtunkhwa",direct,1,,,,
4oYB9Eotq7ZaSY0tFPqh_02,4oYB9Eotq7ZaSY0tFPqh.pdf,8 July 2024,2024-07-10 to 2024-07-16,Forecast,True,digital_text,"(1) Rainfall may trigger landslides, mudslides or falling boulders potentially disrupting roads during this period in Upper Khyber Pakhtunkhwa, Galiyat, Murree, Gilgit Baltistan and State of AJ&K.",Murree/Galliyat,"Chitral, Dir, Gilgit, Hunza, Naran, Neelum Valley, Skardu, Swat","Gilgit-Baltistan, Kashmir, Khyber Pakhtunkhwa",direct,2,,,,
4tcSA05SOzO6q8oYSArk_01,4tcSA05SOzO6q8oYSArk.pdf,8 April 2024,2024-04-10 to 2024-04-15,Forecast,True,digital_text,"Dated: 8 April 2024 Subject: Rain with Wind / Thunderstorms from 10-15 April with Occasional Gaps Pakistan Meteorological Department (PMD) (Press Release at Annex-A) have forecasted that a westerly wave is entering from 10th April and likely to grip most parts of the country until 15th April. Under the influence, Rain / Windstorms / Thunderstorms along with Isolated Heavy Falls and Hailstorms with Occasional Gaps is expected in following areas of the country: - Rain-Wind / with Snow over High Mountains from 10th to 15th April 2024 AJ&K",,Neelum Valley,Kashmir,implied_discounted,1,,,,
4tcSA05SOzO6q8oYSArk_02,4tcSA05SOzO6q8oYSArk.pdf,8 April 2024,2024-04-12 to 2024-04-15,Forecast,True,digital_text,• Shigar Isolated Heavy fall with Hailstorm from 12th to 15th April 2024 Khyber Pakhtunkhwa,,"Chitral, Dir, Naran, Swat",Khyber Pakhtunkhwa,implied_discounted,1,,,,
4tcSA05SOzO6q8oYSArk_03,4tcSA05SOzO6q8oYSArk.pdf,8 April 2024,2024-04-10 to 2024-04-15,Forecast,True,digital_text,• Tank Khyber Pakhtunkhwa,,"Chitral, Dir, Naran, Swat",Khyber Pakhtunkhwa,implied_discounted,1,,,,
4tcSA05SOzO6q8oYSArk_04,4tcSA05SOzO6q8oYSArk.pdf,8 April 2024,2024-04-10 to 2024-04-15,Forecast,True,digital_text,"a. KP, GB, Galiyat, Murree and State of AJ&K",Murree/Galliyat,"Chitral, Dir, Gilgit, Hunza, Naran, Neelum Valley, Skardu, Swat","Gilgit-Baltistan, Kashmir, Khyber Pakhtunkhwa",direct,1,,,,
4tcSA05SOzO6q8oYSArk_05,4tcSA05SOzO6q8oYSArk.pdf,8 April 2024,2024-04-10 to 2024-04-15,Forecast,True,digital_text,"(5) Landslides, mudslides, may lead to potential road blockages in Upper Khyber Pakhtunkhwa, Galiyat, Murree, Gilgit Baltistan and State of AJ&K.",Murree/Galliyat,"Chitral, Dir, Gilgit, Hunza, Naran, Neelum Valley, Skardu, Swat","Gilgit-Baltistan, Kashmir, Khyber Pakhtunkhwa",direct,2,,,,
4y1x20K2hqW63mcdYESL_01,4y1x20K2hqW63mcdYESL.pdf,17 July 2024,2024-07-17,Alert Narrative,False,digital_text,"Dated: 17 July 2024 Subject: GLOF ADVISORY – GB & KP In light of higher temperatures and prevailing weather conditions, including rain / wind-thunderstorms up to 21 July 2024, which may significantly increase the flow in streams and rivers, raising the possibility of GLOF Events, flash floods, landslides / mudslides, in vulnerable areas of GB and KP (GLOF Risk Projection Map enclosed as “Annex-A”).",,"Chitral, Dir, Gilgit, Hunza, Naran, Skardu, Swat","Gilgit-Baltistan, Khyber Pakhtunkhwa",implied_full_confidence,2,,,,
4y1x20K2hqW63mcdYESL_02,4y1x20K2hqW63mcdYESL.pdf,17 July 2024,2024-07-17,Alert Narrative,False,digital_text,A map outlining the most vulnerable GLOF sites in GB and KP is as below: -,,"Chitral, Dir, Gilgit, Hunza, Naran, Skardu, Swat","Gilgit-Baltistan, Khyber Pakhtunkhwa",implied_full_confidence,2,,,,
4zaJEoGNf1i5ELNiQ0Qm_01,4zaJEoGNf1i5ELNiQ0Qm.pdf,06 May 2022,2022-05-09 to 2022-05-12,Annex - Forecast,True,manual_transcription,"Day temperatures are likely to remain 07-09°C above normal in upper Punjab, Islamabad, Rawalpindi, Khyber Pakhtunkhwa, Gilgit-Baltistan and Kashmir from 09th to 12th May 2022.",,"Hunza, Skardu, Gilgit, Naran, Swat, Chitral, Dir, Neelum Valley","Gilgit-Baltistan, Kashmir, Khyber Pakhtunkhwa",implied_discounted,1,,,,
4zaJEoGNf1i5ELNiQ0Qm_02,4zaJEoGNf1i5ELNiQ0Qm.pdf,06 May 2022,2022-05-09 to 2022-05-15,Annex - Likely Impact,True,manual_transcription,"In Gilgit-Baltistan and Khyber Pakhtunkhwa, the water flows will increase in rivers and nullahs due to high rate of snow and ice melting.",,"Hunza, Skardu, Gilgit, Naran, Swat, Chitral, Dir","Gilgit-Baltistan, Khyber Pakhtunkhwa",implied_discounted,1,,,,
51oRuEhFkdpqI3yETHMO_01,51oRuEhFkdpqI3yETHMO.pdf,17 July 2023,2023-07-18 to 2023-07-23,Forecast,False,digital_text,"(1) Khyber Pakhtunkhwa. Galiyat, Chitral, Dir, Swat, Shangla, Buner, Mansehra, Kohistan, Abbottabad, Haripur, Peshawar, Mardan, Swabi, Nowshera, Kurram, Lakki Marwat, Kohat, DI Khan, Bannu, Karak and Waziristan.","Swat, Murree/Galliyat, Chitral, Dir",Naran,"Khyber Pakhtunkhwa, Mansehra/Kaghan",direct,1,,,,
51oRuEhFkdpqI3yETHMO_02,51oRuEhFkdpqI3yETHMO.pdf,17 July 2023,2023-07-18 to 2023-07-23,Forecast,False,digital_text,"(2) Punjab. Murree, Rawalpindi, Attock, Chakwal, Jhelum, Mandi Bahauddin, Sialkot, Narowal, Lahore, Gujranwala, Gujrat, Kasur, Mianwali, Sargodha, Faisalabad, TT Singh, Jhang, Sahiwal, Bahawalnagar and Okara.",Murree/Galliyat,,,direct,1,,,,
51oRuEhFkdpqI3yETHMO_03,51oRuEhFkdpqI3yETHMO.pdf,17 July 2023,2023-07-18 to 2023-07-23,Forecast,False,digital_text,"(3) Gilgit Baltistan. Diamer, Astore, Ghizer, Skardu, Hunza, Gilgit, Ghanche and Shigar.","Hunza, Skardu, Gilgit",,,direct,1,,,,
51oRuEhFkdpqI3yETHMO_04,51oRuEhFkdpqI3yETHMO.pdf,17 July 2023,2023-07-18 to 2023-07-23,Forecast,False,digital_text,"(4) State of AJ&K. Neelum, Muzaffarabad, Poonch, Hattian, Bagh, Haveli Sudhnoti, Kotli, Bhimber and Mirpur.",Neelum Valley,,,direct,1,,,,
51oRuEhFkdpqI3yETHMO_05,51oRuEhFkdpqI3yETHMO.pdf,17 July 2023,2023-07-18 to 2023-07-23,Likely Impact,False,digital_text,"b. Heavy rainfall may trigger flash floods and landslides in vulnerable areas of Murree, Galliyat, Khyber Pakhtunkhwa, Gilgit Baltistan and State of AJ&K during the forecasted period.",Murree/Galliyat,"Chitral, Dir, Gilgit, Hunza, Naran, Neelum Valley, Skardu, Swat","Gilgit-Baltistan, Kashmir, Khyber Pakhtunkhwa",direct,2,,,,
6GdDkVLFJgdtrIuv0oYN_01,6GdDkVLFJgdtrIuv0oYN.pdf,15 April 2024,2024-04-15,Forecast,True,digital_text,• Bolan Khyber Pakhtunkhwa,,"Chitral, Dir, Naran, Swat",Khyber Pakhtunkhwa,implied_discounted,1,,,,
6GdDkVLFJgdtrIuv0oYN_02,6GdDkVLFJgdtrIuv0oYN.pdf,15 April 2024,2024-04-15,Forecast,True,digital_text,"a. KP, GB, Galiyat, Murree and State of AJ&K",Murree/Galliyat,"Chitral, Dir, Gilgit, Hunza, Naran, Neelum Valley, Skardu, Swat","Gilgit-Baltistan, Kashmir, Khyber Pakhtunkhwa",direct,1,,,,
6GdDkVLFJgdtrIuv0oYN_03,6GdDkVLFJgdtrIuv0oYN.pdf,15 April 2024,2024-04-15,Forecast,True,digital_text,"(5) Landslides, mudslides, may lead to potential road blockages in Upper Khyber Pakhtunkhwa, Galiyat, Murree, Gilgit Baltistan and State of AJ&K.",Murree/Galliyat,"Chitral, Dir, Gilgit, Hunza, Naran, Neelum Valley, Skardu, Swat","Gilgit-Baltistan, Kashmir, Khyber Pakhtunkhwa",direct,2,,,,
6ZeUb0oXcmYorEUXIuie_01,6ZeUb0oXcmYorEUXIuie.pdf,7 May 2025,2025-05-07,Forecast,True,digital_text,(1) Rains may trigger Landslides in Murree and hilly areas.,Murree/Galliyat,,,direct,2,,,,
6ZeUb0oXcmYorEUXIuie_02,6ZeUb0oXcmYorEUXIuie.pdf,7 May 2025,2025-05-07,Forecast,True,digital_text,"b. Balochistan, KP, Galiyat, GB and State of AJ&K",Murree/Galliyat,"Chitral, Dir, Gilgit, Hunza, Naran, Neelum Valley, Skardu, Swat","Gilgit-Baltistan, Kashmir, Khyber Pakhtunkhwa",direct,1,,,,
6ZeUb0oXcmYorEUXIuie_03,6ZeUb0oXcmYorEUXIuie.pdf,7 May 2025,2025-05-07,Forecast,True,digital_text,"(2) Heavy rains may trigger Landslides in Galiyat, Mansehra, Kohistan, Chitral, Dir, Swat, Shangla, Buner, Sherani, Zhob, Kashmir and Gilgit-Baltistan.","Swat, Murree/Galliyat, Chitral, Dir","Gilgit, Hunza, Naran, Neelum Valley, Skardu","Gilgit-Baltistan, Kashmir, Mansehra/Kaghan",direct,2,,,,
6yaqlxpUQoYfvyn6a2Oi_01,6yaqlxpUQoYfvyn6a2Oi.pdf,21 Aug 2023,2023-08-13 to 2023-08-16,Alert Narrative,False,digital_text,"Furthermore, PMD has issued a GLOF Advisory for vulnerable / at-risk valleys of Gilgit Baltistan.",,"Gilgit, Hunza, Skardu",Gilgit-Baltistan,implied_full_confidence,2,,,,
6yaqlxpUQoYfvyn6a2Oi_02,6yaqlxpUQoYfvyn6a2Oi.pdf,21 Aug 2023,2023-08-13 to 2023-08-16,Alert Narrative,False,digital_text,"(1) Khyber Pakhtunkhwa. Galiyat, Chitral, Dir, Swat, Shangla, Buner, Mansehra, Kohistan, Abbottabad, Haripur, Kohat, Peshawar, Mardan, Swabi and Nowshera.","Swat, Murree/Galliyat, Chitral, Dir",Naran,"Khyber Pakhtunkhwa, Mansehra/Kaghan",direct,1,,,,
6yaqlxpUQoYfvyn6a2Oi_03,6yaqlxpUQoYfvyn6a2Oi.pdf,21 Aug 2023,2023-08-13 to 2023-08-16,Alert Narrative,False,digital_text,"(2) Punjab. Murree, Rawalpindi, Attock, Chakwal, Jhelum, Mandi Bahauddin, Hafizabad, Gujranwala, Gujrat, Sialkot, Narowal, Lahore, Kasur and Sheikhupura.",Murree/Galliyat,,,direct,1,,,,
6yaqlxpUQoYfvyn6a2Oi_04,6yaqlxpUQoYfvyn6a2Oi.pdf,21 Aug 2023,2023-08-13 to 2023-08-16,Alert Narrative,False,digital_text,"(3) Gilgit Baltistan. Diamer, Astore, Ghizer, Skardu, Hunza, Gilgit, Ghanche and Shigar.","Hunza, Skardu, Gilgit",,,direct,1,,,,
6yaqlxpUQoYfvyn6a2Oi_05,6yaqlxpUQoYfvyn6a2Oi.pdf,21 Aug 2023,2023-08-13 to 2023-08-16,Alert Narrative,False,digital_text,"(4) State of AJ&K. Neelum Valley, Muzaffarabad, Poonch, Hattian, Bagh, Haveli, Sudhnoti, Kotli, Bhimber and Mirpur.",Neelum Valley,,,direct,1,,,,
6yaqlxpUQoYfvyn6a2Oi_06,6yaqlxpUQoYfvyn6a2Oi.pdf,21 Aug 2023,2023-08-13 to 2023-08-16,Alert Narrative,False,digital_text,"(1) Khyber Pakhtunkhwa. Kurram, Lakki Marwat, Dera Ismail Khan, Bannu, Karak, Waziristan.",,"Chitral, Dir, Naran, Swat",Khyber Pakhtunkhwa,implied_discounted,1,,,,
6yaqlxpUQoYfvyn6a2Oi_07,6yaqlxpUQoYfvyn6a2Oi.pdf,21 Aug 2023,2023-08-13 to 2023-08-16,Alert Narrative,False,digital_text,"d. GLOF Alert. In light of increased temperatures and forecasted rainfall spell in Gilgit Baltistan, the flows of rivers and streams are expected to increase and there is a higher probability of GLOF event triggering in vulnerable / at-risk valleys.",,"Gilgit, Hunza, Skardu",Gilgit-Baltistan,implied_full_confidence,2,,,,
6yaqlxpUQoYfvyn6a2Oi_08,6yaqlxpUQoYfvyn6a2Oi.pdf,21 Aug 2023,2023-08-23 to 2023-08-25,Alert Narrative,False,digital_text,"a. Moderate to Heavy Falls may increase the water flows in local nullahs / streams of State of AJ&K, Gilgit-Baltistan, Chitral, Dir, Swat, Kohistan, Shangla, Buner, Mansehra, Abbottabad, Mardan, Nowshera, Swabi, Galliyat, Murree, Rawalpindi and Islamabad from 23-25 August.","Swat, Murree/Galliyat, Chitral, Dir","Gilgit, Hunza, Naran, Neelum Valley, Skardu","Gilgit-Baltistan, Kashmir, Mansehra/Kaghan",direct,1,,,,
6yaqlxpUQoYfvyn6a2Oi_09,6yaqlxpUQoYfvyn6a2Oi.pdf,21 Aug 2023,2023-08-13 to 2023-08-16,Alert Narrative,False,digital_text,"d. Moderate to Heavy Rains may trigger landslides in the vulnerable areas of Murree, Galliyat, State of AJ&K, Gilgit Baltistan and hilly / mountainous areas of Khyber Pakhtunkhwa.",Murree/Galliyat,"Chitral, Dir, Gilgit, Hunza, Naran, Neelum Valley, Skardu, Swat","Gilgit-Baltistan, Kashmir, Khyber Pakhtunkhwa",direct,2,,,,
6yaqlxpUQoYfvyn6a2Oi_10,6yaqlxpUQoYfvyn6a2Oi.pdf,21 Aug 2023,2023-08-13 to 2023-08-16,Alert Narrative,False,digital_text,"f. In light of increased temperatures and forecasted rainfall spell in Gilgit Baltistan, the flows of rivers and streams are expected to increase and there is a higher probability of GLOF event triggering in vulnerable / at-risk valleys.",,"Gilgit, Hunza, Skardu",Gilgit-Baltistan,implied_full_confidence,2,,,,
7poAXvlC34V2avTYdwbS_01,7poAXvlC34V2avTYdwbS.pdf,4th March 2022,2022-03-04,Forecast,False,digital_text,"• Rain-wind/thunderstorm with snow over hills is expected in (Balochistan) Districts Quetta, Ziarat, Qila Saifullah, Pishin, Zhob, Musa Khel, (Khyber Pakhtunkhwa) Districts Waziristan, Dera Ismail khan, Bannu (Punjab) Districts Bhakkar and Layyah from Saturday, 5th March 2022 (night) to Tuesday, 8th March 2022.",,"Chitral, Dir, Naran, Swat",Khyber Pakhtunkhwa,implied_discounted,1,,,,
7poAXvlC34V2avTYdwbS_02,7poAXvlC34V2avTYdwbS.pdf,4th March 2022,2022-03-04,Likely Impact,False,digital_text,"• Rain-wind / thunderstorms with isolated heavy falls / hailstorm expected in (Khyber Pakhtunkhwa) Districts Chitral, Dir, Swat, Malakand, Kohistan, Shangla, Buner, Manshera, Abbottabad, Haripur, Gilgit-Baltistan and Kashmir from Saturday, 5th March 2022 (night) to Thursday, 10th March 2022 with occasional gaps.","Swat, Chitral, Dir","Gilgit, Hunza, Naran, Neelum Valley, Skardu","Gilgit-Baltistan, Kashmir, Khyber Pakhtunkhwa",direct,1,,,,
7poAXvlC34V2avTYdwbS_03,7poAXvlC34V2avTYdwbS.pdf,4th March 2022,2022-03-04,Forecast,False,digital_text,"• While, in (Khyber Pakhtunkhwa) Districts Swabi, Mardan, Nowshera, Charsadda, Peshawar, Bajaur, Kurram, Khyber, Kohat, Islamabad Capital Territory, (Punjab) Rawalpindi, Attock, Jhelum, Chakwal, Mianwali, Bhakkar, Sargodha, Khushab, Gujranwala, Gujrat, Lahore and Sialkot, on Sunday 6th March 2022 and Monday, 7th March 2022 (morning).",,"Chitral, Dir, Naran, Swat",Khyber Pakhtunkhwa,implied_discounted,1,,,,
7poAXvlC34V2avTYdwbS_04,7poAXvlC34V2avTYdwbS.pdf,4th March 2022,2022-03-04,Likely Impact,False,digital_text,"• Light with few moderate snowfalls is expected in (Punjab) Murree, (Khyber Pakhtunkhwa) Galliyat, Nathiagali, Naran, Kaghan, Dir, Swat, Shangla, Buner, (Kashmir) Neelum valley, Bagh, Haveli, (Gilgit Baltistan) Astore, Skardu and Hunza from Sunday 6th March 2022 till Thursday (10th March 2022). Possible Impacts","Hunza, Skardu, Naran, Swat, Murree/Galliyat, Dir, Neelum Valley","Chitral, Gilgit","Gilgit-Baltistan, Kashmir, Khyber Pakhtunkhwa, Mansehra/Kaghan",direct,1,,,,
7poAXvlC34V2avTYdwbS_05,7poAXvlC34V2avTYdwbS.pdf,4th March 2022,2022-03-04,Forecast,False,digital_text,"• Windstorm may cause damages to vulnerable structures and standing crops in north Balochistan, Khyber Pakhtunkhwa, upper Punjab, and Kashmir on Sunday and Wednesday/ Thursday.",,"Chitral, Dir, Naran, Neelum Valley, Swat","Kashmir, Khyber Pakhtunkhwa",implied_discounted,1,,,,
8OcVyBRGiHXqy3maR117_01,8OcVyBRGiHXqy3maR117.pdf,15 April 2025,2025-04-15,Alert Narrative,False,digital_text,"Dated: 15 April 2025 Subject: GLOF ALERT - GB & KP Due to a significant rise in temperatures across Northern Pakistan, the risk of Glacial Lake Outburst Floods (GLOFs) is expected to increase, particularly in the low-lying glaciated areas of Gilgit-Baltistan and Khyber Pakhtunkhwa.",,"Chitral, Dir, Gilgit, Hunza, Naran, Skardu, Swat","Gilgit-Baltistan, Khyber Pakhtunkhwa",implied_full_confidence,2,,,,
8Tl2FywqqVS1M6KICXW4_01,8Tl2FywqqVS1M6KICXW4.pdf,26 July 2024,2024-07-28 to 2024-07-31,Forecast,True,digital_text,"a. KP, GB, Galiyat, Murree and State of AJ&K",Murree/Galliyat,"Chitral, Dir, Gilgit, Hunza, Naran, Neelum Valley, Skardu, Swat","Gilgit-Baltistan, Kashmir, Khyber Pakhtunkhwa",direct,1,,,,
8Tl2FywqqVS1M6KICXW4_02,8Tl2FywqqVS1M6KICXW4.pdf,26 July 2024,2024-07-28 to 2024-07-31,Forecast,True,digital_text,"(1) Rainfall may trigger landslides, mudslides or falling boulders potentially disrupting roads during this period in Upper Khyber Pakhtunkhwa, Galiyat, Murree, Gilgit Baltistan and State of AJ&K.",Murree/Galliyat,"Chitral, Dir, Gilgit, Hunza, Naran, Neelum Valley, Skardu, Swat","Gilgit-Baltistan, Kashmir, Khyber Pakhtunkhwa",direct,2,,,,
9NtSTOkhgdaqCyxTPQoP_01,9NtSTOkhgdaqCyxTPQoP.pdf,12 August 2024,2024-08-14 to 2024-08-18,Forecast,True,digital_text,"b. KP, Galiyat, Murree, GB and State of AJ&K",Murree/Galliyat,"Chitral, Dir, Gilgit, Hunza, Naran, Neelum Valley, Skardu, Swat","Gilgit-Baltistan, Kashmir, Khyber Pakhtunkhwa",direct,1,,,,
9NtSTOkhgdaqCyxTPQoP_02,9NtSTOkhgdaqCyxTPQoP.pdf,12 August 2024,2024-08-14 to 2024-08-18,Forecast,True,digital_text,"(1) Rainfall may trigger landslides, mudslides or falling boulders potentially disrupting roads during this period in Upper Khyber Pakhtunkhwa, Galiyat, Murree, Gilgit Baltistan and State of AJ&K.",Murree/Galliyat,"Chitral, Dir, Gilgit, Hunza, Naran, Neelum Valley, Skardu, Swat","Gilgit-Baltistan, Kashmir, Khyber Pakhtunkhwa",direct,2,,,,
9cNXeOxN0HKXvAvKt0k3_01,9cNXeOxN0HKXvAvKt0k3.pdf,18 Sep 2023,2023-09-18 to 2023-09-21,Likely Impact,False,digital_text,"b. KP, GB, AJ&K and Balochistan. Landslide/ mudslide and possible road blockage in hilly area. NCOP Legend Rain-Wind/Thundershowers Predicted from18 to 21 September 2023 Punjab",,"Chitral, Dir, Gilgit, Hunza, Naran, Neelum Valley, Skardu, Swat","Gilgit-Baltistan, Kashmir, Khyber Pakhtunkhwa",implied_full_confidence,2,,,,
9cNXeOxN0HKXvAvKt0k3_02,9cNXeOxN0HKXvAvKt0k3.pdf,18 Sep 2023,2023-09-18 to 2023-09-21,Forecast,False,digital_text,"• Bahawalpur AJ&K, GB & ICT KP",,"Chitral, Dir, Gilgit, Hunza, Naran, Neelum Valley, Skardu, Swat","Gilgit-Baltistan, Kashmir, Khyber Pakhtunkhwa",implied_discounted,1,,,,
AJbCRgJpxeRa4GUFKShZ_01,AJbCRgJpxeRa4GUFKShZ.pdf,15 August 2024,2024-08-16 to 2024-08-20,Forecast,True,digital_text,"b. KP, Galiyat, Murree, GB and State of AJ&K",Murree/Galliyat,"Chitral, Dir, Gilgit, Hunza, Naran, Neelum Valley, Skardu, Swat","Gilgit-Baltistan, Kashmir, Khyber Pakhtunkhwa",direct,1,,,,
AJbCRgJpxeRa4GUFKShZ_02,AJbCRgJpxeRa4GUFKShZ.pdf,15 August 2024,2024-08-16 to 2024-08-20,Forecast,True,digital_text,"(1) Rainfall may trigger landslides, mudslides or falling boulders potentially disrupting roads during this period in Upper Khyber Pakhtunkhwa, Galiyat, Murree, Gilgit Baltistan and State of AJ&K.",Murree/Galliyat,"Chitral, Dir, Gilgit, Hunza, Naran, Neelum Valley, Skardu, Swat","Gilgit-Baltistan, Kashmir, Khyber Pakhtunkhwa",direct,2,,,,
AzzPgpM0ZiIwAMit6B30_01,AzzPgpM0ZiIwAMit6B30.pdf,09 September 2022,2022-09-10 to 2022-09-14,Annex - Forecast,True,manual_transcription,"Rain-wind/thundershower (with isolated heavy falls) is expected in Chitral, Dir, Swat, Kohistan, Shangla, Buner, Mansehra, Abbottabad, Haripur, Malakand, Bajaur, Peshawar, Mardan, Charsadda, Swabi, Nowshera, Kurram, Kohat, Waziristan, Kashmir, Gilgit-Baltistan, Islamabad, Rawalpindi, Murree, Attock, Chakwal, Jhelum, Sialkot, Narowal, Lahore, Gujranwala, Gujrat, Sheikhupura, Mianwali, Khushab, Sargodha, Hafizabad, Mandi Bahauddin, Jhang and Faisalabad from 10th to 14th September, while Bhakkar, Layyah, D.G.Khan and Muzaffargarh on 13th and 14th September with occasional gaps.","Swat, Murree/Galliyat, Chitral, Dir","Hunza, Skardu, Gilgit, Naran, Neelum Valley","Gilgit-Baltistan, Kashmir, Mansehra/Kaghan",direct,1,,,,
AzzPgpM0ZiIwAMit6B30_02,AzzPgpM0ZiIwAMit6B30.pdf,09 September 2022,2022-09-10 to 2022-09-14,Annex - Likely Impact,True,manual_transcription,"Rainfall may trigger landslides in Kashmir, hilly areas of Khyber Pakhtunkhwa, Gilgit Baltistan, Galiyat and Murree during the forecast period.",Murree/Galliyat,"Hunza, Skardu, Gilgit, Naran, Swat, Chitral, Dir, Neelum Valley","Gilgit-Baltistan, Kashmir, Khyber Pakhtunkhwa",direct,2,,,,
CDngsCcW2wyvqpzbN6nS_01,CDngsCcW2wyvqpzbN6nS.pdf,29 April 2025,2025-05-01 to 2025-05-04,Forecast,True,digital_text,"i. Rains may trigger Landslides in Murree and hilly areas. ii. Rainfall with chances of heavy falls may generate flash / urban flooding in municipalities / local nullahs / streams and river tributaries. iii. Isolated hailstorm may cause damage to cause injures and damage to infrastructures, orchids, farms and vehicles etc. iv. Windstorms may damage crops, loose structures, etc.",Murree/Galliyat,,,direct,2,,,,
CDngsCcW2wyvqpzbN6nS_02,CDngsCcW2wyvqpzbN6nS.pdf,29 April 2025,2025-05-01 to 2025-05-04,Forecast,True,digital_text,"b. Balochistan, KP, Galiyat, GB and State of AJ&K",Murree/Galliyat,"Chitral, Dir, Gilgit, Hunza, Naran, Neelum Valley, Skardu, Swat","Gilgit-Baltistan, Kashmir, Khyber Pakhtunkhwa",direct,1,,,,
CDngsCcW2wyvqpzbN6nS_03,CDngsCcW2wyvqpzbN6nS.pdf,29 April 2025,2025-05-01 to 2025-05-04,Forecast,True,digital_text,"i. Heavy Downpour may cause urban flooding in low lying areas. ii. Heavy rains may trigger Landslides in Galiyat, Mansehra, Kohistan, Chitral, Dir, Swat, Shangla, Buner, Sherani, Zhob, Kashmir and Gilgit-Baltistan. iii. Electricity / other utility services may get disrupted. iv. Heavy Rainfall may generate flash flooding in local nullahs / streams and river tributaries.","Swat, Murree/Galliyat, Chitral, Dir","Gilgit, Hunza, Naran, Neelum Valley, Skardu","Gilgit-Baltistan, Kashmir, Mansehra/Kaghan",direct,2,,,,
CzwcoXFXGtvjtfGtSJOu_01,CzwcoXFXGtvjtfGtSJOu.pdf,3 January 2024,2024-01-04 to 2024-01-05,Forecast,True,digital_text,"Dated: 3 January 2024 Subject: Rain (With Snowfall Over Mountains) in Balochistan from 4th to 5th January 2024 and Foggy Conditions in Khyber Pakhtunkhwa and Upper Sindh in Coming Days NDMA Tech Team and Pakistan Meteorological Department (PMD Press Release at Annex-A) have forecasted that Light to Moderate Rain-wind / Thunderstorms (with snowfall over hills) is expected in Balochistan, whereas Dense Foggy Conditions will continue in Punjab, Islamabad Capital Territory, Plains of Khyber Pakhtunkhwa and Upper Sindh. Balochistan",,"Chitral, Dir, Naran, Swat",Khyber Pakhtunkhwa,implied_discounted,1,,,,
CzwcoXFXGtvjtfGtSJOu_02,CzwcoXFXGtvjtfGtSJOu.pdf,3 January 2024,2024-01-04 to 2024-01-05,Forecast,True,digital_text,• Bahawalpur Khyber Pakhtunkhwa,,"Chitral, Dir, Naran, Swat",Khyber Pakhtunkhwa,implied_discounted,1,,,,
CzwcoXFXGtvjtfGtSJOu_03,CzwcoXFXGtvjtfGtSJOu.pdf,3 January 2024,2024-01-04 to 2024-01-05,Forecast,True,digital_text,"b. KP, Punjab, Sindh & ICT.",,"Chitral, Dir, Naran, Swat",Khyber Pakhtunkhwa,implied_discounted,1,,,,
Do8zbLv1K1SAbvLMYPRh_01,Do8zbLv1K1SAbvLMYPRh.pdf,12 June 2023,2023-06-13 to 2023-06-17,Forecast,True,digital_text,"6. PDMAs Punjab & Khyber Pakhtunkhwa. Ensure readiness to provide necessary support and assistance including rescue, relief and medical to disaster affected areas of Balochistan and Sindh as required. 7 of 10",,"Chitral, Dir, Naran, Swat",Khyber Pakhtunkhwa,implied_discounted,1,,,,
DvxNpJmLhn5VBwphypFa_01,DvxNpJmLhn5VBwphypFa.pdf,19 June 2022,2022-06-20 to 2022-06-22,Likely Impact,False,digital_text,"o Widespread rain-windstorms / thundershowers with scattered heavy to very heavy falls and isolated hailstorms expected in Abbottabad, Bannu, Bajaur, Charsadda, Chitral, Dera Ismail Khan, Dir, Galiyat, Haripur, Khyber, Kohat, Kohistan, Kurram, Lakki Marwat, Mansehra, Mardan, Mohmand, Nowshera, Peshawar, Swabi, Swat and Waziristan from Monday, 20 June – Wednesday, 22 June.","Swat, Murree/Galliyat, Chitral, Dir",Naran,Mansehra/Kaghan,direct,1,,,,
DvxNpJmLhn5VBwphypFa_02,DvxNpJmLhn5VBwphypFa.pdf,19 June 2022,2022-06-20 to 2022-06-22,Likely Impact,False,digital_text,"o Widespread rain-windstorms / thundershowers with scattered heavy to very heavy falls and isolated hailstorms expected in Attock, Bahawalnagar, Bhakkar, Chakwal, Dera Ghazi Khan, Faisalabad, Hafizabad, Jhang, Jhelum, Kasur, Khushab, Lahore, Layyah, Mandibahauddin, Mianwali, Multan, Murree, Narowal, Okara, Pakpattan, Rawalpindi, Sahiwal, Sargodha, Sheikhupura, Sialkot and Toba Tek Singh from Monday, 20 June – Wednesday, 22 June.",Murree/Galliyat,,,direct,1,,,,
DvxNpJmLhn5VBwphypFa_03,DvxNpJmLhn5VBwphypFa.pdf,19 June 2022,2022-06-20 to 2022-06-22,Likely Impact,False,digital_text,"o Widespread rain-windstorms / thundershowers with scattered heavy to very heavy falls and isolated hailstorms expected in Astore, Diamer, Ghizer, Gilgit, Hunza & Skardu from Monday, 20 June – Wednesday, 22 June.","Hunza, Skardu, Gilgit",,,direct,1,,,,
DvxNpJmLhn5VBwphypFa_04,DvxNpJmLhn5VBwphypFa.pdf,19 June 2022,2022-06-20 to 2022-06-22,Likely Impact,False,digital_text,"o Widespread rain-windstorms / thundershowers with scattered heavy to very heavy falls and isolated hailstorms expected in Bagh, Bhimber, Hattian, Haveli, Kotli, Mirpur, Muzaffarabad, Neelum Valley and Poonch from Monday, 20 June – Wednesday, 22 June.",Neelum Valley,,,direct,1,,,,
DvxNpJmLhn5VBwphypFa_05,DvxNpJmLhn5VBwphypFa.pdf,19 June 2022,2022-06-20 to 2022-06-22,Likely Impact,False,digital_text,"o Heavy falls may trigger landsliding in vulnerable areas of Khyber Pakhtunkhwa, Galiyat, Gilgit-Baltistan and Azad Jammu & Kashmir during forecasted period.",Murree/Galliyat,"Chitral, Dir, Gilgit, Hunza, Naran, Neelum Valley, Skardu, Swat","Gilgit-Baltistan, Kashmir, Khyber Pakhtunkhwa",direct,1,,,,
DvxNpJmLhn5VBwphypFa_06,DvxNpJmLhn5VBwphypFa.pdf,19 June 2022,2022-06-20 to 2022-06-22,Likely Impact,False,digital_text,"o Heavy falls may generate flash flooding in local nullahs / rivers of Northeast Balochistan, Khyber Pakhtunkhwa, Punjab, Gilgit-Baltistan and Azad Jammu & Kashmir.",,"Chitral, Dir, Gilgit, Hunza, Naran, Neelum Valley, Skardu, Swat","Gilgit-Baltistan, Kashmir, Khyber Pakhtunkhwa",implied_full_confidence,2,,,,
DvxNpJmLhn5VBwphypFa_07,DvxNpJmLhn5VBwphypFa.pdf,19 June 2022,2022-06-20 to 2022-06-22,Forecast,False,digital_text,"o Windstorms may damage loose structures at vulnerable locations in Khyber Pakhtunkhwa, Punjab, Gilgit Baltistan and Azad Jammu & Kashmir.",,"Chitral, Dir, Gilgit, Hunza, Naran, Neelum Valley, Skardu, Swat","Gilgit-Baltistan, Kashmir, Khyber Pakhtunkhwa",implied_discounted,1,,,,
G7s87he8JlyBLs4FTWW3_01,G7s87he8JlyBLs4FTWW3.pdf,28 June 2022,2022-07-01 to 2022-07-05,Likely Impact,True,digital_text,"o Rain-windstorm/thundershower (lsolated heavy falls) are expected in Zhob, Ziarat, Barkhan, Loralai, Kohlu, Quetta, Kalat, Khuzdar, Lasbella, Naseerabad and Sibbi from 1-5 July 2022 (Friday to Tuesday). Khyber Pakhtunkhwa",,"Chitral, Dir, Naran, Swat",Khyber Pakhtunkhwa,implied_discounted,1,,,,
G7s87he8JlyBLs4FTWW3_02,G7s87he8JlyBLs4FTWW3.pdf,28 June 2022,2022-06-28,Likely Impact,True,digital_text,"o Rain-windstorm/thundershower (lsolated heavy falls) are expected in Swat, Mansehra, Kohistan, Abbottabad, Haripur, Peshawar, Mardan, Swabi and Nowshera from 30 June to 4 July 2022 (Thursday to Monday). Punjab",Swat,Naran,Mansehra/Kaghan,direct,1,,,,
G7s87he8JlyBLs4FTWW3_03,G7s87he8JlyBLs4FTWW3.pdf,28 June 2022,2022-07-01 to 2022-07-05,Likely Impact,True,digital_text,"o Rain-windstorm/thundershower (solated heavy fall) are expected in Rawalpindi, Murree, Attock, Chakwal, Jhelum, Sargodha, Hafizabad, M. B Din, Sialkot, Narowal, Lahore, Gujranwala, Gujrat, Sheikhupura, Faisalabad, Jhang. T.T Singh, Okara, Sahiwal and Bahawalnagar from 30 June to 4 July 2022 (Thursday to Monday). Sindh Rain-windstorm/thundershower (lsolated heavy falls) are expected in Karachi, Hyderabad, Thatta, Badin, Dadu from 1-5 July 2022 (Friday to Tuesday). Gilgit-Baltistan oRain-windstorm/thundershower (lsolated heavy falls) are expected in Gilit Baltistan from 30 June to 4 July 2022 (Thursday to Monday). Azad Jamnmu & Kashmir Rain-windstorm/thundershower (lsolated heavy falls) are expected in Kashmir from 30 June to 4 July 2022 (Thursday to Monday) Possible Impacts Heavy falls may generate urban flooding in Islamabad, Rawalpindi, Lahore, Gujranwala, Sialkot, Faisalabad from 2-4 July & in Karachi and Hyderabad from 3-5 July. Fishermen are advised to remain careful due to rough sea conditions from 3-5 July. Flash flooding is also expected in local nullahs of Kashmir, Khuzdar, Lasbella, Naseerabad, Awaran, Barkhan and Kohlu during the forecast period. Heavy rainfall may trigger landslides in Kashmir, Galliyat and Murree. The rising temperatures are likely to subside during the forecast period. Windstorms may damage loose structures at vulnerable locations. Rainwater will be beneficial for the sowing of rice crop. Travelers and tourists are advised to remain extra cautious during the forecast period. NOTE All concerned authorities are advised to remain ALERT during the forecast period.",Murree/Galliyat,"Gilgit, Hunza, Neelum Valley, Skardu","Gilgit-Baltistan, Kashmir",direct,2,,,,
GCXcjinOgLHmvLapOSzG_01,GCXcjinOgLHmvLapOSzG.pdf,3rd June 2024,2024-06-03,Forecast,True,digital_text,• Vehari Khyber Pakhtunkhwa,,"Chitral, Dir, Naran, Swat",Khyber Pakhtunkhwa,implied_discounted,1,,,,
GCXcjinOgLHmvLapOSzG_02,GCXcjinOgLHmvLapOSzG.pdf,3rd June 2024,2024-06-03,Forecast,True,digital_text,"a. KP, GB, Galiyat, Murree and State of AJ&K",Murree/Galliyat,"Chitral, Dir, Gilgit, Hunza, Naran, Neelum Valley, Skardu, Swat","Gilgit-Baltistan, Kashmir, Khyber Pakhtunkhwa",direct,1,,,,
GCXcjinOgLHmvLapOSzG_03,GCXcjinOgLHmvLapOSzG.pdf,3rd June 2024,2024-06-03,Forecast,True,digital_text,"(1) Heavy rainfall may trigger landslides, mudslides or falling boulders potentially disrupting roads during this period in Upper Khyber Pakhtunkhwa, Galiyat, Murree, Gilgit Baltistan and AJ&K.",Murree/Galliyat,"Chitral, Dir, Gilgit, Hunza, Naran, Neelum Valley, Skardu, Swat","Gilgit-Baltistan, Kashmir, Khyber Pakhtunkhwa",direct,2,,,,
GCXcjinOgLHmvLapOSzG_04,GCXcjinOgLHmvLapOSzG.pdf,3rd June 2024,2024-06-03,Forecast,True,digital_text,"(4) Windstorms / Hailstorms may damage crops, loose structures, etc. GB",,"Gilgit, Hunza, Skardu",Gilgit-Baltistan,implied_discounted,1,,,,
HLY9ZhB7csvm76Ek69MH_01,HLY9ZhB7csvm76Ek69MH.pdf,"22 February, 2025",2025-02-22,Forecast,True,digital_text,(1) Rains may trigger Landslides in Murree and hilly areas.,Murree/Galliyat,,,direct,2,,,,
HLY9ZhB7csvm76Ek69MH_02,HLY9ZhB7csvm76Ek69MH.pdf,"22 February, 2025",2025-02-22,Forecast,True,digital_text,"b. Balochistan, KP, Galiyat, GB and State of AJ&K",Murree/Galliyat,"Chitral, Dir, Gilgit, Hunza, Naran, Neelum Valley, Skardu, Swat","Gilgit-Baltistan, Kashmir, Khyber Pakhtunkhwa",direct,1,,,,
HLY9ZhB7csvm76Ek69MH_03,HLY9ZhB7csvm76Ek69MH.pdf,"22 February, 2025",2025-02-22,Forecast,True,digital_text,"(2) Heavy rains may trigger Landslides in Galiyat, Mansehra, Kohistan, Chitral, Dir, Swat, Shangla, Buner, Sherani, Zhob, Kashmir and Gilgit-Baltistan.","Swat, Murree/Galliyat, Chitral, Dir","Gilgit, Hunza, Naran, Neelum Valley, Skardu","Gilgit-Baltistan, Kashmir, Mansehra/Kaghan",direct,2,,,,
HaAy0Yi0zPkad0q0e3q2_01,HaAy0Yi0zPkad0q0e3q2.pdf,27 August 2024,2024-08-27 to 2024-08-31,Forecast,True,digital_text,(4) Heavy rains may trigger Landslides in Murree and hilly areas from 27 to 31 August.,Murree/Galliyat,,,direct,2,,,,
HaAy0Yi0zPkad0q0e3q2_02,HaAy0Yi0zPkad0q0e3q2.pdf,27 August 2024,2024-08-27 to 2024-08-31,Forecast,True,digital_text,"b. KP, Galiyat, Murree, GB and State of AJ&K",Murree/Galliyat,"Chitral, Dir, Gilgit, Hunza, Naran, Neelum Valley, Skardu, Swat","Gilgit-Baltistan, Kashmir, Khyber Pakhtunkhwa",direct,1,,,,
HaAy0Yi0zPkad0q0e3q2_03,HaAy0Yi0zPkad0q0e3q2.pdf,27 August 2024,2024-08-27 to 2024-08-31,Forecast,True,digital_text,"(2) Heavy rains may trigger Landslides in Galliyat, Mansehra, Kohistan, Chitral, Dir, Swat, Shangla, Buner, Kashmir and Gilgit-Baltistan from 27 to 31 August.","Swat, Murree/Galliyat, Chitral, Dir","Gilgit, Hunza, Naran, Neelum Valley, Skardu","Gilgit-Baltistan, Kashmir, Mansehra/Kaghan",direct,2,,,,
HvAnagLpkijEaeBodmc3_01,HvAnagLpkijEaeBodmc3.pdf,19 November 2022,2022-11-19 to 2022-11-21,Forecast,True,digital_text,"a. Partly cloudy weather with chances of Light Rain-wind/ thunderstorm (snowfall over the hills) in parts of G.B, Chitral, Kohistan and Kashmir on 20/21 November 2022.",Chitral,"Gilgit, Hunza, Neelum Valley, Skardu","Gilgit-Baltistan, Kashmir",direct,0,,,,
IMYLacXVBq5TmjEoFZi0_01,IMYLacXVBq5TmjEoFZi0.pdf,"17 January, 2025",2025-01-17,Forecast,True,digital_text,"(2) Moderate to few heavy snowfall may cause road closure/slippery conditions in Naran, Kaghan, Chitral, Dir, Swat, Kohistan, Manshera, Abbottabad, Shangla, Astore, Hunza, Skardu, Neelum valley, Bagh, Poonch, Haveli, Quetta, Ziarat, Chaman, Pishin, Killa Abdullah and Killa Saifullah during forecast period.","Hunza, Skardu, Naran, Swat, Chitral, Dir, Neelum Valley",,,direct,2,,,,
IMYLacXVBq5TmjEoFZi0_02,IMYLacXVBq5TmjEoFZi0.pdf,"17 January, 2025",2025-01-17,Forecast,True,digital_text,(3) Rains may trigger Landslides in Murree and hilly areas may lead to potential road blockages.,Murree/Galliyat,,,direct,2,,,,
JNEGsz6KQOnm3Vx4yoHI_01,JNEGsz6KQOnm3Vx4yoHI.pdf,19 January 2022,2022-01-21 to 2022-01-23,Annex - Forecast,True,manual_transcription,"Rain-wind-thunderstorm with isolated heavy fall and snowfall over the hills is expected in Khyber Pakhtunkhwa, Gilgit-Baltistan, Kashmir, Murree and Galliyat from Friday, 21st January (night) to Sunday, 23rd January 2022.",Murree/Galliyat,"Hunza, Skardu, Gilgit, Naran, Swat, Chitral, Dir, Neelum Valley","Gilgit-Baltistan, Kashmir, Khyber Pakhtunkhwa",direct,1,,,,
JNEGsz6KQOnm3Vx4yoHI_02,JNEGsz6KQOnm3Vx4yoHI.pdf,19 January 2022,2022-01-21 to 2022-01-23,Annex - Likely Impact,True,manual_transcription,"Heavy snowfall may cause road closures in Murree, Galiyat, Nathiagali, Naran, Kaghan, Dir, Swat, Shangla, Buner, Neelum Valley, Bagh, Haveli, Rawalakot, Hunza and Skardu during the forecast period.","Hunza, Skardu, Naran, Swat, Murree/Galliyat, Dir, Neelum Valley",,,direct,2,,,,
JNEGsz6KQOnm3Vx4yoHI_03,JNEGsz6KQOnm3Vx4yoHI.pdf,19 January 2022,2022-01-21 to 2022-01-23,Annex - Likely Impact,True,manual_transcription,"Possibility of landslides in Malakand, Hazara, Gilgit-Baltistan and Kashmir cannot be ruled out during the period.",,"Hunza, Skardu, Gilgit, Neelum Valley","Gilgit-Baltistan, Kashmir",implied_full_confidence,2,,,,
Jgy6oB1dsqmWB64Wckpg_01,Jgy6oB1dsqmWB64Wckpg.pdf,5 August 2022,2022-08-06 to 2022-08-09,Likely Impact,False,digital_text,"a. Rain-wind/thundershower (with isolated heavy falls) is expected in Kashmir, Islamabad, northeast Punjab, upper Khyber Pakhtunkhwa, eastern Balochistan and southeastern Sindh from 06th to 09th August with occasional gaps.",,"Chitral, Dir, Naran, Neelum Valley, Swat","Kashmir, Khyber Pakhtunkhwa",implied_discounted,1,,,,
Jgy6oB1dsqmWB64Wckpg_02,Jgy6oB1dsqmWB64Wckpg.pdf,5 August 2022,2022-08-10 to 2022-08-13,Likely Impact,False,digital_text,"b. Rain-wind/thundershower (with scattered heavy falls) are expected in Kashmir, Gilgit-Baltistan, Islamabad, Punjab, Khyber Pakhtunkhwa, Sindh and parts of Balochistan from 10th to 13th August with occasional gaps.",,"Chitral, Dir, Gilgit, Hunza, Naran, Neelum Valley, Skardu, Swat","Gilgit-Baltistan, Kashmir, Khyber Pakhtunkhwa",implied_discounted,1,,,,
Jgy6oB1dsqmWB64Wckpg_03,Jgy6oB1dsqmWB64Wckpg.pdf,5 August 2022,2022-08-10 to 2022-08-13,Likely Impact,False,digital_text,• More rain-wind / thundershowers with scattered heavy falls expected in parts of Balochistan with occasional gaps from 10-13 August (Wednesday to Saturday). Khyber Pakhtunkhwa,,"Chitral, Dir, Naran, Swat",Khyber Pakhtunkhwa,implied_discounted,1,,,,
Jgy6oB1dsqmWB64Wckpg_04,Jgy6oB1dsqmWB64Wckpg.pdf,5 August 2022,2022-08-06 to 2022-08-09,Likely Impact,False,digital_text,• Rain-wind / thundershowers with isolated heavy falls expected in Upper Khyber Pakhtunkhwa with occasional gaps from 6-9 August (Saturday to Tuesday).,,"Chitral, Dir, Naran, Swat",Khyber Pakhtunkhwa,implied_discounted,1,,,,
Jgy6oB1dsqmWB64Wckpg_05,Jgy6oB1dsqmWB64Wckpg.pdf,5 August 2022,2022-08-10 to 2022-08-13,Likely Impact,False,digital_text,• More rain-wind / thundershowers with scattered heavy falls expected in Khyber Pakhtunkhwa with occasional gaps from 10-13 August (Wednesday to Saturday) Punjab,,"Chitral, Dir, Naran, Swat",Khyber Pakhtunkhwa,implied_discounted,1,,,,
Jgy6oB1dsqmWB64Wckpg_06,Jgy6oB1dsqmWB64Wckpg.pdf,5 August 2022,2022-08-10 to 2022-08-13,Likely Impact,False,digital_text,• More rain-wind / thundershowers with scattered heavy falls expected in Sindh with occasional gaps from 10-13 August (Wednesday to Saturday) Gilgit Baltistan,,"Gilgit, Hunza, Skardu",Gilgit-Baltistan,implied_discounted,1,,,,
Jgy6oB1dsqmWB64Wckpg_07,Jgy6oB1dsqmWB64Wckpg.pdf,5 August 2022,2022-08-10 to 2022-08-13,Likely Impact,False,digital_text,• Rain-wind / thundershowers with scattered heavy falls expected in Gilgit Baltistan with occasional gaps from 10-13 August (Wednesday to Saturday) Azad Jammu & Kashmir,,"Gilgit, Hunza, Neelum Valley, Skardu","Gilgit-Baltistan, Kashmir",implied_discounted,1,,,,
Jgy6oB1dsqmWB64Wckpg_08,Jgy6oB1dsqmWB64Wckpg.pdf,5 August 2022,2022-08-06 to 2022-08-09,Likely Impact,False,digital_text,• Rain-wind / thundershowers with isolated heavy falls expected in AJ&K with occasional gaps from 6-9 August (Saturday to Tuesday).,,Neelum Valley,Kashmir,implied_discounted,1,,,,
Jgy6oB1dsqmWB64Wckpg_09,Jgy6oB1dsqmWB64Wckpg.pdf,5 August 2022,2022-08-10 to 2022-08-13,Likely Impact,False,digital_text,• More rain-wind / thundershowers with scattered heavy falls expected in AJ&K with occasional gaps from 10-13 August (Wednesday to Saturday) Possible Impacts,,Neelum Valley,Kashmir,implied_discounted,1,,,,
Jgy6oB1dsqmWB64Wckpg_10,Jgy6oB1dsqmWB64Wckpg.pdf,5 August 2022,2022-08-08 to 2022-08-12,Likely Impact,False,digital_text,"• Flash flooding is expected in Local Nullahs of Islamabad, Rawalpindi, Shakargarh, Sialkot, Narowal, Abbottabad, Mansehra, Dir, Karak, Lakki Marwat, Bannu and AJ&K from 8-12 August (Monday to Friday).",Dir,"Naran, Neelum Valley","Kashmir, Mansehra/Kaghan",direct,2,,,,
Jgy6oB1dsqmWB64Wckpg_11,Jgy6oB1dsqmWB64Wckpg.pdf,5 August 2022,2022-08-06 to 2022-08-13,Likely Impact,False,digital_text,"• Rainfall may trigger landslides in AJ&K, Galiyat, Murree, Chilas, Diamer, Gilgit, Hunza, Astore, Ghizer and Skardu during the forecasted period.","Hunza, Skardu, Gilgit, Murree/Galliyat",Neelum Valley,Kashmir,direct,2,,,,
Jm2Ud5MZ3OSpcvWpda2C_01,Jm2Ud5MZ3OSpcvWpda2C.pdf,21 May 2023,2023-05-21,Forecast,False,digital_text,"(1) AJ&K. Neelum, Muzaffarabad, Poonch, Hattian, Bagh, Haveli, Sudhanoti, Kotli, Bhimber and Mirpur.",Neelum Valley,,,direct,1,,,,
Jm2Ud5MZ3OSpcvWpda2C_02,Jm2Ud5MZ3OSpcvWpda2C.pdf,21 May 2023,2023-05-21,Forecast,False,digital_text,"(2) GB. Diamir, Astore, Ghizer, Skardu, Hunza, Gilgit, Ghanche and Shigar.","Hunza, Skardu, Gilgit",,,direct,1,,,,
Jm2Ud5MZ3OSpcvWpda2C_03,Jm2Ud5MZ3OSpcvWpda2C.pdf,21 May 2023,2023-05-21,Forecast,False,digital_text,"(3) KP. Chitral, Dir, Swat, Kohistan, Mansehra, Abbottabad, Haripur, Peshawar, Charsadda, Nowshera, Swabi, Mardan, Bajaur, Kurram, Waziristan, Kohat, Bannu, Tank, Karak, Dera Ismail Khan.","Swat, Chitral, Dir",Naran,"Khyber Pakhtunkhwa, Mansehra/Kaghan",direct,1,,,,
Jm2Ud5MZ3OSpcvWpda2C_04,Jm2Ud5MZ3OSpcvWpda2C.pdf,21 May 2023,2023-05-21,Forecast,False,digital_text,"(4) Pb. Murree, Galliyat, Rawalpindi, Attock, Chakwal and Jhelum. In addition, from 23 May (evening / night) to 26 May 2023 in Sargodha, Mianwali, Layyah, Khushab, Bhakkar, Faisalabad, Jhang, T.T. Singh, Sheikhupura, Nankana, Gujranwala, Mandi Bahauddin, Narowal, Sialkot, Kasur, Pakpattan, Okara, Sahiwal, Lahore, R.Y. Khan, Bahawalnagar, Multan, D.G. Khan and Rajanpur.",Murree/Galliyat,,,direct,1,,,,
Jm2Ud5MZ3OSpcvWpda2C_05,Jm2Ud5MZ3OSpcvWpda2C.pdf,21 May 2023,2023-05-23 to 2023-05-25,Forecast,False,digital_text,"c. Strong winds may cause damage to standing crops in Punjab, Khyber Pakhtunkhwa and AJ&K between 23 to 25 May 2023.",,"Chitral, Dir, Naran, Neelum Valley, Swat","Kashmir, Khyber Pakhtunkhwa",implied_discounted,1,,,,
KLFcpRy9pycnLHnpCJPU_01,KLFcpRy9pycnLHnpCJPU.pdf,"31 December, 2024",2024-12-31,Forecast,True,digital_text,(1) Rains may trigger Landslides in Murree and hilly areas.,Murree/Galliyat,,,direct,2,,,,
KLFcpRy9pycnLHnpCJPU_02,KLFcpRy9pycnLHnpCJPU.pdf,"31 December, 2024",2024-12-31,Forecast,True,digital_text,"b. Balochistan, KP, Galiyat, GB and State of AJ&K",Murree/Galliyat,"Chitral, Dir, Gilgit, Hunza, Naran, Neelum Valley, Skardu, Swat","Gilgit-Baltistan, Kashmir, Khyber Pakhtunkhwa",direct,1,,,,
KLFcpRy9pycnLHnpCJPU_03,KLFcpRy9pycnLHnpCJPU.pdf,"31 December, 2024",2024-12-31,Forecast,True,digital_text,"(2) Heavy rains may trigger Landslides in Galiyat, Mansehra, Kohistan, Chitral, Dir, Swat, Shangla, Buner, Sherani, Zhob, Kashmir and Gilgit-Baltistan.","Swat, Murree/Galliyat, Chitral, Dir","Gilgit, Hunza, Naran, Neelum Valley, Skardu","Gilgit-Baltistan, Kashmir, Mansehra/Kaghan",direct,2,,,,
LoIYIXzm9MGChnUTuwc2_01,LoIYIXzm9MGChnUTuwc2.pdf,23 February 2024,2024-02-25 to 2024-02-27,Forecast,True,digital_text,"Dated: 23 February 2024 Subject: Rain-Wind / Thunderstorms with Snowfall over the Hills - Predicted in Balochistan and Upper Parts of the Country from 25th to 27th February 2024 Reference: A. Winter Guidelines vide NDMA Letter No. F.2 (E)/2022-NDMA (MW/Winter-Tourist-Guidelines-2023-24) of 7 December 23 B. NDMA letter No. F-2(E)/2023-NDMA(Winter Hazards/Preparedness) of 21 December 23. NDMA Tech Team and Pakistan Meteorological Department (PMD Press Release at Annex-A) have forecasted that a westerly wave is entering from 25th February 2024 and may persist till 27th February 2024. Under the influence, Rain-wind / Thunderstorms with snowfall over hills is expected in following areas of the country: - Khyber Pakhtunkhwa",,"Chitral, Dir, Naran, Swat",Khyber Pakhtunkhwa,implied_discounted,1,,,,
LoIYIXzm9MGChnUTuwc2_02,LoIYIXzm9MGChnUTuwc2.pdf,23 February 2024,2024-02-25 to 2024-02-27,Forecast,True,digital_text,• Mirpur Khyber Pakhtunkhwa,,"Chitral, Dir, Naran, Swat",Khyber Pakhtunkhwa,implied_discounted,1,,,,
LoIYIXzm9MGChnUTuwc2_03,LoIYIXzm9MGChnUTuwc2.pdf,23 February 2024,2024-02-25 to 2024-02-27,Forecast,True,digital_text,"• Shigar Balochistan Chaghi, Noushki, Kharan, Panjgur, Kech, Turbat, Gwadar, Awaran, Khuzdar, Kalat, Lasbella, Sibbi, Quetta, Ziarat, Chaman, Pishin, Killa Abdullah, Killa Saifullah, Loralai, Harnai, Zhob, Sherani, Barkhan, Musakhel Khyber Pakhtunkhwa",,"Chitral, Dir, Naran, Swat",Khyber Pakhtunkhwa,implied_discounted,1,,,,
LoIYIXzm9MGChnUTuwc2_04,LoIYIXzm9MGChnUTuwc2.pdf,23 February 2024,2024-02-25 to 2024-02-27,Forecast,True,digital_text,• Mirpur Gilgit Baltistan,,"Gilgit, Hunza, Skardu",Gilgit-Baltistan,implied_discounted,1,,,,
LoIYIXzm9MGChnUTuwc2_05,LoIYIXzm9MGChnUTuwc2.pdf,23 February 2024,2024-02-25 to 2024-02-27,Forecast,True,digital_text,"a. KP, GB, Murree, Galliyat",Murree/Galliyat,"Chitral, Dir, Gilgit, Hunza, Naran, Skardu, Swat","Gilgit-Baltistan, Khyber Pakhtunkhwa",direct,1,,,,
LoIYIXzm9MGChnUTuwc2_06,LoIYIXzm9MGChnUTuwc2.pdf,23 February 2024,2024-02-25 to 2024-02-27,Forecast,True,digital_text,"(1) Snowfall may disrupt roads in Murree, Galliyat, Naran, Kaghan, Dir, Swat, Kohistan, Mansehra, Abbottabad, Shangla, Astore, Hunza, Skardu, Neelum valley, Bagh, Poonch and Haveli during the forecast period.","Hunza, Skardu, Naran, Swat, Murree/Galliyat, Dir, Neelum Valley",,,direct,2,,,,
LoIYIXzm9MGChnUTuwc2_07,LoIYIXzm9MGChnUTuwc2.pdf,23 February 2024,2024-02-25 to 2024-02-27,Forecast,True,digital_text,"(4) Landslides, mudslides, isolated rain spells and snowfall may lead to potential road blockages in Upper Khyber Pakhtunkhwa, Murree, Galliyat, Kashmir and Gilgit Baltistan.",Murree/Galliyat,"Chitral, Dir, Gilgit, Hunza, Naran, Neelum Valley, Skardu, Swat","Gilgit-Baltistan, Kashmir, Khyber Pakhtunkhwa",direct,2,,,,
MMWoqdDxp6RP5UNmjsn3 (1)_01,MMWoqdDxp6RP5UNmjsn3 (1).pdf,12 July 2022,2022-07-14 to 2022-07-17,Forecast,False,digital_text,"• More Widespread Intermittent Heavy to Very Heavy Rain-wind / Thundershowers expected in Awaran, Barkhan, Bolan, Dera Bugti, Jaffarabad, Jhalmagsi, Kalat, Khuzdar, Kohlu, Lasbela, Loralai, Naseerabad, Panjgur, Pasni, Sibbi, Turbat, Zhob and Ziarat from 14-17 July (Thursday-Sunday). Khyber Pakhtunkhwa",,"Chitral, Dir, Naran, Swat",Khyber Pakhtunkhwa,implied_discounted,1,,,,
MMWoqdDxp6RP5UNmjsn3 (1)_02,MMWoqdDxp6RP5UNmjsn3 (1).pdf,12 July 2022,2022-07-13 to 2022-07-15,Likely Impact,False,digital_text,"• More Intermittent Rain-wind / Thundershowers with isolated heavy falls expected in Abbottabad, Bannu, Haripur, Kohat, Kohistan, Kurram, Lakki Marwat, Mansehra, Mardan, Nowshera, Peshawar, Swabi and Swat from 13-15 July (Wednesday-Friday). Punjab",Swat,Naran,Mansehra/Kaghan,direct,1,,,,
MMWoqdDxp6RP5UNmjsn3 (1)_03,MMWoqdDxp6RP5UNmjsn3 (1).pdf,12 July 2022,2022-07-13 to 2022-07-15,Likely Impact,False,digital_text,"• More Intermittent Rain-wind / Thundershowers with isolated heavy falls expected in Attock, Bahawalnagar, Bahawalpur, Bhakkar, Chakwal, Dera Ghazi Khan, Faisalabad, Gujranwala, Gujrat, Hafizabad, Jhang, Jhelum, Khanpur, Lahore, Layyah, Mandi Bahauddin, Mianwali, Multan, Murree, Narowal, Okara, Rahim Yar Khan, Rajanpur, Rawalpindi, Sahiwal, Sargodha, Sheikhupura and Sialkot from 13-15 July (Wednesday-Friday). Sindh",Murree/Galliyat,,,direct,1,,,,
MMWoqdDxp6RP5UNmjsn3 (1)_04,MMWoqdDxp6RP5UNmjsn3 (1).pdf,12 July 2022,2022-07-14 to 2022-07-17,Forecast,False,digital_text,"• More Widespread Intermittent Heavy to Very Heavy Rain-wind / Thundershowers expected in Badin, Dadu, Ghotki, Hyderabad, Jacobabad, Jamshoro, Kashmore, Karachi, Larkana, Mirpurkhas, Mithi, Naushero Feroze, Sanghar, Shaheed Benazirabad, Qambar Shahdadkot, Shikarpur, Sukkur, Tharparkar, Thatta and Umerkot from 14-17 July (Thursday-Sunday). Azad Jammu & Kashmir",,Neelum Valley,Kashmir,implied_discounted,1,,,,
MMWoqdDxp6RP5UNmjsn3 (1)_05,MMWoqdDxp6RP5UNmjsn3 (1).pdf,12 July 2022,2022-07-13 to 2022-07-15,Likely Impact,False,digital_text,• More Intermittent Rain-wind / Thundershowers with isolated heavy falls expected in AJ&K from 13-15 July (Wednesday-Friday). Possible Impacts,,Neelum Valley,Kashmir,implied_discounted,1,,,,
MMWoqdDxp6RP5UNmjsn3 (1)_06,MMWoqdDxp6RP5UNmjsn3 (1).pdf,12 July 2022,2022-07-13 to 2022-07-14,Likely Impact,False,digital_text,"• Flash Flooding is also expected in Local Nullahs / Waterways of Islamabad, Rawalpindi, Abbottabad, Mansehra, Dir and AJ&K from 13-14 July (Wednesday-Thursday).",Dir,"Naran, Neelum Valley","Kashmir, Mansehra/Kaghan",direct,2,,,,
MMWoqdDxp6RP5UNmjsn3 (1)_07,MMWoqdDxp6RP5UNmjsn3 (1).pdf,12 July 2022,2022-07-12,Likely Impact,False,digital_text,"• Rainfall may trigger landslides in AJ&K, Galiyat, Murree, Chilas, Diamer, Gilgit, Hunza, Astore and Skardu during the forecasted period.","Hunza, Skardu, Gilgit, Murree/Galliyat",Neelum Valley,Kashmir,direct,2,,,,
MMWoqdDxp6RP5UNmjsn3_01,MMWoqdDxp6RP5UNmjsn3.pdf,12 July 2022,2022-07-14 to 2022-07-17,Forecast,False,digital_text,"• More Widespread Intermittent Heavy to Very Heavy Rain-wind / Thundershowers expected in Awaran, Barkhan, Bolan, Dera Bugti, Jaffarabad, Jhalmagsi, Kalat, Khuzdar, Kohlu, Lasbela, Loralai, Naseerabad, Panjgur, Pasni, Sibbi, Turbat, Zhob and Ziarat from 14-17 July (Thursday-Sunday). Khyber Pakhtunkhwa",,"Chitral, Dir, Naran, Swat",Khyber Pakhtunkhwa,implied_discounted,1,,,,
MMWoqdDxp6RP5UNmjsn3_02,MMWoqdDxp6RP5UNmjsn3.pdf,12 July 2022,2022-07-13 to 2022-07-15,Likely Impact,False,digital_text,"• More Intermittent Rain-wind / Thundershowers with isolated heavy falls expected in Abbottabad, Bannu, Haripur, Kohat, Kohistan, Kurram, Lakki Marwat, Mansehra, Mardan, Nowshera, Peshawar, Swabi and Swat from 13-15 July (Wednesday-Friday). Punjab",Swat,Naran,Mansehra/Kaghan,direct,1,,,,
MMWoqdDxp6RP5UNmjsn3_03,MMWoqdDxp6RP5UNmjsn3.pdf,12 July 2022,2022-07-13 to 2022-07-15,Likely Impact,False,digital_text,"• More Intermittent Rain-wind / Thundershowers with isolated heavy falls expected in Attock, Bahawalnagar, Bahawalpur, Bhakkar, Chakwal, Dera Ghazi Khan, Faisalabad, Gujranwala, Gujrat, Hafizabad, Jhang, Jhelum, Khanpur, Lahore, Layyah, Mandi Bahauddin, Mianwali, Multan, Murree, Narowal, Okara, Rahim Yar Khan, Rajanpur, Rawalpindi, Sahiwal, Sargodha, Sheikhupura and Sialkot from 13-15 July (Wednesday-Friday). Sindh",Murree/Galliyat,,,direct,1,,,,
MMWoqdDxp6RP5UNmjsn3_04,MMWoqdDxp6RP5UNmjsn3.pdf,12 July 2022,2022-07-14 to 2022-07-17,Forecast,False,digital_text,"• More Widespread Intermittent Heavy to Very Heavy Rain-wind / Thundershowers expected in Badin, Dadu, Ghotki, Hyderabad, Jacobabad, Jamshoro, Kashmore, Karachi, Larkana, Mirpurkhas, Mithi, Naushero Feroze, Sanghar, Shaheed Benazirabad, Qambar Shahdadkot, Shikarpur, Sukkur, Tharparkar, Thatta and Umerkot from 14-17 July (Thursday-Sunday). Azad Jammu & Kashmir",,Neelum Valley,Kashmir,implied_discounted,1,,,,
MMWoqdDxp6RP5UNmjsn3_05,MMWoqdDxp6RP5UNmjsn3.pdf,12 July 2022,2022-07-13 to 2022-07-15,Likely Impact,False,digital_text,• More Intermittent Rain-wind / Thundershowers with isolated heavy falls expected in AJ&K from 13-15 July (Wednesday-Friday). Possible Impacts,,Neelum Valley,Kashmir,implied_discounted,1,,,,
MMWoqdDxp6RP5UNmjsn3_06,MMWoqdDxp6RP5UNmjsn3.pdf,12 July 2022,2022-07-13 to 2022-07-14,Likely Impact,False,digital_text,"• Flash Flooding is also expected in Local Nullahs / Waterways of Islamabad, Rawalpindi, Abbottabad, Mansehra, Dir and AJ&K from 13-14 July (Wednesday-Thursday).",Dir,"Naran, Neelum Valley","Kashmir, Mansehra/Kaghan",direct,2,,,,
MMWoqdDxp6RP5UNmjsn3_07,MMWoqdDxp6RP5UNmjsn3.pdf,12 July 2022,2022-07-12,Likely Impact,False,digital_text,"• Rainfall may trigger landslides in AJ&K, Galiyat, Murree, Chilas, Diamer, Gilgit, Hunza, Astore and Skardu during the forecasted period.","Hunza, Skardu, Gilgit, Murree/Galliyat",Neelum Valley,Kashmir,direct,2,,,,
NPdNdh52aRgzmKK9QvyK_01,NPdNdh52aRgzmKK9QvyK.pdf,22 April 2024,2024-04-22,Forecast,True,digital_text,"a. KP, GB, Galiyat, Murree and State of AJ&K",Murree/Galliyat,"Chitral, Dir, Gilgit, Hunza, Naran, Neelum Valley, Skardu, Swat","Gilgit-Baltistan, Kashmir, Khyber Pakhtunkhwa",direct,1,,,,
NPdNdh52aRgzmKK9QvyK_02,NPdNdh52aRgzmKK9QvyK.pdf,22 April 2024,2024-04-22,Forecast,True,digital_text,"(5) Landslides, mudslides, may lead to potential road blockages in Upper Khyber Pakhtunkhwa, Galiyat, Murree, Gilgit Baltistan and State of AJ&K.",Murree/Galliyat,"Chitral, Dir, Gilgit, Hunza, Naran, Neelum Valley, Skardu, Swat","Gilgit-Baltistan, Kashmir, Khyber Pakhtunkhwa",direct,2,,,,
OzXADp76zDQq34ocfB9m_01,OzXADp76zDQq34ocfB9m.pdf,15 February 2024,2024-02-17 to 2024-02-21,Forecast,True,digital_text,• Kasur Khyber Pakhtunkhwa,,"Chitral, Dir, Naran, Swat",Khyber Pakhtunkhwa,implied_discounted,1,,,,
OzXADp76zDQq34ocfB9m_02,OzXADp76zDQq34ocfB9m.pdf,15 February 2024,2024-02-17 to 2024-02-21,Forecast,True,digital_text,• Kohat Potohar Region & ICT Gilgit Baltistan,,"Gilgit, Hunza, Skardu",Gilgit-Baltistan,implied_discounted,1,,,,
OzXADp76zDQq34ocfB9m_03,OzXADp76zDQq34ocfB9m.pdf,15 February 2024,2024-02-17 to 2024-02-21,Forecast,True,digital_text,"a. KP, GB, Murree, Galliyat",Murree/Galliyat,"Chitral, Dir, Gilgit, Hunza, Naran, Skardu, Swat","Gilgit-Baltistan, Khyber Pakhtunkhwa",direct,1,,,,
OzXADp76zDQq34ocfB9m_04,OzXADp76zDQq34ocfB9m.pdf,15 February 2024,2024-02-17 to 2024-02-21,Forecast,True,digital_text,"(1) Snowfall may disrupt roads in Murree, Galliyat, Naran, Kaghan, Dir, Swat, Kohistan, Mansehra, Abbottabad, Shangla, Astore, Hunza, Skardu, Neelum valley, Bagh, Poonch and Haveli during the forecast period.","Hunza, Skardu, Naran, Swat, Murree/Galliyat, Dir, Neelum Valley",,,direct,2,,,,
OzXADp76zDQq34ocfB9m_05,OzXADp76zDQq34ocfB9m.pdf,15 February 2024,2024-02-17 to 2024-02-21,Forecast,True,digital_text,"(4) Landslides, mudslides, isolated rain spells and snowfall leading to potential road blockages in Upper Khyber Pakhtunkhwa, Murree, Galiyat, Kashmir and Gilgit Baltistan.",Murree/Galliyat,"Chitral, Dir, Gilgit, Hunza, Naran, Neelum Valley, Skardu, Swat","Gilgit-Baltistan, Kashmir, Khyber Pakhtunkhwa",direct,2,,,,
PpS39qbTHBnQILYyhBLL_01,PpS39qbTHBnQILYyhBLL.pdf,1st July 2024,2024-07-02 to 2024-07-07,Forecast,True,digital_text,"• T.T. Singh South Punjab (From 4th July to 7th July 2024) Bahawalnagar, Bahawalpur, D.G. Khan, Sahiwal, Multan, Layyah, Lodhran Khanewal, Pakpattan, Muzaffargarh, Vehari, Rajanpur Legend High Moderate Low Winds/ Thunderstorm with (Few Heavy to Very Heavy Falls at Times) From 2nd July to 7th July 2024 Winds/ Thunderstorm with (Few Heavy to Very Heavy Falls at Times) From 3rd July to 7th July Khyber Pakhtunkhwa",,"Chitral, Dir, Naran, Swat",Khyber Pakhtunkhwa,implied_discounted,1,,,,
PpS39qbTHBnQILYyhBLL_02,PpS39qbTHBnQILYyhBLL.pdf,1st July 2024,2024-07-02 to 2024-07-07,Forecast,True,digital_text,"a. KP, GB, Galiyat, Murree and State of AJ&K",Murree/Galliyat,"Chitral, Dir, Gilgit, Hunza, Naran, Neelum Valley, Skardu, Swat","Gilgit-Baltistan, Kashmir, Khyber Pakhtunkhwa",direct,1,,,,
PpS39qbTHBnQILYyhBLL_03,PpS39qbTHBnQILYyhBLL.pdf,1st July 2024,2024-07-02 to 2024-07-07,Forecast,True,digital_text,"(1) Rainfall may trigger landslides, mudslides or falling boulders potentially disrupting roads during this period in Upper Khyber Pakhtunkhwa, Galiyat, Murree, Gilgit Baltistan and State of AJ&K.",Murree/Galliyat,"Chitral, Dir, Gilgit, Hunza, Naran, Neelum Valley, Skardu, Swat","Gilgit-Baltistan, Kashmir, Khyber Pakhtunkhwa",direct,2,,,,
QM4Sr8IjmE1ootNMQHvo_01,QM4Sr8IjmE1ootNMQHvo.pdf,08 August 2022,2022-08-10 to 2022-08-13,Annex - Forecast,True,manual_transcription,"Rain-wind/thundershower with isolated heavy falls is expected in Khyber Pakhtunkhwa, Gilgit-Baltistan, Kashmir, Murree and Galliyat from Wednesday, 10th August to Saturday, 13th August 2022.",Murree/Galliyat,"Hunza, Skardu, Gilgit, Naran, Swat, Chitral, Dir, Neelum Valley","Gilgit-Baltistan, Kashmir, Khyber Pakhtunkhwa",direct,1,,,,
QM4Sr8IjmE1ootNMQHvo_02,QM4Sr8IjmE1ootNMQHvo.pdf,08 August 2022,2022-08-11 to 2022-08-12,Annex - Likely Impact,True,manual_transcription,"Flash flooding is expected in Local Nullahs of Mansehra, Dir, Swat, Kohistan, Shangla, Buner, Kurram and Kashmir on 11th and 12th August.","Swat, Dir","Naran, Neelum Valley","Kashmir, Mansehra/Kaghan",direct,2,,,,
QM4Sr8IjmE1ootNMQHvo_03,QM4Sr8IjmE1ootNMQHvo.pdf,08 August 2022,2022-08-10 to 2022-08-13,Annex - Likely Impact,True,manual_transcription,"Landslides may occur in vulnerable hilly areas of Khyber Pakhtunkhwa, Gilgit-Baltistan, Kashmir, Murree and Galiyat during the forecast period.",Murree/Galliyat,"Hunza, Skardu, Gilgit, Naran, Swat, Chitral, Dir, Neelum Valley","Gilgit-Baltistan, Kashmir, Khyber Pakhtunkhwa",direct,2,,,,
Qmccjrug9RVooa7M5GHM_01,Qmccjrug9RVooa7M5GHM.pdf,2 July 2023,2023-07-03 to 2023-07-08,Forecast,False,digital_text,"(1) Khyber Pakhtunkhwa. Chitral, Swat, Mansehra, Kohistan, Abbottabad, Galliyat, Haripur, Peshawar, Mardan, Swabi, Nowshera, Kurram, Bannu, Lakki Marwat and Kohat.","Swat, Murree/Galliyat, Chitral","Dir, Naran","Khyber Pakhtunkhwa, Mansehra/Kaghan",direct,1,,,,
Qmccjrug9RVooa7M5GHM_02,Qmccjrug9RVooa7M5GHM.pdf,2 July 2023,2023-07-03 to 2023-07-08,Forecast,False,digital_text,"(2) Punjab. Rawalpindi, Murree, Attock, Chakwal, Jhelum, Mianwali, Sargodha, Hafizabad, Mandi Bahauddin, Sialkot, Narowal, Lahore, Gujranwala, Gujrat, Sheikhupura, Faisalabad, Jhang and Toba Tek Singh.",Murree/Galliyat,,,direct,1,,,,
Qmccjrug9RVooa7M5GHM_03,Qmccjrug9RVooa7M5GHM.pdf,2 July 2023,2023-07-03 to 2023-07-08,Forecast,False,digital_text,"(2) Khyber Pakhtunkhwa. Dera Ismail Khan, Bannu, Karak and Waziristan.",,"Chitral, Dir, Naran, Swat",Khyber Pakhtunkhwa,implied_discounted,1,,,,
Qmccjrug9RVooa7M5GHM_04,Qmccjrug9RVooa7M5GHM.pdf,2 July 2023,2023-07-04 to 2023-07-07,Likely Impact,False,digital_text,"b. Heavy rainfall may trigger landslides in vulnerable areas of Murree, Galliyat, Gilgit Baltistan, AJ&K and hilly areas of Khyber Pakhtunkhwa from 4 - 7 July 2023.",Murree/Galliyat,"Chitral, Dir, Gilgit, Hunza, Naran, Neelum Valley, Skardu, Swat","Gilgit-Baltistan, Kashmir, Khyber Pakhtunkhwa",direct,2,,,,
Qmccjrug9RVooa7M5GHM_05,Qmccjrug9RVooa7M5GHM.pdf,2 July 2023,2023-07-03 to 2023-07-08,Likely Impact,False,digital_text,"• Rain/wind-thundershower (with few heavy falls / hailstorm) is expected in Islamabad, Rawalpindi, Murree, Galliyat, Attock, Chakwal, Jhelum, Kashmir, Gilgit Baltistan, Chitral, Swat, Mansehra, Kohistan, Abbottabad, Haripur, Peshawar, Mardan, Swabi, Nowshera, Kurram, Bannu, Lakki Marwat, Kohat, Mianwali, Sargodha, Hafizabad, Mandi Bahauddin, Sialkot, Narowal, Lahore, Gujranwala, Gujrat, Sheikhupura, Faisalabad, Jhang and Toba Tek Singh from 03rd (evening/night) to 08th July with occasional gaps.","Swat, Murree/Galliyat, Chitral","Gilgit, Hunza, Naran, Neelum Valley, Skardu","Gilgit-Baltistan, Kashmir, Mansehra/Kaghan",direct,1,,,,
Qmccjrug9RVooa7M5GHM_06,Qmccjrug9RVooa7M5GHM.pdf,2 July 2023,2023-07-04 to 2023-07-07,Likely Impact,False,digital_text,"• Heavy rain may cause urban flooding in low lying areas of Islamabad, Rawalpindi, Peshawar, Gujranwala, Lahore and may trigger landslides in the vulnerable areas of Murree, Galliyat, Kashmir, Gilgit Baltistan and hilly areas of Khyber Pakhtunkhwa from 04th to 07th July.",Murree/Galliyat,"Chitral, Dir, Gilgit, Hunza, Naran, Neelum Valley, Skardu, Swat","Gilgit-Baltistan, Kashmir, Khyber Pakhtunkhwa",direct,2,,,,
Qmccjrug9RVooa7M5GHM_07,Qmccjrug9RVooa7M5GHM.pdf,2 July 2023,2023-07-03 to 2023-07-08,Forecast,False,digital_text,"4. Chief Sec Punjab, KP, GB, Kashmir, Balochistan & Sindh",,"Chitral, Dir, Gilgit, Hunza, Naran, Neelum Valley, Skardu, Swat","Gilgit-Baltistan, Kashmir, Khyber Pakhtunkhwa",implied_discounted,1,,,,
T16Mk5SKUh5RzymPgmV4_01,T16Mk5SKUh5RzymPgmV4.pdf,26 July 2022,2022-07-27 to 2022-07-31,Likely Impact,False,digital_text,"• More rain-wind / thundershowers with few heavy falls expected in Barkhan, Bolan, Chaman, Harnai, Jaffarabad, Kalat, Khuzdar, Kohlu, Lasbela, Loralai, Naseerabad, Quetta, Sibbi, Zhob and Ziarat with occasional gaps from 27-31 July (Wednesday-Sunday). Khyber Pakhtunkhwa",,"Chitral, Dir, Naran, Swat",Khyber Pakhtunkhwa,implied_discounted,1,,,,
T16Mk5SKUh5RzymPgmV4_02,T16Mk5SKUh5RzymPgmV4.pdf,26 July 2022,2022-07-27 to 2022-07-31,Likely Impact,False,digital_text,"• More rain-wind / thundershowers with scattered heavy falls expected in Abbottabad, Bannu, DI Khan, Haripur, Kohat, Kohistan, Kurram, Lakki Marwat, Mansehra, Mardan, Nowshera, Peshawar, Swabi and Swat with occasional gaps from 27-31 July (Wednesday-Sunday). Punjab",Swat,Naran,Mansehra/Kaghan,direct,1,,,,
T16Mk5SKUh5RzymPgmV4_03,T16Mk5SKUh5RzymPgmV4.pdf,26 July 2022,2022-07-27 to 2022-07-31,Likely Impact,False,digital_text,"• More rain-wind / thundershowers with scattered heavy falls expected in Attock, Bahawalnagar, Bahawalpur, Bhakkar, Chakwal, DG Khan, Faisalabad, Gujranwala, Gujrat, Hafizabad, Jhang, Jhelum, Khanpur, Khushab, Lahore, Layyah, Mandi Bahauddin, Mianwali, Multan, Murree, Narowal, Okara, Rahim Yar Khan, Rajanpur, Rawalpindi, Sahiwal, Sargodha, Sheikhupura and Sialkot with occasional gaps from 27-31 July (Wednesday-Sunday). Sindh",Murree/Galliyat,,,direct,1,,,,
T16Mk5SKUh5RzymPgmV4_04,T16Mk5SKUh5RzymPgmV4.pdf,26 July 2022,2022-07-27 to 2022-07-31,Likely Impact,False,digital_text,"• More rain-wind / thundershowers with few heavy falls expected in Dadu, Jacobabad, Larkana and Sukkur from 27-31 July (Wednesday-Sunday). Gilgit Baltistan",,"Gilgit, Hunza, Skardu",Gilgit-Baltistan,implied_discounted,1,,,,
T16Mk5SKUh5RzymPgmV4_05,T16Mk5SKUh5RzymPgmV4.pdf,26 July 2022,2022-07-27 to 2022-07-31,Likely Impact,False,digital_text,• More rain-wind / thundershowers with scattered heavy falls expected in Gilgit Baltistan with occasional gaps from 27-31 July (Wednesday-Sunday). Azad Jammu & Kashmir,,"Gilgit, Hunza, Neelum Valley, Skardu","Gilgit-Baltistan, Kashmir",implied_discounted,1,,,,
T16Mk5SKUh5RzymPgmV4_06,T16Mk5SKUh5RzymPgmV4.pdf,26 July 2022,2022-07-27 to 2022-07-31,Likely Impact,False,digital_text,• More rain-wind / thundershowers with scattered heavy falls expected in AJ&K with occasional gaps from 27-31 July (Wednesday-Sunday). Possible Impacts,,Neelum Valley,Kashmir,implied_discounted,1,,,,
T16Mk5SKUh5RzymPgmV4_07,T16Mk5SKUh5RzymPgmV4.pdf,26 July 2022,2022-07-27 to 2022-07-31,Likely Impact,False,digital_text,"• Flash flooding is expected in Local Nullahs of Islamabad, Rawalpindi, Shakargarh, Sialkot, Narowal, Abbottabad, Mansehra, Dir, Karak, Lakki Marwat, Bannu, Loralai, Barkhan, Kohlu, Musakhel, Sherani, Sibbi, Bolan and AJ&K as well as the Hill Torrents of DG Khan from 27-31 July (Wednesday-Sunday).",Dir,"Naran, Neelum Valley","Kashmir, Mansehra/Kaghan",direct,2,,,,
T16Mk5SKUh5RzymPgmV4_08,T16Mk5SKUh5RzymPgmV4.pdf,26 July 2022,2022-07-26,Likely Impact,False,digital_text,"• Rainfall may trigger landslides in AJ&K, Galiyat, Murree, Chilas, Diamer, Gilgit, Hunza, Astore, Ghizer and Skardu during the forecasted period.","Hunza, Skardu, Gilgit, Murree/Galliyat",Neelum Valley,Kashmir,direct,2,,,,
TQlO1PwQhaPOeZq371RK_01,TQlO1PwQhaPOeZq371RK.pdf,20 March 2023,2023-03-21 to 2023-03-24,Forecast,False,digital_text,"b. Khyber Pakhtunkhwa. Galliyat, Chitral, Dir, Swat, Mansehra, Abbottabad, Kohistan, Shangla, Buner, Haripur, Karak, Peshawar, Kohat, Charsada, Nowshera, Swabi, Bajaur, Kurram, Waziristan, Mohmand, Bannu and Dera Ismail Khan","Swat, Murree/Galliyat, Chitral, Dir",Naran,"Khyber Pakhtunkhwa, Mansehra/Kaghan",direct,1,,,,
TQlO1PwQhaPOeZq371RK_02,TQlO1PwQhaPOeZq371RK.pdf,20 March 2023,2023-03-21 to 2023-03-24,Forecast,False,digital_text,"c. Punjab. Murree, Rawalpindi, Attock, Chakwal, Jhelum, Gujranwala, Gujrat, Hafizabad, Mandi Bahauddin, Sialkot, Narowal, Lahore, Toba Tek Singh, Sheikhupura, Nankana Sahib, Khushab, Mianwali, Sargodha, Dera Ghazi Khan, Bhakkar, Layyah, Kot Addu, Multan, Bahawalpur, Bahawalnagar, Rahim Yar khan, Sahiwal, Faisalabad, Okara and Kasur.",Murree/Galliyat,,,direct,1,,,,
TQlO1PwQhaPOeZq371RK_03,TQlO1PwQhaPOeZq371RK.pdf,20 March 2023,2023-03-21 to 2023-03-24,Forecast,False,digital_text,"f. Gilgit-Baltistan. Diamir, Astore, Ghizer, Skardu, Hunza, Gilgit, Ghanche and Shigar","Hunza, Skardu, Gilgit",,,direct,1,,,,
TQlO1PwQhaPOeZq371RK_04,TQlO1PwQhaPOeZq371RK.pdf,20 March 2023,2023-03-21 to 2023-03-24,Forecast,False,digital_text,"g. State of AJ&K. Neelum valley, Muzaffarabad, Poonch, Hattian, Bagh, Haveli, Sudhnoti, Kotli, Bhimber and Mirpur.",Neelum Valley,,,direct,1,,,,
TQlO1PwQhaPOeZq371RK_05,TQlO1PwQhaPOeZq371RK.pdf,20 March 2023,2023-03-22 to 2023-03-23,Likely Impact,False,digital_text,"b. Heavy rains may cause flash floods in Quetta, Chaman, Pishin, Barkhan, Musakhel, Kalat, Khuzdar, Naseerabad, Jaffarabad, Kohlu, Zhob, Sibbi, Turbat, Awaran, Panjgur, Hill torrents of D.G Khan on 22-23 March 2023 while in Dir, Swat, Kohistan, Nowshera, Mardan, Waziristan, Bajaur, State of AJ&K and urban flooding in Peshawar, Islamabad, Rawalpindi & Lahore on 23-24 March 2023.","Swat, Dir",Neelum Valley,Kashmir,direct,2,,,,
TQlO1PwQhaPOeZq371RK_06,TQlO1PwQhaPOeZq371RK.pdf,20 March 2023,2023-03-21 to 2023-03-24,Likely Impact,False,digital_text,"c. Landslides may occur in hilly areas of Khyber Pakhtunkhwa, Gilgit-Baltistan, State of AJ&K, Murree and Galliyat Regions during the forecasted period.",Murree/Galliyat,"Chitral, Dir, Gilgit, Hunza, Naran, Neelum Valley, Skardu, Swat","Gilgit-Baltistan, Kashmir, Khyber Pakhtunkhwa",direct,2,,,,
TSu2i0YOyIQFCzMWlSTF_01,TSu2i0YOyIQFCzMWlSTF.pdf,15 July 2024,2024-07-16 to 2024-07-21,Forecast,True,digital_text,"• T.T. Singh South Punjab (From 17th July to 19th July 2024) R.Y Khan, Bahawalnagar, Bahawalpur, D.G. Khan, Sahiwal, Multan, Layyah, Lodhran, Khanewal, Pakpattan, Muzaffargarh, Vehari, Rajanpur 2 Rain Winds/ Thunderstorm with Occasional Gaps From 17th July to 21st July 2024 Rain Winds/ Thunderstorm with Occasional Gaps From 16th July to 21st July 2024 Khyber Pakhtunkhwa",,"Chitral, Dir, Naran, Swat",Khyber Pakhtunkhwa,implied_discounted,1,,,,
TSu2i0YOyIQFCzMWlSTF_02,TSu2i0YOyIQFCzMWlSTF.pdf,15 July 2024,2024-07-16 to 2024-07-21,Forecast,True,digital_text,"a. KP, GB, Galiyat, Murree and State of AJ&K",Murree/Galliyat,"Chitral, Dir, Gilgit, Hunza, Naran, Neelum Valley, Skardu, Swat","Gilgit-Baltistan, Kashmir, Khyber Pakhtunkhwa",direct,1,,,,
TSu2i0YOyIQFCzMWlSTF_03,TSu2i0YOyIQFCzMWlSTF.pdf,15 July 2024,2024-07-16 to 2024-07-21,Forecast,True,digital_text,"(1) Rainfall may trigger landslides, mudslides or falling boulders potentially disrupting roads during this period in Upper Khyber Pakhtunkhwa, Galiyat, Murree, Gilgit Baltistan and State of AJ&K.",Murree/Galliyat,"Chitral, Dir, Gilgit, Hunza, Naran, Neelum Valley, Skardu, Swat","Gilgit-Baltistan, Kashmir, Khyber Pakhtunkhwa",direct,2,,,,
V0dbDT2EoxRY9d7qTV57_01,V0dbDT2EoxRY9d7qTV57.pdf,19 June 2025,2025-06-20 to 2025-06-23,Forecast,True,digital_text,(1) Rains may trigger Landslides / Rockfall in Murree and hilly areas.,Murree/Galliyat,,,direct,2,,,,
V0dbDT2EoxRY9d7qTV57_02,V0dbDT2EoxRY9d7qTV57.pdf,19 June 2025,2025-06-20 to 2025-06-23,Forecast,True,digital_text,"b. KP, GB and State of AJ&K",,"Chitral, Dir, Gilgit, Hunza, Naran, Neelum Valley, Skardu, Swat","Gilgit-Baltistan, Kashmir, Khyber Pakhtunkhwa",implied_discounted,1,,,,
VGN4dBijkJcBAOubq3Rv_01,VGN4dBijkJcBAOubq3Rv.pdf,26 March 2024,2024-03-27 to 2024-03-31,Forecast,True,digital_text,• Ghotki Khyber Pakhtunkhwa,,"Chitral, Dir, Naran, Swat",Khyber Pakhtunkhwa,implied_discounted,1,,,,
VGN4dBijkJcBAOubq3Rv_02,VGN4dBijkJcBAOubq3Rv.pdf,26 March 2024,2024-03-28 to 2024-03-29,Forecast,True,digital_text,"• Tank Rain-Wind / Thunderstorm in Sindh from 28th to 29th March, 2024 Rain-Wind / Thunderstorm with Snow over the Hill in KP from 27th to 31st March 2024 Rain-Wind / Thunderstorm in Punjab from 27th to 31st March 2024 Punjab",,"Chitral, Dir, Naran, Swat",Khyber Pakhtunkhwa,implied_discounted,1,,,,
VGN4dBijkJcBAOubq3Rv_03,VGN4dBijkJcBAOubq3Rv.pdf,26 March 2024,2024-03-27 to 2024-03-31,Forecast,True,digital_text,• Sargodha Islamabad AJ&K,,Neelum Valley,Kashmir,implied_discounted,1,,,,
VGN4dBijkJcBAOubq3Rv_04,VGN4dBijkJcBAOubq3Rv.pdf,26 March 2024,2024-03-27 to 2024-03-31,Forecast,True,digital_text,• Mirpur Gilgit Baltistan,,"Gilgit, Hunza, Skardu",Gilgit-Baltistan,implied_discounted,1,,,,
VGN4dBijkJcBAOubq3Rv_05,VGN4dBijkJcBAOubq3Rv.pdf,26 March 2024,2024-03-27 to 2024-03-31,Forecast,True,digital_text,• Shigar Rain-Wind / Thunderstorm with Snow over the Hill in AJ&K and GB from 27th March to 1st April 2024,,"Gilgit, Hunza, Neelum Valley, Skardu","Gilgit-Baltistan, Kashmir",implied_discounted,1,,,,
VGN4dBijkJcBAOubq3Rv_06,VGN4dBijkJcBAOubq3Rv.pdf,26 March 2024,2024-03-27 to 2024-03-31,Forecast,True,digital_text,"a. KP, GB, Murree, Galliyat",Murree/Galliyat,"Chitral, Dir, Gilgit, Hunza, Naran, Skardu, Swat","Gilgit-Baltistan, Khyber Pakhtunkhwa",direct,1,,,,
VGN4dBijkJcBAOubq3Rv_07,VGN4dBijkJcBAOubq3Rv.pdf,26 March 2024,2024-03-27 to 2024-03-31,Forecast,True,digital_text,"(1) Snowfall may disrupt roads in Murree, Galliyat, Naran, Kaghan, Dir, Swat, Kohistan, Mansehra, Abbottabad, Shangla, Astore, Hunza, Skardu, Neelum valley, Bagh, Poonch and Haveli during the forecast period.","Hunza, Skardu, Naran, Swat, Murree/Galliyat, Dir, Neelum Valley",,,direct,2,,,,
VGN4dBijkJcBAOubq3Rv_08,VGN4dBijkJcBAOubq3Rv.pdf,26 March 2024,2024-03-27 to 2024-03-31,Forecast,True,digital_text,"(4) Landslides, mudslides, isolated rain spells and snowfall may lead to potential road blockages in Upper Khyber Pakhtunkhwa, Murree, Galliyat, Kashmir and Gilgit Baltistan.",Murree/Galliyat,"Chitral, Dir, Gilgit, Hunza, Naran, Neelum Valley, Skardu, Swat","Gilgit-Baltistan, Kashmir, Khyber Pakhtunkhwa",direct,2,,,,
VSdnoSzMWCd1GKHy7V0T_01,VSdnoSzMWCd1GKHy7V0T.pdf,24 July 2023,2023-07-25 to 2023-07-30,Forecast,False,digital_text,"(1) Khyber Pakhtunkhwa. Galliyat, Chitral, Dir, Swat, Shangla, Buner, Mansehra, Kohistan, Abbottabad, Haripur, Peshawar, Mardan, Swabi, Nowshera, Kurram, Lakki Marwat, Kohat, Dera Ismail Khan, Bannu, Karak and Waziristan.","Swat, Murree/Galliyat, Chitral, Dir",Naran,"Khyber Pakhtunkhwa, Mansehra/Kaghan",direct,1,,,,
VSdnoSzMWCd1GKHy7V0T_02,VSdnoSzMWCd1GKHy7V0T.pdf,24 July 2023,2023-07-25 to 2023-07-30,Forecast,False,digital_text,"(2) Punjab. Murree, Rawalpindi, Attock, Chakwal, Jhelum, Mandi Bahauddin, Sialkot, Narowal, Lahore, Sheikhupura, Hafizabad, Gujranwala, Gujrat, Kasur, Mianwali, Sargodha, Khusab, Faisalabad, Toba Tek Singh, Jhang, Sahiwal, Bahawalnagar and Okara.",Murree/Galliyat,,,direct,1,,,,
VSdnoSzMWCd1GKHy7V0T_03,VSdnoSzMWCd1GKHy7V0T.pdf,24 July 2023,2023-07-25 to 2023-07-30,Forecast,False,digital_text,"(3) Gilgit-Baltistan. Diamir, Astore, Ghizer, Skardu, Hunza, Gilgit, Ghanche and Shigar.","Hunza, Skardu, Gilgit",,,direct,1,,,,
VSdnoSzMWCd1GKHy7V0T_04,VSdnoSzMWCd1GKHy7V0T.pdf,24 July 2023,2023-07-25 to 2023-07-30,Forecast,False,digital_text,"(4) State of AJ&K. Neelum valley, Muzaffarabad, Poonch, Hattian, Bagh, Haveli, Sudhanoti, Kotli, Bhimber and Mirpur.",Neelum Valley,,,direct,1,,,,
VSdnoSzMWCd1GKHy7V0T_05,VSdnoSzMWCd1GKHy7V0T.pdf,24 July 2023,2023-07-25 to 2023-07-26,Likely Impact,False,digital_text,"a. Heavy rains may cause flash flooding in Balochistan and hill torrents of Dera Ghazi Khan on 25 - 26 July 2023, and in Kashmir, Dir, Swat, Kohistan, Shangla, Buner, Mansehra, Abbotabad, Rawalpindi and Islamabad on 26 - 28 July 2023.","Swat, Dir","Naran, Neelum Valley","Kashmir, Mansehra/Kaghan",direct,2,,,,
VSdnoSzMWCd1GKHy7V0T_06,VSdnoSzMWCd1GKHy7V0T.pdf,24 July 2023,2023-07-25 to 2023-07-30,Likely Impact,False,digital_text,"c. Rainfall may trigger landslides in the vulnerable areas of Murree, Galliyat, Kashmir, Gilgit-Baltistan and hilly areas of Khyber Pakhtunkhwa.",Murree/Galliyat,"Chitral, Dir, Gilgit, Hunza, Naran, Neelum Valley, Skardu, Swat","Gilgit-Baltistan, Kashmir, Khyber Pakhtunkhwa",direct,2,,,,
W05iSByBXzOi7Qbai4bM_01,W05iSByBXzOi7Qbai4bM.pdf,30 January 2024,2024-01-31 to 2024-02-04,Forecast,True,digital_text,• Sahiwal Okara Khyber Pakhtunkhwa,,"Chitral, Dir, Naran, Swat",Khyber Pakhtunkhwa,implied_discounted,1,,,,
W05iSByBXzOi7Qbai4bM_02,W05iSByBXzOi7Qbai4bM.pdf,30 January 2024,2024-01-31 to 2024-02-04,Forecast,True,digital_text,• Kohat Potohar Region & ICT Gilgit Baltistan,,"Gilgit, Hunza, Skardu",Gilgit-Baltistan,implied_discounted,1,,,,
W05iSByBXzOi7Qbai4bM_03,W05iSByBXzOi7Qbai4bM.pdf,30 January 2024,2024-01-31 to 2024-02-04,Forecast,True,digital_text,"a. KP, GB, Murree, Galliyat",Murree/Galliyat,"Chitral, Dir, Gilgit, Hunza, Naran, Skardu, Swat","Gilgit-Baltistan, Khyber Pakhtunkhwa",direct,1,,,,
W05iSByBXzOi7Qbai4bM_04,W05iSByBXzOi7Qbai4bM.pdf,30 January 2024,2024-01-31 to 2024-02-04,Forecast,True,digital_text,"(1) Snowfall may disrupt roads in Murree, Galliyat, Naran, Kaghan, Dir, Swat, Kohistan, Mansehra, Abbottabad, Shangla, Astore, Hunza, Skardu, Neelum valley, Bagh, Poonch and Haveli during the forecast period.","Hunza, Skardu, Naran, Swat, Murree/Galliyat, Dir, Neelum Valley",,,direct,2,,,,
WpRp0yKueNFkTQdpAJ8s_01,WpRp0yKueNFkTQdpAJ8s.pdf,"8 Mar, 2025",2025-03-09 to 2025-03-16,Forecast,True,digital_text,(1) Rains may trigger Landslides in Murree and hilly areas.,Murree/Galliyat,,,direct,2,,,,
WpRp0yKueNFkTQdpAJ8s_02,WpRp0yKueNFkTQdpAJ8s.pdf,"8 Mar, 2025",2025-03-09 to 2025-03-16,Forecast,True,digital_text,"b. Balochistan, KP, Galiyat, GB and State of AJ&K",Murree/Galliyat,"Chitral, Dir, Gilgit, Hunza, Naran, Neelum Valley, Skardu, Swat","Gilgit-Baltistan, Kashmir, Khyber Pakhtunkhwa",direct,1,,,,
WpRp0yKueNFkTQdpAJ8s_03,WpRp0yKueNFkTQdpAJ8s.pdf,"8 Mar, 2025",2025-03-09 to 2025-03-16,Forecast,True,digital_text,"(2) Heavy rains may trigger Landslides in Galiyat, Mansehra, Kohistan, Chitral, Dir, Swat, Shangla, Buner, Sherani, Zhob, Kashmir and Gilgit-Baltistan.","Swat, Murree/Galliyat, Chitral, Dir","Gilgit, Hunza, Naran, Neelum Valley, Skardu","Gilgit-Baltistan, Kashmir, Mansehra/Kaghan",direct,2,,,,
XDVaJUvtjHvycU8x1QuR_01,XDVaJUvtjHvycU8x1QuR.pdf,"17 February, 2025",2025-02-17,Forecast,True,digital_text,(1) Rains may trigger Landslides in Murree and hilly areas.,Murree/Galliyat,,,direct,2,,,,
XDVaJUvtjHvycU8x1QuR_02,XDVaJUvtjHvycU8x1QuR.pdf,"17 February, 2025",2025-02-17,Forecast,True,digital_text,"b. Balochistan, KP, Galiyat, GB and State of AJ&K",Murree/Galliyat,"Chitral, Dir, Gilgit, Hunza, Naran, Neelum Valley, Skardu, Swat","Gilgit-Baltistan, Kashmir, Khyber Pakhtunkhwa",direct,1,,,,
XDVaJUvtjHvycU8x1QuR_03,XDVaJUvtjHvycU8x1QuR.pdf,"17 February, 2025",2025-02-17,Forecast,True,digital_text,"(2) Heavy rains may trigger Landslides in Galiyat, Mansehra, Kohistan, Chitral, Dir, Swat, Shangla, Buner, Sherani, Zhob, Kashmir and Gilgit-Baltistan.","Swat, Murree/Galliyat, Chitral, Dir","Gilgit, Hunza, Naran, Neelum Valley, Skardu","Gilgit-Baltistan, Kashmir, Mansehra/Kaghan",direct,2,,,,
YUSvXtx5hZZ67TqgE4BY_01,YUSvXtx5hZZ67TqgE4BY.pdf,9 August 2024,2024-08-08 to 2024-08-09,Alert Narrative,False,digital_text,"Dated: 9 August 2024 Subject: GLOF ADVISORY – GB & KP Reference: NDMA’s Weather Advisories dated 8 & 9 August 2024 In light of higher temperatures and prevailing weather conditions, including rain / wind-thunderstorms up to 12 August 2024, there is increased risk of GLOF events, flash floods, landslides / mudslides, in vulnerable areas of GB and KP, especially in Districts Dir, Swat, Kohistan, Astore, Gilgit, Skardu, Ghanche, Shigar, and adjoining areas (GLOF Risk Projection Map enclosed as “Annex-A”).","Skardu, Gilgit, Swat, Dir","Chitral, Hunza, Naran","Gilgit-Baltistan, Khyber Pakhtunkhwa",direct,2,,,,
YUSvXtx5hZZ67TqgE4BY_02,YUSvXtx5hZZ67TqgE4BY.pdf,9 August 2024,2024-08-08 to 2024-08-09,Alert Narrative,False,digital_text,A map outlining the most vulnerable GLOF sites in GB and KP is as below: -,,"Chitral, Dir, Gilgit, Hunza, Naran, Skardu, Swat","Gilgit-Baltistan, Khyber Pakhtunkhwa",implied_full_confidence,2,,,,
ZGX1G7Qo050SIus6o4um_01,ZGX1G7Qo050SIus6o4um.pdf,26 May 2023,2023-05-26,Forecast,False,digital_text,"(1) AJ&K. Neelum Valley, Muzaffarabad, Poonch, Hattian, Bagh, Haveli, Sudhanoti, Kotli, Bhimber and Mirpur.",Neelum Valley,,,direct,1,,,,
ZGX1G7Qo050SIus6o4um_02,ZGX1G7Qo050SIus6o4um.pdf,26 May 2023,2023-05-26,Forecast,False,digital_text,"(2) Gilgit-Baltistan. Diamir, Astore, Ghizer, Skardu, Hunza, Gilgit, Ghanche and Shigar.","Hunza, Skardu, Gilgit",,,direct,1,,,,
ZGX1G7Qo050SIus6o4um_03,ZGX1G7Qo050SIus6o4um.pdf,26 May 2023,2023-05-26,Forecast,False,digital_text,"(3) Khyber Pakhtunkhwa. Chitral, Dir, Swat, Kohistan, Mansehra, Abbottabad, Haripur, Peshawar, Charsadda, Nowshera, Swabi, Mardan, Bajaur, Kurram, Waziristan, Kohat, Bannu, Tank, Karak and Dera Ismail Khan.","Swat, Chitral, Dir",Naran,"Khyber Pakhtunkhwa, Mansehra/Kaghan",direct,1,,,,
ZGX1G7Qo050SIus6o4um_04,ZGX1G7Qo050SIus6o4um.pdf,26 May 2023,2023-05-26,Forecast,False,digital_text,"(4) Punjab. Murree, Galliyat, Rawalpindi, Attock, Chakwal, Gujranwala, Sargodha, Sheikhupura, Faisalabad, Jhang, Toba Tek Singh, Nankana, Mandi Bahauddin, Khushab, Mianwali, Narowal, Sialkot, Kasur, Lahore and Jhelum.",Murree/Galliyat,,,direct,1,,,,
a3clYFmaSe4xag1McR8P_01,a3clYFmaSe4xag1McR8P.pdf,2 July 2023,2023-07-03 to 2023-07-08,Forecast,False,digital_text,"(1) Khyber Pakhtunkhwa. Chitral, Swat, Mansehra, Kohistan, Abbottabad, Galliyat, Haripur, Peshawar, Mardan, Swabi, Nowshera, Kurram, Bannu, Lakki Marwat and Kohat.","Swat, Murree/Galliyat, Chitral","Dir, Naran","Khyber Pakhtunkhwa, Mansehra/Kaghan",direct,1,,,,
a3clYFmaSe4xag1McR8P_02,a3clYFmaSe4xag1McR8P.pdf,2 July 2023,2023-07-03 to 2023-07-08,Forecast,False,digital_text,"(2) Punjab. Rawalpindi, Murree, Attock, Chakwal, Jhelum, Mianwali, Sargodha, Hafizabad, Mandi Bahauddin, Sialkot, Narowal, Lahore, Gujranwala, Gujrat, Sheikhupura, Faisalabad, Jhang and Toba Tek Singh.",Murree/Galliyat,,,direct,1,,,,
a3clYFmaSe4xag1McR8P_03,a3clYFmaSe4xag1McR8P.pdf,2 July 2023,2023-07-03 to 2023-07-08,Forecast,False,digital_text,"(2) Khyber Pakhtunkhwa. Dera Ismail Khan, Bannu, Karak and Waziristan.",,"Chitral, Dir, Naran, Swat",Khyber Pakhtunkhwa,implied_discounted,1,,,,
a3clYFmaSe4xag1McR8P_04,a3clYFmaSe4xag1McR8P.pdf,2 July 2023,2023-07-04 to 2023-07-07,Likely Impact,False,digital_text,"b. Heavy rainfall may trigger landslides in vulnerable areas of Murree, Galliyat, Gilgit Baltistan, AJ&K and hilly areas of Khyber Pakhtunkhwa from 4 - 7 July 2023.",Murree/Galliyat,"Chitral, Dir, Gilgit, Hunza, Naran, Neelum Valley, Skardu, Swat","Gilgit-Baltistan, Kashmir, Khyber Pakhtunkhwa",direct,2,,,,
a3clYFmaSe4xag1McR8P_05,a3clYFmaSe4xag1McR8P.pdf,2 July 2023,2023-07-03 to 2023-07-08,Likely Impact,False,digital_text,"• Rain/wind-thundershower (with few heavy falls / hailstorm) is expected in Islamabad, Rawalpindi, Murree, Galliyat, Attock, Chakwal, Jhelum, Kashmir, Gilgit Baltistan, Chitral, Swat, Mansehra, Kohistan, Abbottabad, Haripur, Peshawar, Mardan, Swabi, Nowshera, Kurram, Bannu, Lakki Marwat, Kohat, Mianwali, Sargodha, Hafizabad, Mandi Bahauddin, Sialkot, Narowal, Lahore, Gujranwala, Gujrat, Sheikhupura, Faisalabad, Jhang and Toba Tek Singh from 03rd (evening/night) to 08th July with occasional gaps.","Swat, Murree/Galliyat, Chitral","Gilgit, Hunza, Naran, Neelum Valley, Skardu","Gilgit-Baltistan, Kashmir, Mansehra/Kaghan",direct,1,,,,
a3clYFmaSe4xag1McR8P_06,a3clYFmaSe4xag1McR8P.pdf,2 July 2023,2023-07-04 to 2023-07-07,Likely Impact,False,digital_text,"• Heavy rain may cause urban flooding in low lying areas of Islamabad, Rawalpindi, Peshawar, Gujranwala, Lahore and may trigger landslides in the vulnerable areas of Murree, Galliyat, Kashmir, Gilgit Baltistan and hilly areas of Khyber Pakhtunkhwa from 04th to 07th July.",Murree/Galliyat,"Chitral, Dir, Gilgit, Hunza, Naran, Neelum Valley, Skardu, Swat","Gilgit-Baltistan, Kashmir, Khyber Pakhtunkhwa",direct,2,,,,
a3clYFmaSe4xag1McR8P_07,a3clYFmaSe4xag1McR8P.pdf,2 July 2023,2023-07-03 to 2023-07-08,Forecast,False,digital_text,"4. Chief Sec Punjab, KP, GB, Kashmir, Balochistan & Sindh",,"Chitral, Dir, Gilgit, Hunza, Naran, Neelum Valley, Skardu, Swat","Gilgit-Baltistan, Kashmir, Khyber Pakhtunkhwa",implied_discounted,1,,,,
aQeioQ3oCbza7aapMkqB_01,aQeioQ3oCbza7aapMkqB.pdf,16 May 2023,2023-05-16,Forecast,False,digital_text,"(1) AJ&K. Neelum Valley, Muzaffarabad, Poonch, Hattian, Bagh, Haveli, Sudhnoti, Kotli, Bhimber and Mirpur.",Neelum Valley,,,direct,1,,,,
aQeioQ3oCbza7aapMkqB_02,aQeioQ3oCbza7aapMkqB.pdf,16 May 2023,2023-05-16,Forecast,False,digital_text,"(2) Gilgit-Baltistan. Diamer, Astore, Ghizer, Skardu, Hunza, Gilgit, Ghanche and Shigar.","Hunza, Skardu, Gilgit",,,direct,1,,,,
aQeioQ3oCbza7aapMkqB_03,aQeioQ3oCbza7aapMkqB.pdf,16 May 2023,2023-05-16,Forecast,False,digital_text,"(1) AJ&K. Neelum Valley, Muzaffarabad, Poonch, Hattian, Bagh, Haveli, Sudhanoti, Kotli, Bhimber and Mirpur.",Neelum Valley,,,direct,1,,,,
aQeioQ3oCbza7aapMkqB_04,aQeioQ3oCbza7aapMkqB.pdf,16 May 2023,2023-05-16,Forecast,False,digital_text,"(2) Gilgit-Baltistan. Diamir, Astore, Ghizer, Skardu, Hunza, Gilgit, Ghanche and Shigar.","Hunza, Skardu, Gilgit",,,direct,1,,,,
aQeioQ3oCbza7aapMkqB_05,aQeioQ3oCbza7aapMkqB.pdf,16 May 2023,2023-05-16,Forecast,False,digital_text,"(3) Khyber Pakhtunkhwa. Chitral, Dir ,Swat, Kohistan, Mansehra, Abbotabad, Haripur, Peshawar, Charsadda, Nowshera, Swabi, Mardan, Bajaur, Kurram, Waziristan, Kohat, Bannu, Tank, Karak and Dera Ismail Khan.","Swat, Chitral, Dir",Naran,"Khyber Pakhtunkhwa, Mansehra/Kaghan",direct,1,,,,
aQeioQ3oCbza7aapMkqB_06,aQeioQ3oCbza7aapMkqB.pdf,16 May 2023,2023-05-16,Forecast,False,digital_text,"(4) Punjab. Murree, Galliyat, Rawalpindi, Attock, Chakwal, Jhelum, Sargodha, Mianwali, Khushab, Bhakkar, Faisalabad, Jhang, Toba Tek Singh, Sheikhupura, Nankana, Gujranwala, Sialkot, Kasur, Okara and Lahore.",Murree/Galliyat,,,direct,1,,,,
aQeioQ3oCbza7aapMkqB_07,aQeioQ3oCbza7aapMkqB.pdf,16 May 2023,2023-05-16,Forecast,False,digital_text,"e. Strong winds may also cause damage to standing crops in Punjab, Khyber Pakhtunkhwa and Kashmir.",,"Chitral, Dir, Naran, Neelum Valley, Swat","Kashmir, Khyber Pakhtunkhwa",implied_discounted,1,,,,
b3J7aGFlMAMzhp0AG1lQ_01,b3J7aGFlMAMzhp0AG1lQ.pdf,27 July 2023,2023-07-27 to 2023-07-28,Forecast,False,digital_text,"(1) AJ&K. Neelum valley, Muzaffarabad, Poonch, Hattian, Bagh, Haveli, Sudhanoti, Kotli, Bhimber and Mirpur.",Neelum Valley,,,direct,1,,,,
b3J7aGFlMAMzhp0AG1lQ_02,b3J7aGFlMAMzhp0AG1lQ.pdf,27 July 2023,2023-07-27 to 2023-07-28,Forecast,False,digital_text,"(2) Gilgit Baltistan. Diamir, Astore, Ghizer, Skardu, Hunza, Gilgit, Ghanche and Shigar.","Hunza, Skardu, Gilgit",,,direct,1,,,,
b3J7aGFlMAMzhp0AG1lQ_03,b3J7aGFlMAMzhp0AG1lQ.pdf,27 July 2023,2023-07-27 to 2023-07-28,Forecast,False,digital_text,"(3) Khyber Pakhtunkhwa Galliyat, Chitral, Dir, Swat, Shangla, Buner, Mansehra, Kohistan, Abbottabad, Haripur, Peshawar, Mardan, Swabi, Nowshera, Kurram, Lakki Marwat, Kohat, Dera Ismail Khan, Bannu, Karak and Waziristan.","Swat, Murree/Galliyat, Chitral, Dir",Naran,"Khyber Pakhtunkhwa, Mansehra/Kaghan",direct,1,,,,
b3J7aGFlMAMzhp0AG1lQ_04,b3J7aGFlMAMzhp0AG1lQ.pdf,27 July 2023,2023-07-27 to 2023-07-28,Forecast,False,digital_text,"(4) Punjab. Murree, Rawalpindi, Attock, Chakwal, Jhelum, Mandi Bahauddin, Sialkot, Narowal, Lahore, Sheikhupura, Hafizabad, Gujranwala, Gujrat, Kasur, Mianwali, Sargodha, Khushab, Faisalabad, Toba Tek Singh, Jhang, Bhakkar, Sahiwal, Bahawalnagar and Okara.",Murree/Galliyat,,,direct,1,,,,
b3J7aGFlMAMzhp0AG1lQ_05,b3J7aGFlMAMzhp0AG1lQ.pdf,27 July 2023,2023-07-27 to 2023-07-28,Likely Impact,False,digital_text,"a. Heavy rains may cause flash flooding in Balochistan and hill torrents of Dera Ghazi Khan from 27 (night) - 28 July 2023, and in Kashmir, Dir, Swat, Kohistan, Shangla, Buner, Mansehra, Abbotabad, Rawalpindi and Islamabad including Lai Nullah from 27 (night) - 29 July 2023.","Swat, Dir","Naran, Neelum Valley","Kashmir, Mansehra/Kaghan",direct,2,,,,
b3J7aGFlMAMzhp0AG1lQ_06,b3J7aGFlMAMzhp0AG1lQ.pdf,27 July 2023,2023-07-27 to 2023-07-28,Likely Impact,False,digital_text,"c. Heavy rains may trigger landslides in the vulnerable areas of Murree, Galliyat, Kashmir, Gilgit Baltistan and hilly areas of Khyber Pakhtunkhwa.",Murree/Galliyat,"Chitral, Dir, Gilgit, Hunza, Naran, Neelum Valley, Skardu, Swat","Gilgit-Baltistan, Kashmir, Khyber Pakhtunkhwa",direct,2,,,,
b3J7aGFlMAMzhp0AG1lQ_07,b3J7aGFlMAMzhp0AG1lQ.pdf,27 July 2023,2023-07-27 to 2023-07-30,Likely Impact,False,digital_text,"• Rain/wind-thundershower (with scattered heavy falls) is expected in Kashmir, (Neelum valley, Muzaffarabad, Poonch, Hattian, Bagh, Haveli, Sudhanoti, Kotli, Bhimber, Mirpur), Gilgit Baltistan (Diamir, Astore, Ghizer, Skardu, Hunza, Gilgit, Ghanche, Shigar), Chitral, Dir, Swat, Shangla, Buner, Mansehra, Kohistan, Abbottabad, Haripur, Peshawar, Mardan, Swabi, Nowshera, Kurram, Lakki Marwat, Kohat, Dera Ismail Khan, Bannu, Karak, Waziristan, Murree, Galliyat, Islamabad, Rawalpindi, Attock, Chakwal, Jhelum, Mandi Bahauddin, Sialkot, Narowal, Lahore, Sheikhupura, Hafizabad, Gujranwala, Gujrat, Kasur, Mianwali, Sargodha, Khushab, Faisalabad, Toba Tek Singh, Jhang, Bhakkar, Sahiwal, Bahawalnagar and Okara from 27th (night) to 30th July with occasional gaps.","Hunza, Skardu, Gilgit, Swat, Murree/Galliyat, Chitral, Dir, Neelum Valley",Naran,"Gilgit-Baltistan, Kashmir, Mansehra/Kaghan",direct,1,,,,
b3J7aGFlMAMzhp0AG1lQ_08,b3J7aGFlMAMzhp0AG1lQ.pdf,27 July 2023,2023-07-27 to 2023-07-28,Likely Impact,False,digital_text,"• Heavy rains may generate flash flooding in Balochistan and hill torrents of Dera Ghazi Khan on 27th (night) & 28th July. While in Kashmir, Dir, Swat, Kohistan, Shangla, Buner, Manshera, Abbottabad, Rawalpindi/Islamabad including (Lai Nullah) during 27th (night) to 29th July.","Swat, Dir",Neelum Valley,Kashmir,direct,2,,,,
b3J7aGFlMAMzhp0AG1lQ_09,b3J7aGFlMAMzhp0AG1lQ.pdf,27 July 2023,2023-07-27 to 2023-07-29,Likely Impact,False,digital_text,"• Heavy rains may cause urban flooding in low lying areas of Islamabad/Rawalpindi, Peshawar, Gujranwala, Lahore, Faisalabad from 27th (night) to 29th July and may trigger landslides in the vulnerable areas of Murree, Galliyat, Kashmir, Gilgit Baltistan and hilly areas of Khyber Pakhtunkhwa during the period.",Murree/Galliyat,"Chitral, Dir, Gilgit, Hunza, Naran, Neelum Valley, Skardu, Swat","Gilgit-Baltistan, Kashmir, Khyber Pakhtunkhwa",direct,2,,,,
b3J7aGFlMAMzhp0AG1lQ_10,b3J7aGFlMAMzhp0AG1lQ.pdf,27 July 2023,2023-07-27 to 2023-07-28,Forecast,False,digital_text,"4. Chief Sec Punjab, KP, GB, Kashmir, Balochistan & Sindh",,"Chitral, Dir, Gilgit, Hunza, Naran, Neelum Valley, Skardu, Swat","Gilgit-Baltistan, Kashmir, Khyber Pakhtunkhwa",implied_discounted,1,,,,
bTeYvQTAVuH4z2xxeZH7_01,bTeYvQTAVuH4z2xxeZH7.pdf,30 June 2022,2022-06-30,Alert Narrative,False,digital_text,Dated: 30 June 2022 Subject: GLOF ALERT – GB & KP PMD has issued a GLOF Alert for GB and KP (enclosed as “Annex-A”).,,"Chitral, Dir, Gilgit, Hunza, Naran, Skardu, Swat","Gilgit-Baltistan, Khyber Pakhtunkhwa",implied_full_confidence,2,,,,
bTeYvQTAVuH4z2xxeZH7_02,bTeYvQTAVuH4z2xxeZH7.pdf,30 June 2022,2022-06-30,Alert Narrative,False,digital_text,"The conditions have raised the possibility of GLOF events/ flash floods, landslides, mudslides, and gusty winds in the vulnerable area of GB and KP.",,"Chitral, Dir, Gilgit, Hunza, Naran, Skardu, Swat","Gilgit-Baltistan, Khyber Pakhtunkhwa",implied_full_confidence,2,,,,
bZwhd5dzEY0cbFEgsOH3_01,bZwhd5dzEY0cbFEgsOH3.pdf,14 March 2023,2023-03-16 to 2023-03-20,Forecast,False,digital_text,"(1) Khyber Pakhtunkhwa. Galliyat, Chitral, Dir, Swat, Mansehra, Abbottabad, Kohistan, Shangla, Buner, Haripur, Karak, Peshawar, Kohat, Charsada, Nowshera, Swabi, Bajaur, Kurram, Waziristan, Bannu and Dera Ismail Khan.","Swat, Murree/Galliyat, Chitral, Dir",Naran,"Khyber Pakhtunkhwa, Mansehra/Kaghan",direct,1,,,,
bZwhd5dzEY0cbFEgsOH3_02,bZwhd5dzEY0cbFEgsOH3.pdf,14 March 2023,2023-03-16 to 2023-03-20,Forecast,False,digital_text,"(2) Gilgit-Baltistan. Diamir, Astore, Ghizer, Skardu, Hunza, Gilgit, Ghanche and Shigar.","Hunza, Skardu, Gilgit",,,direct,1,,,,
bZwhd5dzEY0cbFEgsOH3_03,bZwhd5dzEY0cbFEgsOH3.pdf,14 March 2023,2023-03-16 to 2023-03-20,Forecast,False,digital_text,"(3) State of AJ&K. Neelum valley, Muzaffarabad, Poonch, Hattian, Bagh, Haveli, Sudhanoti, Kotli, Bhimber and Mirpur.",Neelum Valley,,,direct,1,,,,
bZwhd5dzEY0cbFEgsOH3_04,bZwhd5dzEY0cbFEgsOH3.pdf,14 March 2023,2023-03-16 to 2023-03-20,Forecast,False,digital_text,"(4) Punjab. Murree, Rawalpindi, Attock, Chakwal, Jhelum, Gujranwala, Gujrat, Hafizabad, Mandi Bahauddin, Sialkot, Narowal and Lahore.",Murree/Galliyat,,,direct,1,,,,
bZwhd5dzEY0cbFEgsOH3_05,bZwhd5dzEY0cbFEgsOH3.pdf,14 March 2023,2023-03-16 to 2023-03-20,Likely Impact,False,digital_text,"b. Possibility of Landslides in hilly areas of Khyber Pakhtunkhwa, Gilgit-Baltistan, Kashmir, Murree and Galliyat cannot be ruled out during the forecast period.",Murree/Galliyat,"Chitral, Dir, Gilgit, Hunza, Naran, Neelum Valley, Skardu, Swat","Gilgit-Baltistan, Kashmir, Khyber Pakhtunkhwa",direct,2,,,,
dD6azK18t1ysu1kLA5vH_01,dD6azK18t1ysu1kLA5vH.pdf,21 May 2024,2024-05-21,Alert Narrative,False,digital_text,Dated: 21 May 2024 Subject: GLOF ALERT – KHYBER PAKHTUNKHWA & GILGIT BALTISTAN Reference: NDMA Letter No.,,"Chitral, Dir, Gilgit, Hunza, Naran, Skardu, Swat","Gilgit-Baltistan, Khyber Pakhtunkhwa",implied_full_confidence,2,,,,
dD6azK18t1ysu1kLA5vH_02,dD6azK18t1ysu1kLA5vH.pdf,21 May 2024,2024-05-21,Alert Narrative,False,digital_text,F.2(E)2024-NDMA (MW/Summer Guidelines) dated 17 May 24 GLOF Alert for Khyber Pakhtunkhwa and Gilgit Baltistan (enclosed as “Annex-A”) has been issued.,,"Chitral, Dir, Gilgit, Hunza, Naran, Skardu, Swat","Gilgit-Baltistan, Khyber Pakhtunkhwa",implied_full_confidence,2,,,,
dD6azK18t1ysu1kLA5vH_03,dD6azK18t1ysu1kLA5vH.pdf,21 May 2024,2024-05-21,Alert Narrative,False,digital_text,"This combination could significantly increase the flow in rivers and associated streams & nullahs, raising chances of GLOF Events, flash floods, landslides / mudslides, in vulnerable mountainous areas of Khyber Pakhtunkhwa and Gilgit Baltistan (NDMA GLOF Risk Projection Map enclosed as “Annex-B”).",,"Chitral, Dir, Gilgit, Hunza, Naran, Skardu, Swat","Gilgit-Baltistan, Khyber Pakhtunkhwa",implied_full_confidence,2,,,,
dD6azK18t1ysu1kLA5vH_04,dD6azK18t1ysu1kLA5vH.pdf,21 May 2024,2024-05-21,Alert Narrative,False,digital_text,Map outlining the most vulnerable GLOF sites in KP & GB is as below: -,,"Chitral, Dir, Gilgit, Hunza, Naran, Skardu, Swat","Gilgit-Baltistan, Khyber Pakhtunkhwa",implied_full_confidence,2,,,,
eBXqgDcvLn5FyAK34k19_01,eBXqgDcvLn5FyAK34k19.pdf,14 January 2022,2022-01-16 to 2022-01-19,Annex - Forecast,True,manual_transcription,"Rain-thunderstorm with snowfall over the hills is expected in Chitral, Dir, Swat, Malakand, Kohistan, Shangla, Buner, Mansehra, Abbottabad, Haripur, Swabi, Mardan, Nowshera, Peshawar, Murree, Galliyat, Neelum Valley, Bagh, Haveli, Rawalakot, Gilgit-Baltistan (Diamer, Astore, Ghizer, Skardu, Hunza, Gilgit, Ghanche) from Sunday, 16th January (night) to Wednesday, 19th January 2022.","Hunza, Skardu, Gilgit, Swat, Murree/Galliyat, Chitral, Dir, Neelum Valley",Naran,Mansehra/Kaghan,direct,1,,,,
eBXqgDcvLn5FyAK34k19_02,eBXqgDcvLn5FyAK34k19.pdf,14 January 2022,2022-01-17 to 2022-01-18,Annex - Likely Impact,True,manual_transcription,"Snowfall may cause road closures in Murree, Galiyat, Nathiagali, Kaghan, Naran, Dir, Swat, Kohistan, Astore, Hunza, Skardu, Neelum Valley, Bagh and Rawalakot on Monday and Tuesday.","Hunza, Skardu, Naran, Swat, Murree/Galliyat, Dir, Neelum Valley",,,direct,2,,,,
eBXqgDcvLn5FyAK34k19_03,eBXqgDcvLn5FyAK34k19.pdf,14 January 2022,2022-01-16 to 2022-01-19,Annex - Likely Impact,True,manual_transcription,"Landslides may also occur in vulnerable areas of Dir, Swat, Kohistan, Shangla, Buner, Gilgit-Baltistan and Kashmir during the period.","Swat, Dir","Hunza, Skardu, Gilgit, Neelum Valley","Gilgit-Baltistan, Kashmir",direct,2,,,,
ffqd7NIYDqhTz3eh8Rma_01,ffqd7NIYDqhTz3eh8Rma.pdf,12 June 2025,2025-06-13 to 2025-06-16,Likely Impact,False,digital_text,(1) Rains may trigger Landslides / Rockfall in Murree and hilly areas.,Murree/Galliyat,,,direct,2,,,,
ffqd7NIYDqhTz3eh8Rma_02,ffqd7NIYDqhTz3eh8Rma.pdf,12 June 2025,2025-06-13 to 2025-06-16,Forecast,False,digital_text,"b. KP, GB and State of AJ&K",,"Chitral, Dir, Gilgit, Hunza, Naran, Neelum Valley, Skardu, Swat","Gilgit-Baltistan, Kashmir, Khyber Pakhtunkhwa",implied_discounted,1,,,,
fx1xRqPfosJVNS4HYZDC_01,fx1xRqPfosJVNS4HYZDC.pdf,13 November 2024,2024-10-14 to 2024-10-16,Forecast,True,digital_text,(1) Heavy rains may trigger Landslides in Murree and hilly areas from 14th to 16th October 2024.,Murree/Galliyat,,,direct,2,,,,
fx1xRqPfosJVNS4HYZDC_02,fx1xRqPfosJVNS4HYZDC.pdf,13 November 2024,2024-10-14 to 2024-10-16,Forecast,True,digital_text,"b. KP, Galiyat, GB and State of AJ&K",Murree/Galliyat,"Chitral, Dir, Gilgit, Hunza, Naran, Neelum Valley, Skardu, Swat","Gilgit-Baltistan, Kashmir, Khyber Pakhtunkhwa",direct,1,,,,
fx1xRqPfosJVNS4HYZDC_03,fx1xRqPfosJVNS4HYZDC.pdf,13 November 2024,2024-10-14 to 2024-10-16,Forecast,True,digital_text,"(2) Heavy rains may trigger Landslides in Galiyat, Mansehra, Kohistan, Chitral, Dir, Swat, Shangla, Buner, Kashmir and Gilgit-Baltistan from 14th to 16th October.","Swat, Murree/Galliyat, Chitral, Dir","Gilgit, Hunza, Naran, Neelum Valley, Skardu","Gilgit-Baltistan, Kashmir, Mansehra/Kaghan",direct,2,,,,
h5pLxGUCwdEE4B9eblSG_01,h5pLxGUCwdEE4B9eblSG.pdf,8 March 2024,2024-03-11 to 2024-03-15,Forecast,True,digital_text,"Dated: 8 March 2024 Subject: Rain-Wind / Thunderstorms with Snowfall over the Hills - Predicted in Country from 11th to 15th March 2024 Reference: A. Winter Guidelines vide NDMA Letter No. F.2 (E)/2022-NDMA (MW/Winter-Tourist-Guidelines-2023-24) of 7 December 23 B. NDMA letter No. F-2(E)/2023-NDMA(Winter Hazards/Preparedness) of 21 December 23. Pakistan Meteorological Department (PMD Press Release at Annex-A) have forecasted that a westerly wave is entering from 9th March 2024 and likely to extend to upper parts on 11th March 2024. Followed by another westerly wave on 12th March 2024. Under the influence, Rain-wind / Thunderstorms with snowfall over hills is expected in following areas of the country: - Balochistan Kharan, Panjgur, Kech, Turbat, Washuk, Gwadar, Awaran, Khuzdar, Kalat, Lasbella Balochistan  Chaghi  Noushki  Washuk  Mastung  Sibi  Naseerabad  Zhob  Sherani  Barkhan  Musakhel  Kohlu  Jhal Magsi  Loralai  Ziarat  Quetta  Chaman  Pishin  Qila Abdullah  Qila Saifullah Khyber Pakhtunkhwa  Chitral  Dir  Swat  Abbottabad  Mansehra  Torghar  Kohistan  Haripur  Shangla  Karak  Peshawar  Charsadda  Nowshehra  Swabi  Buner  Bajaur  Kurram  Orakzai  Waziristan  Bannu  Kohat  DI Khan  Lakki Marwat  Tank Punjab  Rawalpindi  Murree  Galliyat  Rawalpindi  Attock  Chakwal  Jhelum  Gujrat  Gujranwala  Hafizabad  Sialkot  Narowal  Lahore  Kasur  Okara  Faisalabad  TT Singh  Jhang  Mianwali  Khushab  Sargodha  Bhakkar Islamabad AJ&K","Swat, Murree/Galliyat, Chitral, Dir","Naran, Neelum Valley","Kashmir, Khyber Pakhtunkhwa, Mansehra/Kaghan",direct,1,,,,
h5pLxGUCwdEE4B9eblSG_02,h5pLxGUCwdEE4B9eblSG.pdf,8 March 2024,2024-03-11 to 2024-03-15,Forecast,True,digital_text,• Mirpur Gilgit Baltistan,,"Gilgit, Hunza, Skardu",Gilgit-Baltistan,implied_discounted,1,,,,
h5pLxGUCwdEE4B9eblSG_03,h5pLxGUCwdEE4B9eblSG.pdf,8 March 2024,2024-03-11 to 2024-03-15,Forecast,True,digital_text,"a. KP, GB, Murree, Galliyat",Murree/Galliyat,"Chitral, Dir, Gilgit, Hunza, Naran, Skardu, Swat","Gilgit-Baltistan, Khyber Pakhtunkhwa",direct,1,,,,
h5pLxGUCwdEE4B9eblSG_04,h5pLxGUCwdEE4B9eblSG.pdf,8 March 2024,2024-03-11 to 2024-03-15,Forecast,True,digital_text,"(1) Snowfall may disrupt roads in Murree, Galliyat, Naran, Kaghan, Dir, Swat, Kohistan, Mansehra, Abbottabad, Shangla, Astore, Hunza, Skardu, Neelum valley, Bagh, Poonch and Haveli during the forecast period.","Hunza, Skardu, Naran, Swat, Murree/Galliyat, Dir, Neelum Valley",,,direct,2,,,,
h5pLxGUCwdEE4B9eblSG_05,h5pLxGUCwdEE4B9eblSG.pdf,8 March 2024,2024-03-11 to 2024-03-15,Forecast,True,digital_text,"(4) Landslides, mudslides, isolated rain spells and snowfall may lead to potential road blockages in Upper Khyber Pakhtunkhwa, Murree, Galliyat, Kashmir and Gilgit Baltistan.",Murree/Galliyat,"Chitral, Dir, Gilgit, Hunza, Naran, Neelum Valley, Skardu, Swat","Gilgit-Baltistan, Kashmir, Khyber Pakhtunkhwa",direct,2,,,,
hCjY5cOMqzsz1MV4UE7q_01,hCjY5cOMqzsz1MV4UE7q.pdf,21 July 2023,2023-07-22 to 2023-07-26,Forecast,False,digital_text,"(1) Khyber Pakhtunkhwa. Chitral, Dir, Swat, Shangla, Buner, Mansehra, Kohistan, Abbottabad, Haripur, Peshawar, Mardan, Swabi, Nowshera, Kurram, Lakki Marwat, Kohat, Dera Ismail Khan, Bannu, Karak and Waziristan.","Swat, Chitral, Dir",Naran,"Khyber Pakhtunkhwa, Mansehra/Kaghan",direct,1,,,,
hCjY5cOMqzsz1MV4UE7q_02,hCjY5cOMqzsz1MV4UE7q.pdf,21 July 2023,2023-07-22 to 2023-07-26,Forecast,False,digital_text,"(2) Punjab. Murree, Galliyat, Rawalpindi, Attock, Chakwal, Jhelum, Mandi Bahauddin, Sialkot, Narowal, Lahore, Sheikhupura, Hafizabad, Gujranwala, Gujrat, Kasur, Mianwali, Sargodha, Khusab, Faisalabad, Toba Tek Singh, Jhang, Sahiwal, Bahawalnagar, Okara.",Murree/Galliyat,,,direct,1,,,,
hCjY5cOMqzsz1MV4UE7q_03,hCjY5cOMqzsz1MV4UE7q.pdf,21 July 2023,2023-07-22 to 2023-07-26,Forecast,False,digital_text,"(1) Gilgit-Baltistan. Diamir, Astore, Ghizer, Skardu, Hunza, Gilgit, Ghanche, Shigar.","Hunza, Skardu, Gilgit",,,direct,1,,,,
hCjY5cOMqzsz1MV4UE7q_04,hCjY5cOMqzsz1MV4UE7q.pdf,21 July 2023,2023-07-22 to 2023-07-26,Forecast,False,digital_text,"(2) AJ&K. Neelum valley, Muzaffarabad, Poonch, Hattian, Bagh, Haveli, Sudhanoti, Kotli, Bhimber, Mirpur.",Neelum Valley,,,direct,1,,,,
hCjY5cOMqzsz1MV4UE7q_05,hCjY5cOMqzsz1MV4UE7q.pdf,21 July 2023,2023-07-22 to 2023-07-26,Likely Impact,False,digital_text,"a. Heavy rains may cause urban flooding in low lying areas of Islamabad/Rawalpindi, Peshawar, Gujranwala, Lahore from 22nd to 26th July and may trigger landslides in the vulnerable areas of Murree, Galiyat, Kashmir, Gilgit Baltistan and hilly areas of Khyber Pakhtunkhwa during the period.",Murree/Galliyat,"Chitral, Dir, Gilgit, Hunza, Naran, Neelum Valley, Skardu, Swat","Gilgit-Baltistan, Kashmir, Khyber Pakhtunkhwa",direct,2,,,,
hCjY5cOMqzsz1MV4UE7q_06,hCjY5cOMqzsz1MV4UE7q.pdf,21 July 2023,2023-07-22 to 2023-07-26,Likely Impact,False,digital_text,"b. Heavy rain may generate flash flooding in Kashmir, Dir, Swat, Kohistan, Shangla, Buner, Manshera, Abbottabad, Rawalpindi/Islamabad during 22nd to 26th July, while in hill torrent of Dera Ghazi Khan and adjoining areas of northeast Balochistan on 22nd and 23rd July.","Swat, Dir",Neelum Valley,Kashmir,direct,2,,,,
hKsfpa45czbgrJeCaZDZ_01,hKsfpa45czbgrJeCaZDZ.pdf,14 June 2023,2023-06-15 to 2023-06-19,Forecast,True,digital_text,"Dated: 14 June 2023 Subject: Guidance for Proactive Preparedness and Vigilance During Eid-ul-Azha Holidays and Rains-wind / Thunderstorms Reference: NDMA Summer Hazards Contingency Plan 2024, NDMA Summer Guidelines & NDMA Monsoon Contingency Plan 2024 In light of forecasted warmer than average temperatures and chances of rain-wind / thunderstorms during Eid-ul-Azha Holidays (15-19 June) and up to 22 June (NDMA Tech Team Weather Projections at Annex-A & PMD Press Release at Annex-B) there is a need to ensure proactive preparedness through enhanced vigilance and mass public awareness. Additional guidance in this regard can be sought from already issued NDMA Tourist Guidelines & Checklist available on NDMA Website. Furthermore, NDMA has released the “PAK-NDMA Disaster Alert” application on Google Play Store and iOS App Store to provide general public with up-to-date alerts, advisories and hazard specific guidelines, public service messages and more. Under influence of above said system following areas are expected to be affected: - Khyber Pakhtunkhwa",,"Chitral, Dir, Naran, Swat",Khyber Pakhtunkhwa,implied_discounted,1,,,,
hKsfpa45czbgrJeCaZDZ_02,hKsfpa45czbgrJeCaZDZ.pdf,14 June 2023,2024-06-16 to 2024-06-18,Forecast,True,digital_text,"•Kurram Winds/ Thunderstorm with Isolated Rainfall From 16th (Evening) to 18th June 2024 Winds/ Thunderstorm with Isolated Rainfall From 18th (Evening) to 22nd June 2024 Khyber Pakhtunkhwa Abbottabad, Lower Dir, Upper Dir, Swat, Malakand, Bajaur, Lower Kohistan, Upper Kohistan, Chitral, Shangla, Battagram, Buner, Mansehra, Torghar, Haripur, Peshawar, Mardan, Kurram, Hangu, Mohmand, Khyber, Charsadda, Waziristan, Orakzai, Kohat, Karak, Bannu, Lakki Marwat, Tank, D.I. Khan, Nowshera GB","Swat, Chitral, Dir","Gilgit, Hunza, Naran, Skardu","Gilgit-Baltistan, Khyber Pakhtunkhwa, Mansehra/Kaghan",direct,1,,,,
hKsfpa45czbgrJeCaZDZ_03,hKsfpa45czbgrJeCaZDZ.pdf,14 June 2023,2024-06-18 to 2024-06-22,Forecast,True,digital_text,"•Shigar AJ&K Neelum, Muzaffarabad, Rawalakot, Poonch, Hattian, Bagh, Haveli, Sudhnoti, Kotli, Bhimber, Mirpur Winds/ Thunderstorm with Isolated Rainfall From 18th to 22nd June 2024 Winds/ Thunderstorm with Isolated Rainfall From 18th June (Night) to 22nd June 2024 Punjab",Neelum Valley,,,direct,1,,,,
hKsfpa45czbgrJeCaZDZ_04,hKsfpa45czbgrJeCaZDZ.pdf,14 June 2023,2024-06-16 to 2024-06-18,Forecast,True,digital_text,"a. KP, GB, Galiyat, Murree and State of AJ&K",Murree/Galliyat,"Chitral, Dir, Gilgit, Hunza, Naran, Neelum Valley, Skardu, Swat","Gilgit-Baltistan, Kashmir, Khyber Pakhtunkhwa",direct,1,,,,
hKsfpa45czbgrJeCaZDZ_05,hKsfpa45czbgrJeCaZDZ.pdf,14 June 2023,2024-06-16 to 2024-06-18,Forecast,True,digital_text,"(1) Rainfall may trigger landslides, mudslides or falling boulders potentially disrupting roads during this period in Upper Khyber Pakhtunkhwa, Galiyat, Murree, Gilgit Baltistan and State of AJ&K.",Murree/Galliyat,"Chitral, Dir, Gilgit, Hunza, Naran, Neelum Valley, Skardu, Swat","Gilgit-Baltistan, Kashmir, Khyber Pakhtunkhwa",direct,2,,,,
iDbV4myTN5faetXnz4yb_01,iDbV4myTN5faetXnz4yb.pdf,05 July 2022,2022-07-05,Forecast,False,digital_text,"2. PDMA KP and GBDMA Only. Due to prevailing persistent high temperatures and expected rain spells, possibilities of GLOF and increased flows of water in rivers/ streams cannot be ruled out. The district administration and local communities be advised to remain alert to the developing situation, while preparing/ rehearsing the contingency evacuation plans of at risk communities.",,"Chitral, Dir, Naran, Swat",Khyber Pakhtunkhwa,implied_full_confidence,2,,,,
iDbV4myTN5faetXnz4yb_02,iDbV4myTN5faetXnz4yb.pdf,05 July 2022,2022-07-05,Likely Impact,False,digital_text,"o Rain-windstorm/thundershower (Isolated heavy falls) are expected in Zhob, Ziarat, Barkhan, Loralai, Kohlu, Quetta, Kalat, Khuzdar, Lasbella, Naseerabad, Sibbi, Panjgur, Turbat, Pasni, Gwadar, Ormara, Kech, Awaran, and Kharan from Tuesday 05th July (night) to Thursday 07th July. Khyber Pakhtunkhwa",,"Chitral, Dir, Naran, Swat",Khyber Pakhtunkhwa,implied_discounted,1,,,,
iDbV4myTN5faetXnz4yb_03,iDbV4myTN5faetXnz4yb.pdf,05 July 2022,2022-07-05,Forecast,False,digital_text,"o Rain-windstorm/thundershower are expected in Swat, Mansehra, Kohistan, Abbottabad, Haripur, Peshawar, Mardan, Swabi and Nowshera Tuesday 05th July (night) to Thursday 07th July (morning). Punjab",Swat,Naran,Mansehra/Kaghan,direct,1,,,,
iDbV4myTN5faetXnz4yb_04,iDbV4myTN5faetXnz4yb.pdf,05 July 2022,2022-07-05,Forecast,False,digital_text,"o Rain-windstorm/thundershower are expected in Rawalpindi, Murree, Attock, Chakwal, Jhelum, Sargodha, Hafizabad, M. B Din, Sialkot, Narowal, Mianwali, Bhakkar, Lahore, Gujranwala, Gujrat, Sheikhupura, Faisalabad, Jhang, T.T Singh, Okara, Tuesday 05th July (night) to Thursday 07th July (morning). Sindh",Murree/Galliyat,,,direct,1,,,,
iDbV4myTN5faetXnz4yb_05,iDbV4myTN5faetXnz4yb.pdf,05 July 2022,2022-07-05,Likely Impact,False,digital_text,"• Rain-windstorm/thundershower (Isolated heavy falls) are expected in Mirpurkhas, Dadu, Karachi, Thatta, and Badin from Tuesday 05th July (night) to 07 July. Azad Jammu & Kashmir",,Neelum Valley,Kashmir,implied_discounted,1,,,,
iDbV4myTN5faetXnz4yb_06,iDbV4myTN5faetXnz4yb.pdf,05 July 2022,2022-07-05,Likely Impact,False,digital_text,o Rain-windstorm/thundershower (Isolated heavy falls) are expected in Kashmir from Tuesday 05th July (night) to Thursday 07th July (morning). Possible Impacts,,Neelum Valley,Kashmir,implied_discounted,1,,,,
iDbV4myTN5faetXnz4yb_07,iDbV4myTN5faetXnz4yb.pdf,05 July 2022,2022-07-05,Likely Impact,False,digital_text,"• Flash flooding is also expected in local nullahs of Islamabad, Rawalpindi, Kashmir, Khuzdar, Lasbella, Naseerabad, Gwadar, Awaran, Barkhan, Bolan and Kohlu during the forecast period.",,Neelum Valley,Kashmir,implied_full_confidence,2,,,,
iDbV4myTN5faetXnz4yb_08,iDbV4myTN5faetXnz4yb.pdf,05 July 2022,2022-07-05,Likely Impact,False,digital_text,"• Rainfall may trigger landslides in Kashmir, Galliyat and Murree, Chillas, Diamer, Gilgit, Hunza, Astore, and Skardu","Hunza, Skardu, Gilgit, Murree/Galliyat",Neelum Valley,Kashmir,direct,2,,,,
jlTjOzgmi28R5fjVNqaq_01,jlTjOzgmi28R5fjVNqaq.pdf,27th May 2024,2024-05-28 to 2024-06-01,Forecast,True,digital_text,• Mianwali Khyber Pakhtunkhwa,,"Chitral, Dir, Naran, Swat",Khyber Pakhtunkhwa,implied_discounted,1,,,,
jlTjOzgmi28R5fjVNqaq_02,jlTjOzgmi28R5fjVNqaq.pdf,27th May 2024,2024-05-28 to 2024-06-01,Forecast,True,digital_text,"a. KP, GB, Galiyat, Murree and State of AJ&K",Murree/Galliyat,"Chitral, Dir, Gilgit, Hunza, Naran, Neelum Valley, Skardu, Swat","Gilgit-Baltistan, Kashmir, Khyber Pakhtunkhwa",direct,1,,,,
jlTjOzgmi28R5fjVNqaq_03,jlTjOzgmi28R5fjVNqaq.pdf,27th May 2024,2024-05-28 to 2024-06-01,Forecast,True,digital_text,"(5) Landslides, mudslides, may lead to potential road blockages in Upper Khyber Pakhtunkhwa, Galiyat, Murree, Gilgit Baltistan and State of AJ&K.",Murree/Galliyat,"Chitral, Dir, Gilgit, Hunza, Naran, Neelum Valley, Skardu, Swat","Gilgit-Baltistan, Kashmir, Khyber Pakhtunkhwa",direct,2,,,,
k1zyWXtt0TLTNdGdAn3e_01,k1zyWXtt0TLTNdGdAn3e.pdf,29 February 2024,2024-02-29 to 2024-03-02,Likely Impact,True,digital_text,"o Flash flooding in local nullahs and waterways of Balochistan, Khyber Pakhtunkhwa, Murree, Galiyat, Islamabad and Rawalpindi.",Murree/Galliyat,"Chitral, Dir, Naran, Swat",Khyber Pakhtunkhwa,direct,2,,,,
k1zyWXtt0TLTNdGdAn3e_02,k1zyWXtt0TLTNdGdAn3e.pdf,29 February 2024,2024-02-29 to 2024-03-02,Likely Impact,True,digital_text,"o Landslides / mudslides in vulnerable hilly / mountainous areas of Balochistan, Khyber Pakhtunkhwa, Gilgit Baltistan and State of AJ&K.",,"Chitral, Dir, Gilgit, Hunza, Naran, Neelum Valley, Skardu, Swat","Gilgit-Baltistan, Kashmir, Khyber Pakhtunkhwa",implied_full_confidence,2,,,,
k1zyWXtt0TLTNdGdAn3e_03,k1zyWXtt0TLTNdGdAn3e.pdf,29 February 2024,2024-02-29 to 2024-03-02,Forecast,True,digital_text,"• Temperatures are likely to drop significantly across the country, especially in Balochistan, Khyber Pakhtunkhwa, Gilgit Baltistan and State of AJ&K.",,"Chitral, Dir, Gilgit, Hunza, Naran, Neelum Valley, Skardu, Swat","Gilgit-Baltistan, Kashmir, Khyber Pakhtunkhwa",implied_discounted,1,,,,
k1zyWXtt0TLTNdGdAn3e_04,k1zyWXtt0TLTNdGdAn3e.pdf,29 February 2024,2024-02-29 to 2024-03-02,Forecast,True,digital_text,"o Khyber Pakhtunkhwa. Districts Dera Ismail Khan, South Waziristan, North Waziristan, Tank, Bannu, Lakki Marwat, Hangu, Karak, Kohat, Kurram, Orakzai, Khyber, Mohmand, Peshawar, Charsadda, Bajaur, Lower Dir, Upper Dir, Lower Chitral, Upper Chitral, Swat, Shangla, Torghar, Kolai-Palas, Mansehra, Lower Kohistan, Upper Kohistan","Swat, Chitral, Dir",Naran,"Khyber Pakhtunkhwa, Mansehra/Kaghan",direct,1,,,,
k1zyWXtt0TLTNdGdAn3e_05,k1zyWXtt0TLTNdGdAn3e.pdf,29 February 2024,2024-02-29 to 2024-03-02,Forecast,True,digital_text,"o Gilgit Baltistan. Districts Ghizer, Hunza, Astore, Diamer, Skardu, Gilgit, Ghanche and Shigar.","Hunza, Skardu, Gilgit",,,direct,1,,,,
k1zyWXtt0TLTNdGdAn3e_06,k1zyWXtt0TLTNdGdAn3e.pdf,29 February 2024,2024-02-29 to 2024-03-02,Forecast,True,digital_text,o State of AJ&K. District Neelum.,Neelum Valley,,,direct,1,,,,
k1zyWXtt0TLTNdGdAn3e_07,k1zyWXtt0TLTNdGdAn3e.pdf,29 February 2024,2024-02-29 to 2024-03-02,Forecast,True,digital_text,"o Khyber Pakhtunkhwa. Districts Dera Ismail Khan, South Waziristan, North Waziristan, Tank, Bannu, Lakki Marwat, Hangu, Karak, Kohat, Kurram, Orakzai, Khyber, Mohmand, Peshawar, Charsadda, Bajaur, Lower Dir, Upper Dir, Lower Chitral, Upper Chitral, Malakand, Swat, Shangla, Torghar, Battagram, Kolai-Palas, Mansehra, Lower Kohistan and Upper Kohistan.","Swat, Chitral, Dir",Naran,"Khyber Pakhtunkhwa, Mansehra/Kaghan",direct,1,,,,
k1zyWXtt0TLTNdGdAn3e_08,k1zyWXtt0TLTNdGdAn3e.pdf,29 February 2024,2024-02-29 to 2024-03-02,Forecast,True,digital_text,"o Gilgit Baltistan. Districts Ghizer, Hunza, Astore, Diamer, Skardu, Gilgit, Ghanche and Shigar.","Hunza, Skardu, Gilgit",,,direct,1,,,,
k1zyWXtt0TLTNdGdAn3e_09,k1zyWXtt0TLTNdGdAn3e.pdf,29 February 2024,2024-02-29 to 2024-03-02,Forecast,True,digital_text,"o State of AJ&K. Districts Neelum, Muzaffarabad, Rawalakot, Poonch, Bagh, Mirpur, Kotli, Hattian, Haveli and Bhimber",Neelum Valley,,,direct,1,,,,
k1zyWXtt0TLTNdGdAn3e_10,k1zyWXtt0TLTNdGdAn3e.pdf,29 February 2024,2024-02-29 to 2024-03-02,Forecast,True,digital_text,"o Khyber Pakhtunkhwa. Districts Dera Ismail Khan, South Waziristan, North Waziristan, Tank, Bannu, Lakki Marwat, Hangu, Karak, Kohat, Kurram, Orakzai, Khyber, Mohmand, Peshawar, Charsadda, Bajaur, Lower Dir, Upper Dir, Lower Chitral, Upper Chitral, Malakand, Swat, Shangla, Torghar, Swabi, Mardan, Nowshera, Haripur, Abbottabad, Galiyat, Battagram, Kolai-Palas, Mansehra, Lower Kohistan and Upper Kohistan.","Swat, Murree/Galliyat, Chitral, Dir",Naran,"Khyber Pakhtunkhwa, Mansehra/Kaghan",direct,1,,,,
k1zyWXtt0TLTNdGdAn3e_11,k1zyWXtt0TLTNdGdAn3e.pdf,29 February 2024,2024-02-29 to 2024-03-02,Forecast,True,digital_text,"o Punjab. Districts Dera Ghazi Khan, Mianwali, Attock, Talagang, Chakwal, Rajanpur, Multan, Khanewal, Sahiwal, Nankana Sahib, Rahim Yar Khan, Muzaffargarh, Kot Addu, Vehari, Pakpattan, Kasur, Okara, Taunsa, Jhang, Layyah, Murree, Rawalpindi, Jhelum, Gujranwala, Hafizabad, Mandi Bahauddin, Narowal, Sialkot and Gujarat.",Murree/Galliyat,,,direct,1,,,,
k1zyWXtt0TLTNdGdAn3e_12,k1zyWXtt0TLTNdGdAn3e.pdf,29 February 2024,2024-02-29 to 2024-03-02,Forecast,True,digital_text,"o Gilgit Baltistan. Districts Ghizer, Hunza, Astore, Diamer, Skardu, Gilgit, Ghanche and Shigar.","Hunza, Skardu, Gilgit",,,direct,1,,,,
k1zyWXtt0TLTNdGdAn3e_13,k1zyWXtt0TLTNdGdAn3e.pdf,29 February 2024,2024-02-29 to 2024-03-02,Forecast,True,digital_text,"o State of AJ&K. Districts Neelum, Muzaffarabad, Rawalakot, Poonch, Bagh, Mirpur, Kotli, Hattian, Haveli and Bhimber",Neelum Valley,,,direct,1,,,,
k1zyWXtt0TLTNdGdAn3e_14,k1zyWXtt0TLTNdGdAn3e.pdf,29 February 2024,2024-02-29 to 2024-03-02,Forecast,True,digital_text,"o Khyber Pakhtunkhwa. Districts Dera Ismail Khan, South Waziristan, North Waziristan, Tank, Bannu, Lakki Marwat, Hangu, Karak, Kohat, Kurram, Orakzai, Khyber, Mohmand, Peshawar, Charsadda, Bajaur, Lower Dir, Upper Dir, Lower Chitral, Upper Chitral, Malakand, Swat, Shangla, Torghar, Swabi, Mardan, Nowshera, Haripur, Abbottabad, Galiyat, Battagram, Kolai-Palas, Mansehra, Lower Kohistan and Upper Kohistan.","Swat, Murree/Galliyat, Chitral, Dir",Naran,"Khyber Pakhtunkhwa, Mansehra/Kaghan",direct,1,,,,
k1zyWXtt0TLTNdGdAn3e_15,k1zyWXtt0TLTNdGdAn3e.pdf,29 February 2024,2024-02-29 to 2024-03-02,Forecast,True,digital_text,"o Punjab. Districts Dera Ghazi Khan, Mianwali, Attock, Talagang, Chakwal, Rajanpur, Multan, Khanewal, Faisalabad, Sahiwal, Nankana Sahib, Rahim Yar Khan, Muzaffargarh, Bahawalpur, Bahawalnagar, Kot Addu, Vehari, Pakpattan, Kasur, Chiniot, Okara, Taunsa, Jhang, Layyah, Murree, Rawalpindi, Jhelum, Gujranwala, Hafizabad, Mandi Bahauddin, Narowal, Sialkot, Toba Tek Singh and Gujarat.",Murree/Galliyat,,,direct,1,,,,
k1zyWXtt0TLTNdGdAn3e_16,k1zyWXtt0TLTNdGdAn3e.pdf,29 February 2024,2024-02-29 to 2024-03-02,Forecast,True,digital_text,"o Gilgit Baltistan. Districts Ghizer, Hunza, Astore, Diamer, Skardu, Gilgit, Ghanche and Shigar.","Hunza, Skardu, Gilgit",,,direct,1,,,,
k1zyWXtt0TLTNdGdAn3e_17,k1zyWXtt0TLTNdGdAn3e.pdf,29 February 2024,2024-02-29 to 2024-03-02,Forecast,True,digital_text,"o State of AJ&K. Districts Neelum, Muzaffarabad, Rawalakot, Poonch, Bagh, Mirpur, Kotli, Hattian, Haveli and Bhimber",Neelum Valley,,,direct,1,,,,
k1zyWXtt0TLTNdGdAn3e_18,k1zyWXtt0TLTNdGdAn3e.pdf,29 February 2024,2024-02-29 to 2024-03-02,Forecast,True,digital_text,"o Khyber Pakhtunkhwa. Districts Dera Ismail Khan, South Waziristan, North Waziristan, Tank, Bannu, Lakki Marwat, Hangu, Karak, Kohat, Kurram, Orakzai, Khyber, Mohmand, Peshawar, Charsadda, Bajaur, Lower Dir, Upper Dir, Lower Chitral, Upper Chitral, Malakand, Swat, Shangla, Torghar, Swabi, Mardan, Nowshera, Haripur, Abbottabad, Galiyat, Battagram, Kolai-Palas, Mansehra, Lower Kohistan and Upper Kohistan.","Swat, Murree/Galliyat, Chitral, Dir",Naran,"Khyber Pakhtunkhwa, Mansehra/Kaghan",direct,1,,,,
k1zyWXtt0TLTNdGdAn3e_19,k1zyWXtt0TLTNdGdAn3e.pdf,29 February 2024,2024-02-29 to 2024-03-02,Forecast,True,digital_text,"o Punjab. Districts Dera Ghazi Khan, Pakpattan, Okara, Faisalabad, Chiniot, Sahiwal, Kasur, Lahore, Narowal, Sheikhupura, Sialkot, Gujranwala, Hafizabad, Mandi Bahauddin, Gujarat, Jhelum, Chakwal, Talagang, Mianwali, Rawalpindi, Murree, Sargodha,",Murree/Galliyat,,,direct,1,,,,
k1zyWXtt0TLTNdGdAn3e_20,k1zyWXtt0TLTNdGdAn3e.pdf,29 February 2024,2024-02-29 to 2024-03-02,Forecast,True,digital_text,"o Gilgit Baltistan. Districts Ghizer, Hunza, Astore, Diamer, Skardu, Gilgit, Ghanche and Shigar.","Hunza, Skardu, Gilgit",,,direct,1,,,,
k1zyWXtt0TLTNdGdAn3e_21,k1zyWXtt0TLTNdGdAn3e.pdf,29 February 2024,2024-02-29 to 2024-03-02,Forecast,True,digital_text,"o State of AJ&K. Districts Neelum, Muzaffarabad, Rawalakot, Poonch, Bagh, Mirpur, Kotli, Hattian, Haveli and Bhimber.",Neelum Valley,,,direct,1,,,,
k1zyWXtt0TLTNdGdAn3e_22,k1zyWXtt0TLTNdGdAn3e.pdf,29 February 2024,2024-02-29 to 2024-03-02,Forecast,True,digital_text,"o Khyber Pakhtunkhwa. Districts Dera Ismail Khan, South Waziristan, North Waziristan, Tank, Bannu, Lakki Marwat, Hangu, Karak, Kohat, Kurram, Orakzai, Khyber, Mohmand, Peshawar, Charsadda, Bajaur, Lower Dir, Upper Dir, Lower Chitral, Upper Chitral, Malakand, Swat, Shangla, Torghar, Swabi, Mardan, Nowshera, Haripur, Abbottabad, Galiyat, Battagram, Kolai-Palas, Mansehra, Lower Kohistan and Upper Kohistan.","Swat, Murree/Galliyat, Chitral, Dir",Naran,"Khyber Pakhtunkhwa, Mansehra/Kaghan",direct,1,,,,
k1zyWXtt0TLTNdGdAn3e_23,k1zyWXtt0TLTNdGdAn3e.pdf,29 February 2024,2024-02-29 to 2024-03-02,Forecast,True,digital_text,"o Punjab. Districts Faisalabad, Lahore, Narowal, Sheikhupura, Sialkot, Gujranwala, Gujarat, Jhelum, Chakwal, Talagang, Mianwali, Rawalpindi and Murree.",Murree/Galliyat,,,direct,1,,,,
k1zyWXtt0TLTNdGdAn3e_24,k1zyWXtt0TLTNdGdAn3e.pdf,29 February 2024,2024-02-29 to 2024-03-02,Forecast,True,digital_text,"o Gilgit Baltistan. Districts Ghizer, Hunza, Astore, Diamer, Skardu, Gilgit, Ghanche and Shigar.","Hunza, Skardu, Gilgit",,,direct,1,,,,
k1zyWXtt0TLTNdGdAn3e_25,k1zyWXtt0TLTNdGdAn3e.pdf,29 February 2024,2024-02-29 to 2024-03-02,Forecast,True,digital_text,"o State of AJ&K. Districts Neelum, Muzaffarabad, Rawalakot, Poonch, Bagh, Mirpur, Kotli, Hattian, Haveli and Bhimber.",Neelum Valley,,,direct,1,,,,
k91eTnUVRUWjMyYuIhDc_01,k91eTnUVRUWjMyYuIhDc.pdf,"28 February, 2025",2025-03-02 to 2025-03-03,Forecast,True,digital_text,(1) Rains may trigger Landslides in Murree and hilly areas.,Murree/Galliyat,,,direct,2,,,,
k91eTnUVRUWjMyYuIhDc_02,k91eTnUVRUWjMyYuIhDc.pdf,"28 February, 2025",2025-03-02 to 2025-03-03,Forecast,True,digital_text,"b. Balochistan, KP, Galiyat, GB and State of AJ&K",Murree/Galliyat,"Chitral, Dir, Gilgit, Hunza, Naran, Neelum Valley, Skardu, Swat","Gilgit-Baltistan, Kashmir, Khyber Pakhtunkhwa",direct,1,,,,
k91eTnUVRUWjMyYuIhDc_03,k91eTnUVRUWjMyYuIhDc.pdf,"28 February, 2025",2025-03-02 to 2025-03-03,Forecast,True,digital_text,"(2) Heavy rains may trigger Landslides in Galiyat, Mansehra, Kohistan, Chitral, Dir, Swat, Shangla, Buner, Sherani, Zhob, Kashmir and Gilgit-Baltistan.","Swat, Murree/Galliyat, Chitral, Dir","Gilgit, Hunza, Naran, Neelum Valley, Skardu","Gilgit-Baltistan, Kashmir, Mansehra/Kaghan",direct,2,,,,
kPWqUmRriHqIR2hWoWX1_01,kPWqUmRriHqIR2hWoWX1.pdf,28th November 2024,2024-11-28,Forecast,True,digital_text,(1) Rains may trigger Landslides in Murree and hilly areas from 28th November to 2nd December 2024.,Murree/Galliyat,,,direct,2,,,,
kPWqUmRriHqIR2hWoWX1_02,kPWqUmRriHqIR2hWoWX1.pdf,28th November 2024,2024-11-28,Forecast,True,digital_text,"b. KP, Galiyat, GB and State of AJ&K",Murree/Galliyat,"Chitral, Dir, Gilgit, Hunza, Naran, Neelum Valley, Skardu, Swat","Gilgit-Baltistan, Kashmir, Khyber Pakhtunkhwa",direct,1,,,,
kPWqUmRriHqIR2hWoWX1_03,kPWqUmRriHqIR2hWoWX1.pdf,28th November 2024,2024-11-28,Forecast,True,digital_text,"(2) Heavy rains may trigger Landslides in Galiyat, Mansehra, Kohistan, Chitral, Dir, Swat, Shangla, Buner, Kashmir and Gilgit-Baltistan from 28th November to 2nd December 2024.","Swat, Murree/Galliyat, Chitral, Dir","Gilgit, Hunza, Naran, Neelum Valley, Skardu","Gilgit-Baltistan, Kashmir, Mansehra/Kaghan",direct,2,,,,
ktfMw7KlAje9S3a5utGr_01,ktfMw7KlAje9S3a5utGr.pdf,19 August 2022,2022-08-20 to 2022-08-23,Likely Impact,False,digital_text,"b. Rain-wind/thundershowers (with isolated heavy falls) are expected at scattered places in Khyber Pakhtunkhuwa, Punjab, Kashmir and Gilgit Baltistan from 20-23 August with occasional gaps.",,"Gilgit, Hunza, Neelum Valley, Skardu","Gilgit-Baltistan, Kashmir",implied_discounted,1,,,,
m90b2FygyjW5XgLn3M77_01,m90b2FygyjW5XgLn3M77.pdf,3 November 2022,2022-11-04 to 2022-11-07,Forecast,True,digital_text,"a. Rain-wind/thunderstorm (snowfall over the mountains) with isolated hailstorms expected in Northern KP and GB from 4th (evening/night) to 7th November, while in parts of Northern/ Central Punjab and Southern KP from 5th to 7th November ( morning) 2022.",,"Chitral, Dir, Gilgit, Hunza, Naran, Skardu, Swat","Gilgit-Baltistan, Khyber Pakhtunkhwa",implied_discounted,1,,,,
m90b2FygyjW5XgLn3M77_02,m90b2FygyjW5XgLn3M77.pdf,3 November 2022,2022-11-05 to 2022-11-06,Forecast,True,digital_text,"b. Heavy rainfall is expected in parts of KP, Kashmir, Islamabad, Pothohar region and Eastern Punjab from 5th to 6th November 2022.",,"Chitral, Dir, Naran, Neelum Valley, Swat","Kashmir, Khyber Pakhtunkhwa",implied_discounted,1,,,,
mSHY8np1vbE08AOpbWTj_01,mSHY8np1vbE08AOpbWTj.pdf,"24 Mar, 2025",2025-03-25 to 2025-03-27,Forecast,True,digital_text,(1) Rains may trigger Landslides in Murree and hilly areas.,Murree/Galliyat,,,direct,2,,,,
mSHY8np1vbE08AOpbWTj_02,mSHY8np1vbE08AOpbWTj.pdf,"24 Mar, 2025",2025-03-25 to 2025-03-27,Forecast,True,digital_text,"b. Balochistan, KP, Galiyat, GB and State of AJ&K",Murree/Galliyat,"Chitral, Dir, Gilgit, Hunza, Naran, Neelum Valley, Skardu, Swat","Gilgit-Baltistan, Kashmir, Khyber Pakhtunkhwa",direct,1,,,,
mSHY8np1vbE08AOpbWTj_03,mSHY8np1vbE08AOpbWTj.pdf,"24 Mar, 2025",2025-03-25 to 2025-03-27,Forecast,True,digital_text,"(2) Heavy rains may trigger Landslides in Galiyat, Mansehra, Kohistan, Chitral, Dir, Swat, Shangla, Buner, Sherani, Zhob, Kashmir and Gilgit-Baltistan.","Swat, Murree/Galliyat, Chitral, Dir","Gilgit, Hunza, Naran, Neelum Valley, Skardu","Gilgit-Baltistan, Kashmir, Mansehra/Kaghan",direct,2,,,,
pCpMtvotIGHrjtyqcWqg_01,pCpMtvotIGHrjtyqcWqg.pdf,20 July 2024,2024-07-21 to 2024-07-27,Forecast,True,digital_text,"• T.T. Singh South Punjab (From 23rd July to 24th July 2024) Bahawalnagar, Bahawalpur, D.G. Khan, Sahiwal, Multan, Layyah, Lodhran Khanewal, Pakpattan, Muzaffargarh, Vehari, Rajanpur Legend High Moderate Low 2 Winds/ Thunderstorm (Few Heavy Falls) with occasional Gaps From 22nd July to 24th July 20 Khyber Pakhtunkhwa",,"Chitral, Dir, Naran, Swat",Khyber Pakhtunkhwa,implied_discounted,1,,,,
pCpMtvotIGHrjtyqcWqg_02,pCpMtvotIGHrjtyqcWqg.pdf,20 July 2024,2024-07-21 to 2024-07-27,Forecast,True,digital_text,• Nowshera Legend High Moderate Low Winds/ Thunderstorm (Few Heavy Falls) with Occasional Gaps From 21st July to 27th July 2024 GB,,"Gilgit, Hunza, Skardu",Gilgit-Baltistan,implied_discounted,1,,,,
pCpMtvotIGHrjtyqcWqg_03,pCpMtvotIGHrjtyqcWqg.pdf,20 July 2024,2024-07-21 to 2024-07-27,Forecast,True,digital_text,"a. KP, GB, Galiyat, Murree and State of AJ&K",Murree/Galliyat,"Chitral, Dir, Gilgit, Hunza, Naran, Neelum Valley, Skardu, Swat","Gilgit-Baltistan, Kashmir, Khyber Pakhtunkhwa",direct,1,,,,
pCpMtvotIGHrjtyqcWqg_04,pCpMtvotIGHrjtyqcWqg.pdf,20 July 2024,2024-07-21 to 2024-07-27,Forecast,True,digital_text,"(1) Rainfall may trigger landslides, mudslides or falling boulders potentially disrupting roads during this period in Upper Khyber Pakhtunkhwa, Galiyat, Murree, Gilgit Baltistan and State of AJ&K.",Murree/Galliyat,"Chitral, Dir, Gilgit, Hunza, Naran, Neelum Valley, Skardu, Swat","Gilgit-Baltistan, Kashmir, Khyber Pakhtunkhwa",direct,2,,,,
pm7qFkWlq0QMR6HjX7xW_01,pm7qFkWlq0QMR6HjX7xW.pdf,6 July 2023,2023-07-08 to 2023-07-11,Forecast,False,digital_text,"b. Possibility of severe thunderstorms and heavy rainfall in Northern and Northeastern Punjab (including Lahore, Sialkot, Narowal) and Kashmir regions.",,Neelum Valley,Kashmir,implied_discounted,1,,,,
rIGDng1CwzgI8DzqSNvB_01,rIGDng1CwzgI8DzqSNvB.pdf,05 January 2023,2023-01-07 to 2023-01-09,Annex - Forecast,True,manual_transcription,"Moderate rain-wind/snowfall over the hills is expected in Murree, Galliyat, Neelum Valley, Bagh, Haveli, Rawalakot, Chitral, Dir, Swat, Kohistan, Shangla, Mansehra, Abbottabad and Gilgit-Baltistan from Saturday, 07th January (night) to Monday, 09th January 2023.","Swat, Murree/Galliyat, Chitral, Dir, Neelum Valley","Hunza, Skardu, Gilgit, Naran","Gilgit-Baltistan, Mansehra/Kaghan",direct,1,,,,
rIGDng1CwzgI8DzqSNvB_02,rIGDng1CwzgI8DzqSNvB.pdf,05 January 2023,2023-01-08 to 2023-01-09,Annex - Likely Impact,True,manual_transcription,"Moderate snowfall may cause road disruption / closures in Murree, Galiyat, Nathiagali, Naran, Kaghan, Dir, Swat, Kohistan, Mansehra, Abbottabad, Shangla, Astore, Hunza, Skardu and Neelum Valley on 08th and 09th January.","Hunza, Skardu, Naran, Swat, Murree/Galliyat, Dir, Neelum Valley",,,direct,2,,,,
rIGDng1CwzgI8DzqSNvB_03,rIGDng1CwzgI8DzqSNvB.pdf,05 January 2023,2023-01-07 to 2023-01-09,Annex - Likely Impact,True,manual_transcription,"Possibility of landslides in hilly areas of Khyber Pakhtunkhwa, Gilgit-Baltistan and Kashmir cannot be ruled out during the period.",,"Hunza, Skardu, Gilgit, Naran, Swat, Chitral, Dir, Neelum Valley","Gilgit-Baltistan, Kashmir, Khyber Pakhtunkhwa",implied_full_confidence,2,,,,
ryqXs3fuXgVjrypdQT8W_01,ryqXs3fuXgVjrypdQT8W.pdf,23 September 2024,2024-09-26 to 2024-10-01,Forecast,True,digital_text,(1) Heavy rains may trigger Landslides in Murree and hilly areas from 26th September to 1st October 2024.,Murree/Galliyat,,,direct,2,,,,
ryqXs3fuXgVjrypdQT8W_02,ryqXs3fuXgVjrypdQT8W.pdf,23 September 2024,2024-09-26 to 2024-10-01,Forecast,True,digital_text,"b. KP, Galiyat, GB and State of AJ&K",Murree/Galliyat,"Chitral, Dir, Gilgit, Hunza, Naran, Neelum Valley, Skardu, Swat","Gilgit-Baltistan, Kashmir, Khyber Pakhtunkhwa",direct,1,,,,
ryqXs3fuXgVjrypdQT8W_03,ryqXs3fuXgVjrypdQT8W.pdf,23 September 2024,2024-09-26 to 2024-10-01,Forecast,True,digital_text,"(2) Heavy rains may trigger Landslides in Galiyat, Mansehra, Kohistan, Chitral, Dir, Swat, Shangla, Buner, Kashmir and Gilgit-Baltistan from 26th September to 1st October 2024.","Swat, Murree/Galliyat, Chitral, Dir","Gilgit, Hunza, Naran, Neelum Valley, Skardu","Gilgit-Baltistan, Kashmir, Mansehra/Kaghan",direct,2,,,,
sMpvvbtO7MlDD1K6bzDm_01,sMpvvbtO7MlDD1K6bzDm.pdf,07 April 2025,2025-04-08 to 2025-04-11,Forecast,True,digital_text,"a. Rain-wind/thunderstorm are expected in Chitral, Dir, Swat, Shangla, Kohistan, Mansehra, Abbottabad, Battagram, Bunner, Kurram, Bajaur, Mohmand, Orakzai, Murree, Galliyat, Gilgit-Baltistan (Diamir, Astore, Ghizer, Skardu, Hunza, Gilgit, Ghanche, Shigar), Kashmir (Neelum valley, Muzaffarabad, Poonch, Hattian, Bagh, Haveli, Sudhanoti, Kotli, Bhimber, Mirpur) from 08th (evening/night) to 11th April with occasional gaps. Dust/thunderstorm-rain is expected in Potohar region (Islamabad/Rawalpindi, Attock, Chakwal, Talagang, Mianwali and Jhelum) and northeast Punjab) Hafizabad, Gujranwala, Mandi Bahauddin, Gujrat, Sialkot, Narowal, Lahore and Sheikhupura) during the period. Isolated hailstorm may also occur during the forecast period.","Hunza, Skardu, Gilgit, Swat, Murree/Galliyat, Chitral, Dir, Neelum Valley",Naran,"Gilgit-Baltistan, Kashmir, Mansehra/Kaghan",direct,1,,,,
sMpvvbtO7MlDD1K6bzDm_02,sMpvvbtO7MlDD1K6bzDm.pdf,07 April 2025,2025-04-08 to 2025-04-11,Forecast,True,digital_text,"b. Dust storm/Gusty winds are also expected in the plains of Punjab, Khyber Pakhtunkhwa and upper Sindh during the forecast period.",,"Chitral, Dir, Naran, Swat",Khyber Pakhtunkhwa,implied_discounted,1,,,,
sbqh8wwd4lj9FfnMDtux_01,sbqh8wwd4lj9FfnMDtux.pdf,23 June 2025,2025-06-23,Forecast,True,digital_text,(1) Rains may trigger Landslides / Rockfall in Murree and hilly areas.,Murree/Galliyat,,,direct,2,,,,
sbqh8wwd4lj9FfnMDtux_02,sbqh8wwd4lj9FfnMDtux.pdf,23 June 2025,2025-06-23,Forecast,True,digital_text,"b. KP, GB and State of AJ&K",,"Chitral, Dir, Gilgit, Hunza, Naran, Neelum Valley, Skardu, Swat","Gilgit-Baltistan, Kashmir, Khyber Pakhtunkhwa",implied_discounted,1,,,,
scbD0ehSEq3ZHRmAxvtc_01,scbD0ehSEq3ZHRmAxvtc.pdf,27 February 2024,2024-03-24 to 2024-03-02,Forecast,True,digital_text,• Bhimber Khyber Pakhtunkhwa,,"Chitral, Dir, Naran, Swat",Khyber Pakhtunkhwa,implied_discounted,1,,,,
scbD0ehSEq3ZHRmAxvtc_02,scbD0ehSEq3ZHRmAxvtc.pdf,27 February 2024,2024-03-24 to 2024-03-02,Forecast,True,digital_text,• DI Khan Gilgit Baltistan,,"Gilgit, Hunza, Skardu",Gilgit-Baltistan,implied_discounted,1,,,,
scbD0ehSEq3ZHRmAxvtc_03,scbD0ehSEq3ZHRmAxvtc.pdf,27 February 2024,2024-03-24 to 2024-03-02,Forecast,True,digital_text,"a. Punjab, KP, GB, Murree, Galiyat",Murree/Galliyat,"Chitral, Dir, Gilgit, Hunza, Naran, Skardu, Swat","Gilgit-Baltistan, Khyber Pakhtunkhwa",direct,1,,,,
scbD0ehSEq3ZHRmAxvtc_04,scbD0ehSEq3ZHRmAxvtc.pdf,27 February 2024,2024-03-24 to 2024-03-02,Forecast,True,digital_text,"(1) Widespread & Heavy Rainfall may cause flash flooding in local nullahs Balochistan, Khyber Pakhtunkhwa, Murree, Galiyat, Islamabad & Rawalpindi.",Murree/Galliyat,"Chitral, Dir, Naran, Swat",Khyber Pakhtunkhwa,direct,2,,,,
scbD0ehSEq3ZHRmAxvtc_05,scbD0ehSEq3ZHRmAxvtc.pdf,27 February 2024,2024-03-24 to 2024-03-02,Forecast,True,digital_text,"(2) Heavy Snowfall may disrupt roads in Murree, Galiyat, Naran, Kaghan, Dir, Swat, Kohistan, Mansehra, Abbottabad, Shangla, Astore, Hunza, Skardu, Neelum Valley, Bagh, Poonch and Haveli during the forecasted period.","Hunza, Skardu, Naran, Swat, Murree/Galliyat, Dir, Neelum Valley",,,direct,2,,,,
scbD0ehSEq3ZHRmAxvtc_06,scbD0ehSEq3ZHRmAxvtc.pdf,27 February 2024,2024-03-24 to 2024-03-02,Forecast,True,digital_text,"(5) Landslides, mudslides, isolated rain spells and snowfall may lead to potential road blockages in Upper Khyber Pakhtunkhwa, Murree, Galiyat, Kashmir and Gilgit Baltistan.",Murree/Galliyat,"Chitral, Dir, Gilgit, Hunza, Naran, Neelum Valley, Skardu, Swat","Gilgit-Baltistan, Kashmir, Khyber Pakhtunkhwa",direct,2,,,,
sltYMsJRA9xs2bNzp7hp_01,sltYMsJRA9xs2bNzp7hp.pdf,25 June 2024,2024-06-26 to 2024-06-30,Forecast,True,digital_text,"Dated: 25 June 2024 Subject: Dust / Thunderstorms-Rains Predicted in Upper Parts of the Country from 26th June to 1st July 2024 Monsoon currents from Arabian sea and Bay of Bengal are likely to penetrate eastern parts of the country from 26th June 2024 and likely to persist till 1st July 2024. Under influence of said system, following areas are expected to be affected: - Sindh  Tharparkar  Umerkot  Mirpurkhas  Sanghar  T.A. Yar  Badin  Thatta  Karachi  Hyderabad  Jamshoro  S.B.A.  N. Feroze  Khairpur  Dadu  Sukkur  Jacobabad  Kashmore  Sujawal  T.M. Khan  Matiari  Q&Sk  Larkana  Shikarpur  Ghotki Rain Wind/ Thundershower with Isolated Heavy Rainfall from 26th June to 1st July, 2024 Khyber Pakhtunkhwa  Chitral  Dir  Peshawar  Shangla  Swat  Kohistan  Malakand  Bajaur  Batagram  Buner  Kohat  Mohmand  Khyber  Mansehra  Abbottabad  Haripur  Mardan  Hangu  Kurram  Orakzai  Torghar  Swabi  Charsadda  Nowshera Winds/ Thunderstorm with Isolated Heavy Rainfall From 28th June to 1st July 2024 GB  Diamer  Astore  Ghizer  Skardu  Hunza  Gilgit  Ghanche  Shigar Rain Winds/ Thunderstorm with Isolated Rainfall From 28th June to 1st July 2024 AJ&K  Neelum  MZD  Rawalakot  Poonch  Hattian  Bagh  Haveli  Sudhnoti  Kotli  Bhimber  Mirpur Winds/ Thunderstorm with Isolated Rainfall From 27th June to 1st July 2024 Punjab  Rawalpindi  Bhakkar  Faisalabad  N. Sahib  Sahiwal  Okara  Kasur  Lahore  Hafizabad  M.B. Din  Sialkot  Narowal  Gujranwala  Sheikhupura  Gujrat  Jhelum  Chakwal  Sargodha  Khushab  Chiniot  Jhang  T.T. Singh ICT Dust/ Thunderstorm with Isolated Rainfall From 26th to 30th June 2024 Punjab  Bahawalnagar  Bahawalpur  D.G. Khan  Sahiwal  Multan  Layyah  Lodhran  Khanewal  Pakpattan  Muzaffargarh  Vehari  Rajanpur","Hunza, Skardu, Gilgit, Swat, Chitral, Dir, Neelum Valley",Naran,"Gilgit-Baltistan, Kashmir, Khyber Pakhtunkhwa, Mansehra/Kaghan",direct,1,,,,
sltYMsJRA9xs2bNzp7hp_02,sltYMsJRA9xs2bNzp7hp.pdf,25 June 2024,2024-06-26 to 2024-07-01,Forecast,True,digital_text,"a. KP, GB, Galiyat, Murree and State of AJ&K",Murree/Galliyat,"Chitral, Dir, Gilgit, Hunza, Naran, Neelum Valley, Skardu, Swat","Gilgit-Baltistan, Kashmir, Khyber Pakhtunkhwa",direct,1,,,,
sltYMsJRA9xs2bNzp7hp_03,sltYMsJRA9xs2bNzp7hp.pdf,25 June 2024,2024-06-26 to 2024-07-01,Forecast,True,digital_text,"(1) Rainfall may trigger landslides, mudslides or falling boulders potentially disrupting roads during this period in Upper Khyber Pakhtunkhwa, Galiyat, Murree, Gilgit Baltistan and State of AJ&K.",Murree/Galliyat,"Chitral, Dir, Gilgit, Hunza, Naran, Neelum Valley, Skardu, Swat","Gilgit-Baltistan, Kashmir, Khyber Pakhtunkhwa",direct,2,,,,
suCnyJOnQ4zCEqouZuip_01,suCnyJOnQ4zCEqouZuip.pdf,10 May 2024,2024-05-11 to 2024-05-12,Alert Narrative,False,digital_text,Dated: 10 May 2024 Subject: GLOF ALERT – GB & KP Rising temperatures and prevailing weather conditions are expected to keep daytime temperatures 3-5°C higher than normal resulting into increase in glacial melting and bring rain / wind-thunderstorms from 11-12 May 2024.,,"Chitral, Dir, Gilgit, Hunza, Naran, Skardu, Swat","Gilgit-Baltistan, Khyber Pakhtunkhwa",implied_full_confidence,2,,,,
suCnyJOnQ4zCEqouZuip_02,suCnyJOnQ4zCEqouZuip.pdf,10 May 2024,2024-05-11 to 2024-05-12,Alert Narrative,False,digital_text,"This combination can significantly increase the flow in streams and rivers, raising the possibility of GLOF events, flash floods, landslides / mudslides, in vulnerable areas of GB and KP (PMD GLOF Alert / NDMA Tech Team GLOF Risk Projections) enclosed as “Annex-A&B”).",,"Chitral, Dir, Gilgit, Hunza, Naran, Skardu, Swat","Gilgit-Baltistan, Khyber Pakhtunkhwa",implied_full_confidence,2,,,,
suCnyJOnQ4zCEqouZuip_03,suCnyJOnQ4zCEqouZuip.pdf,10 May 2024,2024-05-11 to 2024-05-12,Alert Narrative,False,digital_text,Map outlining the most vulnerable GLOF sites in GB and KP is as under: -,,"Chitral, Dir, Gilgit, Hunza, Naran, Skardu, Swat","Gilgit-Baltistan, Khyber Pakhtunkhwa",implied_full_confidence,2,,,,
uOnYVjvIDDLPAScLELX3_01,uOnYVjvIDDLPAScLELX3.pdf,14 June 2022,2022-06-14,Likely Impact,False,digital_text,"o Rain-wind / thundershowers with isolated heavy falls expected in Abbottabad, Bannu, Chitral, Dera Ismail Khan, Dir, Haripur, Kohat, Kohistan, Kurram, Lakki Marwat, Mansehra, Nowshera, Peshawar, Swabi, Swat and Waziristan from Wednesday, 15 June – Wednesday, 22 June (with occasional gaps).","Swat, Chitral, Dir",Naran,Mansehra/Kaghan,direct,1,,,,
uOnYVjvIDDLPAScLELX3_02,uOnYVjvIDDLPAScLELX3.pdf,14 June 2022,2022-06-14,Forecast,False,digital_text,"o Rain-wind / thundershowers are expected in Attock, Rawalpindi, Murree, Chakwal, Jhelum, Mianwali, Sargodha, Khushab, Hafizabad, Mandibahauddin, Sialkot, Narowal, Lahore, Sheikhupura, Faisalabad, Toba Tek Singh from Thursday, 16 June – Tuesday, 21 June.",Murree/Galliyat,,,direct,1,,,,
uOnYVjvIDDLPAScLELX3_03,uOnYVjvIDDLPAScLELX3.pdf,14 June 2022,2022-06-14,Likely Impact,False,digital_text,"o Rain-wind / thundershowers with a few heavy falls expected in Astore, Diamer, Ghizer, Gilgit, Hunza & Skardu from Wednesday, 15 June (evening / night) – Thursday, 23 June.","Hunza, Skardu, Gilgit",,,direct,1,,,,
uOnYVjvIDDLPAScLELX3_04,uOnYVjvIDDLPAScLELX3.pdf,14 June 2022,2022-06-14,Likely Impact,False,digital_text,"o Rain-wind / thundershowers with a few heavy falls expected in Bagh, Bhimber, Hattian, Haveli, Kotli, Mirpur, Muzaffarabad & Neelum Valley from Wednesday, 15 June (evening / night) – Thursday, 23 June.",Neelum Valley,,,direct,1,,,,
uOnYVjvIDDLPAScLELX3_05,uOnYVjvIDDLPAScLELX3.pdf,14 June 2022,2022-06-14,Forecast,False,digital_text,"o Wind / dust-thunderstorms may cause damages to loose structures in Islamabad, Khyber Pakhtunkhwa, Punjab, Gilgit Baltistan and AJ&K during the forecasted period.",,"Chitral, Dir, Gilgit, Hunza, Naran, Neelum Valley, Skardu, Swat","Gilgit-Baltistan, Kashmir, Khyber Pakhtunkhwa",implied_discounted,1,,,,
uOnYVjvIDDLPAScLELX3_06,uOnYVjvIDDLPAScLELX3.pdf,14 June 2022,2022-06-14,Likely Impact,False,digital_text,"o Heavy rainfall may trigger landslides in Gilgit Baltistan, AJ&K & Upper Parts of Khyber Pakhtunkhwa and may generate flash flooding in Eastern Parts of Balochistan (Bolan, Harnai, Jhalmagsi, Jaffarabad, Naseerabad and Sibbi). NOTE: All concerned authorities are advised to remain ALERT during the forecasted period.",,"Chitral, Dir, Gilgit, Hunza, Naran, Neelum Valley, Skardu, Swat","Gilgit-Baltistan, Kashmir, Khyber Pakhtunkhwa",implied_full_confidence,2,,,,
vFgtChxxUfeS2fNzQaNC_01,vFgtChxxUfeS2fNzQaNC.pdf,14 March 2022,2022-03-16 to 2022-03-21,Annex - Forecast,True,manual_transcription,"Day temperatures are likely to remain 07-08°C above normal in Khyber Pakhtunkhwa, Gilgit-Baltistan and Kashmir from 16th to 21st March 2022.",,"Hunza, Skardu, Gilgit, Naran, Swat, Chitral, Dir, Neelum Valley","Gilgit-Baltistan, Kashmir, Khyber Pakhtunkhwa",implied_discounted,1,,,,
vFgtChxxUfeS2fNzQaNC_02,vFgtChxxUfeS2fNzQaNC.pdf,14 March 2022,2022-03-16 to 2022-03-21,Annex - Likely Impact,True,manual_transcription,"In Gilgit-Baltistan and Khyber Pakhtunkhwa, the water flows will increase in rivers and nullahs due to high rate of snow and ice melting.",,"Hunza, Skardu, Gilgit, Naran, Swat, Chitral, Dir","Gilgit-Baltistan, Khyber Pakhtunkhwa",implied_discounted,1,,,,
vUoV8M9M0Qw0QtcvAR7N_01,vUoV8M9M0Qw0QtcvAR7N.pdf,07 February 2023,2023-02-08 to 2023-02-10,Forecast,False,digital_text,"(1) Khyber Pakhtunkhwa. Galiyat, Chitral, Dir, Swat, Mansehra, Kohistan, Shangla, Buner, Haripur and Abbottabad.","Swat, Murree/Galliyat, Chitral, Dir",Naran,"Khyber Pakhtunkhwa, Mansehra/Kaghan",direct,1,,,,
vUoV8M9M0Qw0QtcvAR7N_02,vUoV8M9M0Qw0QtcvAR7N.pdf,07 February 2023,2023-02-08 to 2023-02-10,Forecast,False,digital_text,"(2) Gilgit-Baltistan. Diamir, Astore, Ghizer, Skardu, Hunza, Gilgit, Ghanche, and Shigar.","Hunza, Skardu, Gilgit",,,direct,1,,,,
vUoV8M9M0Qw0QtcvAR7N_03,vUoV8M9M0Qw0QtcvAR7N.pdf,07 February 2023,2023-02-08 to 2023-02-10,Forecast,False,digital_text,"(3) State of AJ&K. Neelum valley, Muzaffarabad, Poonch, Hattian, Bagh, Haveli, Sudhanoti, Kotli, Bhimber, and Mirpur.",Neelum Valley,,,direct,1,,,,
vUoV8M9M0Qw0QtcvAR7N_04,vUoV8M9M0Qw0QtcvAR7N.pdf,07 February 2023,2023-02-08 to 2023-02-10,Forecast,False,digital_text,"(1) Khyber Pakhtunkhwa. Karak, Peshawar, Charsada, Nowshera, Swabi, Buner, Bajaur, Kurram, Waziristan, Kohat, Bannu and Dera Ismail Khan.",,"Chitral, Dir, Naran, Swat",Khyber Pakhtunkhwa,implied_discounted,1,,,,
vUoV8M9M0Qw0QtcvAR7N_05,vUoV8M9M0Qw0QtcvAR7N.pdf,07 February 2023,2023-02-08 to 2023-02-10,Likely Impact,False,digital_text,"a. Moderate to isolated heavy snowfall may disrupt and cause closure of roads in Murree, Galiyat, Naran, Kaghan, Dir, Swat, Kohistan, Mansehra, Abbottabad, Shangla, Astore, Hunza, Skardu, Neelum valley, Bagh, Poonch and Haveli from 8th (evening/night) to 10th February.","Hunza, Skardu, Naran, Swat, Murree/Galliyat, Dir, Neelum Valley",,,direct,2,,,,
vUoV8M9M0Qw0QtcvAR7N_06,vUoV8M9M0Qw0QtcvAR7N.pdf,07 February 2023,2023-02-08 to 2023-02-10,Likely Impact,False,digital_text,"b. Possibility of landslides in Upper Khyber Pakhtunkhwa, Galiyat, Murree, Kashmir and Gilgit Baltistan cannot be ruled out during the forecast period.",Murree/Galliyat,"Chitral, Dir, Gilgit, Hunza, Naran, Neelum Valley, Skardu, Swat","Gilgit-Baltistan, Kashmir, Khyber Pakhtunkhwa",direct,2,,,,
wws2UHKOW8s6xw51jPOX_01,wws2UHKOW8s6xw51jPOX.pdf,1 September 2024,2024-09-02 to 2024-09-04,Forecast,True,digital_text,(4) Heavy rains may trigger Landslides in Murree and hilly areas.,Murree/Galliyat,,,direct,2,,,,
wws2UHKOW8s6xw51jPOX_02,wws2UHKOW8s6xw51jPOX.pdf,1 September 2024,2024-09-02 to 2024-09-04,Forecast,True,digital_text,"b. KP, Galiyat, Murree, GB and State of AJ&K",Murree/Galliyat,"Chitral, Dir, Gilgit, Hunza, Naran, Neelum Valley, Skardu, Swat","Gilgit-Baltistan, Kashmir, Khyber Pakhtunkhwa",direct,1,,,,
wws2UHKOW8s6xw51jPOX_03,wws2UHKOW8s6xw51jPOX.pdf,1 September 2024,2024-09-02 to 2024-09-04,Forecast,True,digital_text,"(2) Heavy rains may trigger Landslides in Galliyat, Mansehra, Kohistan, Chitral, Dir, Swat, Shangla, Buner, Kashmir and Gilgit-Baltistan.","Swat, Murree/Galliyat, Chitral, Dir","Gilgit, Hunza, Naran, Neelum Valley, Skardu","Gilgit-Baltistan, Kashmir, Mansehra/Kaghan",direct,2,,,,
xnOdth0FJZ9WTaXUa83I_01,xnOdth0FJZ9WTaXUa83I.pdf,3 September 2022,2022-09-03,Forecast,False,digital_text,"a. Flood Affected areas of Gilgit Baltistan, Khyber Pakhtunkhwa & North Punjab",,"Chitral, Dir, Gilgit, Hunza, Naran, Skardu, Swat","Gilgit-Baltistan, Khyber Pakhtunkhwa",implied_discounted,1,,,,
xnOdth0FJZ9WTaXUa83I_02,xnOdth0FJZ9WTaXUa83I.pdf,3 September 2022,2022-09-03,Forecast,False,digital_text,2. FFD Only. Keep NDMA and all concerned apprised on effects of weather system / rainfall to river flows downstream from River Swat at Khawazakhela and River Indus at Kalabagh.,Swat,,,direct,1,,,,
yKbkmYB8qG8sOYhCaG7U_01,yKbkmYB8qG8sOYhCaG7U.pdf,1st February 2022,05-03 perLJ,Forecast,True,digital_text,"3. Secretary Aviation Division Chief See Punjab, KP, GB, Kashmir & -vt-105-03 perLJ ine E*"">** Balochistan Sccretary Imigation Punjab",,"Chitral, Dir, Gilgit, Hunza, Naran, Neelum Valley, Skardu, Swat","Gilgit-Baltistan, Kashmir, Khyber Pakhtunkhwa",implied_discounted,1,,,,
yW5Jum3e8AHvyaqZkYrO_01,yW5Jum3e8AHvyaqZkYrO.pdf,21 March 2023,2023-03-23 to 2023-03-24,Likely Impact,False,digital_text,"Dated: 21 March 2023 Time: 1530 hours Subject: Likely Impact Based Alert - Westerly Weather System (Heavy Falls Forecasted) from 23-24 March 2023 (Thursday to Friday) Reference: PMD Weather Advisory (NWFC-5(10A)/2017/33) and NDMA Weather Advisory No. 6 dated 20 March 2023. In light of Pakistan Meteorological Department (PMD) Forecast and previously issued NDMA Weather Advisory on 20 March referenced above, the existing westerly weather system is likely to cause excessive precipitation in coming days, especially on 23 and 24 March 2023. PDMAs and DDMAs to ensure necessary awareness and sensitizing of population in at-risk/ vulnerable areas, with special focus given to respective areas prone to hill torrents and flash floods. Likely impacts of this precipitation are flash floods, urban flooding, hill torrents and landslides for areas Balochistan, Khyber Pakhtunkhwa, Punjab, Gilgit Baltistan, AJ&K and Islamabad Capital Territory from 23-24 March 2023, Thursday to Friday. In this regard the following hazards are likely in areas and surroundings as highlighted below: -",,"Chitral, Dir, Gilgit, Hunza, Naran, Neelum Valley, Skardu, Swat","Gilgit-Baltistan, Kashmir, Khyber Pakhtunkhwa",implied_full_confidence,2,,,,
yW5Jum3e8AHvyaqZkYrO_02,yW5Jum3e8AHvyaqZkYrO.pdf,21 March 2023,2023-03-23 to 2023-03-24,Likely Impact,False,digital_text,"a. Urban Flooding. Municipal / Urban Areas of Khyber Pakhtunkhwa, Punjab and Islamabad especially in Peshawar, Rawalpindi Lahore and surroundings are at-risk of urban flooding due to widespread rains-wind / thunderstorms with scattered heavy falls and isolated hailstorms.",,"Chitral, Dir, Naran, Swat",Khyber Pakhtunkhwa,implied_discounted,1,,,,
yW5Jum3e8AHvyaqZkYrO_03,yW5Jum3e8AHvyaqZkYrO.pdf,21 March 2023,2023-03-23 to 2023-03-24,Likely Impact,False,digital_text,"b. Flash Flooding. There remains a risk of flash flooding due to widespread rains-wind / thunderstorms with isolated heavy falls in areas of Balochistan (Districts Quetta, Chaman, Pishin, Barkhan, Musakhel, Kalat, Khuzdar, Naseerabad, Jaffarabad, Kohlu, Zhob, Sibbi, Turbat, Awaran & Panjgur), Khyber Pakhtunkhwa (Districts Dir Upper, Dir Lower, Swat, Kohistan Upper, Kohistan Lower, Kolai Palas, Swat, Nowshera, Mardan, North Waziristan, South Waziristan & Bajaur), Punjab (Rawalpindi & Murree), Islamabad Capital Territory and AJ&K.","Swat, Murree/Galliyat, Dir","Chitral, Naran, Neelum Valley","Kashmir, Khyber Pakhtunkhwa",direct,2,,,,
yW5Jum3e8AHvyaqZkYrO_04,yW5Jum3e8AHvyaqZkYrO.pdf,21 March 2023,2023-03-23 to 2023-03-24,Likely Impact,False,digital_text,"d. Landslides. Due to widespread rains-wind / thunderstorms with isolated / scattered heavy falls there is a risk of landslides occurring in vulnerable hilly / mountainous areas of Balochistan, Khyber Pakhtunkhwa, Gilgit Baltistan, AJ&K and regions of Murree and Galiyat.",Murree/Galliyat,"Chitral, Dir, Gilgit, Hunza, Naran, Neelum Valley, Skardu, Swat","Gilgit-Baltistan, Kashmir, Khyber Pakhtunkhwa",direct,2,,,,
yW5Jum3e8AHvyaqZkYrO_05,yW5Jum3e8AHvyaqZkYrO.pdf,21 March 2023,2023-03-23 to 2023-03-24,Forecast,False,digital_text,"2. Apropos, PDMAs Balochistan, Khyber Pakhtunkhwa, Punjab, GBDMA & SDMA, NHA, NH&MP, FWO, Rescue 1122, respective Line Departments, Ministries and Federal Agencies are required to undertake measures as per respective mandate. However, following is to be ensured by all concerned in addition to measures deemed appropriate as per on ground situation / requirements: -",,"Chitral, Dir, Naran, Swat",Khyber Pakhtunkhwa,implied_discounted,1,,,,
zyuyzX1VyltVDxvGit2c_01,zyuyzX1VyltVDxvGit2c.pdf,13 September 2023,2023-09-17 to 2023-09-19,Forecast,False,digital_text,"(1) Kashmir. Neelum valley, Muzaffarabad, Poonch, Hattian, Bagh, Haveli, Sudhanoti, Kotli, Bhimber and Mirpur.",Neelum Valley,,,direct,1,,,,
zyuyzX1VyltVDxvGit2c_02,zyuyzX1VyltVDxvGit2c.pdf,13 September 2023,2023-09-17 to 2023-09-19,Forecast,False,digital_text,"(2) Gilgit Baltistan. Diamir, Astore, Ghizer, Skardu, Hunza, Gilgit, Ghanche and Shigar.","Hunza, Skardu, Gilgit",,,direct,1,,,,
zyuyzX1VyltVDxvGit2c_03,zyuyzX1VyltVDxvGit2c.pdf,13 September 2023,2023-09-17 to 2023-09-19,Forecast,False,digital_text,"(3) Punjab. Murree, Galliyat, Rawalpindi, Attock, Chakwal, Jhelum, Mandi Bahauddin, Hafizabad, Gujranwala, Gujrat, Sialkot, Narowal, Lahore, Kasur and Sheikhupura.",Murree/Galliyat,,,direct,1,,,,
zyuyzX1VyltVDxvGit2c_04,zyuyzX1VyltVDxvGit2c.pdf,13 September 2023,2023-09-17 to 2023-09-19,Forecast,False,digital_text,"(1) Khyber Pakhtunkhwa. Kurram, Lakki Marwat, Dera Ismail Khan, Bannu, Karak and Waziristan.",,"Chitral, Dir, Naran, Swat",Khyber Pakhtunkhwa,implied_discounted,1,,,,
zyuyzX1VyltVDxvGit2c_05,zyuyzX1VyltVDxvGit2c.pdf,13 September 2023,2023-09-17 to 2023-09-19,Likely Impact,False,digital_text,"a. Moderate to heavy falls may increase the water flows in local Nullahs/ streams of Kashmir, Gilgit-Baltistan, Chitral, Dir, Swat, Kohistan, Shangla, Buner, Mansehra, Abbottabad, Galliyat, Murree, Rawalpindi/ Islamabad from 17th to 19th September 2023.","Swat, Murree/Galliyat, Chitral, Dir","Gilgit, Hunza, Naran, Neelum Valley, Skardu","Gilgit-Baltistan, Kashmir, Mansehra/Kaghan",direct,1,,,,
zyuyzX1VyltVDxvGit2c_06,zyuyzX1VyltVDxvGit2c.pdf,13 September 2023,2023-09-16 to 2023-09-19,Likely Impact,False,digital_text,"b. Moderate to heavy rains may trigger landslides in the vulnerable areas of Murree, Galliyat, Kashmir, Gilgit Baltistan, Chitral, Dir, Swat, Kohistan, Shangla, Buner, Mansehra & Abbottabad during the wet spell from 16th to 19th September 2023.","Swat, Murree/Galliyat, Chitral, Dir","Gilgit, Hunza, Naran, Neelum Valley, Skardu","Gilgit-Baltistan, Kashmir, Mansehra/Kaghan",direct,2,,,,
