canonical_segment_id,segment_text,occurrence_count,appears_in_pdfs,appears_in_segment_ids,direct_locations,implied_locations,matched_region,location_match_type,weak_label_hint,is_in_kappa_sample,label,annotator_1_label,annotator_2_label,label_notes
1XDiROvVKyxetS2aWfQJ_01,"b. Landslides may occur in vulnerable areas of upper Khyber Pakhtunkhwa, Gilgit-Baltistan and Kashmir during the period.",5,1XDiROvVKyxetS2aWfQJ.pdf; C3Gg3UcMujKhrPCskj9T.pdf; NvJhiqSAEaimPvdxAq65.pdf; bWdlngFYdWB11aQ5Qs8d.pdf; cNBusituKWcK95CEPBoD.pdf,1XDiROvVKyxetS2aWfQJ_01; C3Gg3UcMujKhrPCskj9T_01; NvJhiqSAEaimPvdxAq65_01; bWdlngFYdWB11aQ5Qs8d_01; cNBusituKWcK95CEPBoD_01,,"Chitral, Dir, Gilgit, Hunza, Naran, Neelum Valley, Skardu, Swat","Gilgit-Baltistan, Kashmir, Khyber Pakhtunkhwa",implied_full_confidence,2,True,,,,
6a016da04e7ca_01,"a. Khyber Pakhtunkhwa. Dust-thunderstorm/ rain is expected in Chitral, Dir, Swat, Kalam, Shangla, Buner, Kohistan, Malakand, Battagram, Mansehra, Abbottabad, Balakot, Haripur, Swabi, Mardan, Nowshera, Charsadda, Peshawar, Bajaur, Mohmand, Orakzai, Khyber, Kohat, Kurram, Hangu, Karak from 10th (evening) to 12th May 2026 with occasional gaps.",1,6a016da04e7ca.pdf,6a016da04e7ca_01,"Swat, Chitral, Dir",Naran,"Khyber Pakhtunkhwa, Mansehra/Kaghan",direct,1,False,,,,
6a016da04e7ca_02,"b. Punjab/Islamabad. Dust-thunderstorm/ rain is expected in Murree, Galiyat, Islamabad / Rawalpindi, Attock, Chakwal, Jhelum, Khushab, Sargodha, Mianwali, Bhakkar, Faisalabad, Sahiwal, Jhang, Lahore, Gujranwala, Sialkot, Narowal from 10th (evening) to 12th May 2026 with occasional gaps.",1,6a016da04e7ca.pdf,6a016da04e7ca_02,Murree/Galliyat,,,direct,1,False,,,,
6a016da04e7ca_03,"c. Gilgit Baltistan. Rain-wind/ thunderstorm is expected in (Diamir, Astore, Ghizer, Skardu, Hunza, Gilgit, Guanche, Shigar) from 11th to 13th May 2026 with occasional gaps.",1,6a016da04e7ca.pdf,6a016da04e7ca_03,"Hunza, Skardu, Gilgit",,,direct,1,False,,,,
6a016da04e7ca_04,"d. Kashmir. Rain-wind/ thunderstorm is expected in Kashmir (Neelum valley, Muzaffarabad, Poonch, Hattian, Bagh, Haveli, Sudhanoti, Kotli, Bhimber, Mirpur) from 11th to 13th May 2026 with occasional gaps.",1,6a016da04e7ca.pdf,6a016da04e7ca_04,Neelum Valley,,,direct,1,False,,,,
6a016da04e7ca_05,"c. Landslides may occur in vulnerable areas of upper Khyber Pakhtunkhwa, Gilgit-Baltistan and Kashmir during the forecast period.",1,6a016da04e7ca.pdf,6a016da04e7ca_05,,"Chitral, Dir, Gilgit, Hunza, Naran, Neelum Valley, Skardu, Swat","Gilgit-Baltistan, Kashmir, Khyber Pakhtunkhwa",implied_full_confidence,2,False,,,,
6a0afd6478d2a_01,"a. Khyber Pakhtunkhwa. Chitral, Dir, Swat, Kalam, Shangla, Buner, Kohistan, Malakand, Battagram, Mansehra, Abbottabad, Balakot, Haripur, Swabi, Mardan, Nowshera, Charsadda, Peshawar, Bajaur, Mohmand, Orakzai, Khyber, Kohat, Kurram, Hangu, Waziristan, Bannu, Laki Marwat, Karak.",1,6a0afd6478d2a.pdf,6a0afd6478d2a_01,"Swat, Chitral, Dir",Naran,"Khyber Pakhtunkhwa, Mansehra/Kaghan",direct,1,False,,,,
6a0afd6478d2a_02,"b. Punjab/ Islamabad. Murree, Galiyat, Islamabad/ Rawalpindi, Attock, Chakwal, Jhelum, Khushab, Joharabad, Bhakkar, Layyah, Sargodha, Mianwali, Faisalabad, Jhang, Lahore, Sheikhupura, Okara, Gujranwala, Hafizabad, Mandi Bahuddin, Sialkot, Narowal.",1,6a0afd6478d2a.pdf,6a0afd6478d2a_02,Murree/Galliyat,,,direct,1,False,,,,
6a0afd6478d2a_03,"c. Gilgit Baltistan. Diamir, Astore, Ghizer, Skardu, Hunza, Gilgit, Guanche, Shigar.",1,6a0afd6478d2a.pdf,6a0afd6478d2a_03,"Hunza, Skardu, Gilgit",,,direct,1,False,,,,
6a0afd6478d2a_04,"d. Kashmir. Neelum valley, Muzaffarabad, Poonch, Hattian, Bagh, Haveli, Sudhanoti, Kotli, Bhimber, Mirpur.",1,6a0afd6478d2a.pdf,6a0afd6478d2a_04,Neelum Valley,,,direct,1,False,,,,
6a0afd6478d2a_05,"c. Moderate to isolated heavy falls may trigger landslides in vulnerable areas of upper Khyber Pakhtunkhwa, Gilgit-Baltistan and Kashmir during the forecast period.",1,6a0afd6478d2a.pdf,6a0afd6478d2a_05,,"Chitral, Dir, Gilgit, Hunza, Naran, Neelum Valley, Skardu, Swat","Gilgit-Baltistan, Kashmir, Khyber Pakhtunkhwa",implied_full_confidence,2,False,,,,
6a1d6d965d09b_01,"a. Khyber Pakhtunkhwa. Scattered Rain wind / thunderstorm (with few heavy falls and hailstorm) is expected in Dir, Chitral, Swat, Kohistan, Malakand, Bajaur, Shangla, Battagram, Buner, Kohat, Bannu, Dera Ismail Khan, Bajaur, Mohmand, Khyber, Waziristan, Orakzai, Mansehra, Abbottabad, Haripur, Peshawar, Mardan, Hangu and Kurram from 2nd to 5th June 2026 with occasional gaps.",1,6a1d6d965d09b.pdf,6a1d6d965d09b_01,"Swat, Chitral, Dir",Naran,"Khyber Pakhtunkhwa, Mansehra/Kaghan",direct,1,True,,,,
6a1d6d965d09b_02,"b. Punjab/ Islamabad. Scattered dust / thunderstorm-rain (with few heavy falls and hailstorm) is expected in Islamabad / Rawalpindi, Murree, Galliyat, Attock, Chakwal, Jhelum, Mandi Bahauddin, Gujrat, Gujranwala, Hafizabad, Wazirabad, Lahore, Sheikhupura, Sialkot, Narowal, Sahiwal, Jhang, Toba Tek Singh, Nankana Sahib, Chiniot, Faisalabad, Okara, Kasur, Khushab, Sargodha, Bhakkar, Mianwali, Bahawalpur, Bahawalnagar, D.G. Khan, Multan, Khanewal, Lodhran, Muzaffargarh, Rajanpur, Rahimyar Khan and Layyah from 2nd to 5th June 2026 with occasional gaps.",1,6a1d6d965d09b.pdf,6a1d6d965d09b_02,Murree/Galliyat,,,direct,1,False,,,,
6a1d6d965d09b_03,"c. Azad Jammu & Kashmir/ Gilgit Baltistan. Scattered Rain wind / thunderstorm (with few heavy falls and hailstorm) is expected in Kashmir (Neelum valley, Muzaffarabad, Rawalakot, Poonch, Hattian, Bagh, Haveli, Sudhnoti, Kotli, Bhimber, Mirpur) from 2nd to 5th June 2026 with occasional gaps. Rain wind/thunderstorm is expected in Gilgit-Baltistan (Diamir, Astore, Ghizer, Skardu, Hunza, Gilgit, Ghanche & Shigar) from 4th to 6th June 2026 with occasional gaps.",1,6a1d6d965d09b.pdf,6a1d6d965d09b_03,"Hunza, Skardu, Gilgit, Neelum Valley",,,direct,1,False,,,,
6a1d6d965d09b_04,"b. Landslides may occur in vulnerable areas of upper Khyber Pakhtunkhwa, Gilgit-Baltistan and Kashmir from 03rd to 06th June 2026.",1,6a1d6d965d09b.pdf,6a1d6d965d09b_04,,"Chitral, Dir, Gilgit, Hunza, Naran, Neelum Valley, Skardu, Swat","Gilgit-Baltistan, Kashmir, Khyber Pakhtunkhwa",implied_full_confidence,2,True,,,,
6a294b0603ba2_01,"a. Khyber Pakhtunkhwa. Scattered dust/ windstorm & rain/ thunderstorm (with few heavy falls/ hailstorm) is expected in Dir, Chitral, Swat, Kohistan, Malakand, Bajaur, Shangla, Battagram, Buner, Kohat, Bannu, Dera Ismail Khan, Bajaur, Mohmand, Khyber, Waziristan, Orakzai, Mansehra, Abbottabad, Haripur, Peshawar, Mardan, Hangu and Kurram from 11th to 13th June 2026 with occasional gaps.",1,6a294b0603ba2.pdf,6a294b0603ba2_01,"Swat, Chitral, Dir",Naran,"Khyber Pakhtunkhwa, Mansehra/Kaghan",direct,1,True,,,,
6a294b0603ba2_02,"b. Punjab/ Islamabad. Scattered dust/ windstorm & rain-thunderstorm (with few heavy falls/ hailstorm) is expected in Islamabad/ Rawalpindi, Murree, Galliyat, Attock, Chakwal, Jhelum, Mandi Bahauddin, Gujrat, Gujranwala, Hafizabad, Wazirabad, Lahore, Sheikhupura, Sialkot, Narowal, Sahiwal, Jhang, Toba Tek Singh, Nankana Sahib, Chiniot, Faisalabad, Okara, Kasur, Khushab, Sargodha, Noorpur thal, Bhakkar, Layyah Mianwali, Bahawalpur, Bahawalnagar, D.G. Khan, Multan, Khanewal, Lodhran, Muzaffargarh, Rajanpur, Rahimyar Khan and Kot Addu from 11th to 13th June 2026 with occasional gaps.",1,6a294b0603ba2.pdf,6a294b0603ba2_02,Murree/Galliyat,,,direct,1,False,,,,
6a294b0603ba2_03,"c. Azad Jammu & Kashmir/ Gilgit Baltistan. Scattered rain-wind/ thunderstorm (with few heavy falls/ hailstorm) is expected in Kashmir (Neelum valley, Muzaffarabad, Rawalakot, Poonch, Hattian, Bagh, Haveli, Sudhanoti, Kotli, Bhimber, Mirpur) and Gilgit Baltistan (Diamir, Astore, Ghizer, Skardu, Hunza, Gilgit, Ghanche and Shigar) from 11th to 13th June with occasional gaps.",1,6a294b0603ba2.pdf,6a294b0603ba2_03,"Hunza, Skardu, Gilgit, Neelum Valley",,,direct,1,False,,,,
6a294b0603ba2_04,"c. Landslides may occur in vulnerable areas of upper Khyber Pakhtunkhwa, Gilgit-Baltistan and Kashmir from 11th to 13th June 2026.",2,6a294b0603ba2.pdf; 6a425d1e0965b.pdf,6a294b0603ba2_04; 6a425d1e0965b_05,,"Chitral, Dir, Gilgit, Hunza, Naran, Neelum Valley, Skardu, Swat","Gilgit-Baltistan, Kashmir, Khyber Pakhtunkhwa",implied_full_confidence,2,True,,,,
6a300781e72b5_01,"a. Khyber Pakhtunkhwa. Scattered dust/ windstorm & rain - thunderstorm (with isolated heavy falls/ hailstorm) is expected in Dir, Chitral, Swat, Kohistan, Malakand, Bajaur, Shangla, Battagram, Buner, Kohat, Bannu, Dera Ismail Khan, Bajaur, Mohmand, Khyber, Waziristan, Orakzai, Mansehra, Abbottabad, Haripur, Peshawar, Mardan, Hangu and Kurram from 16th to 20th June 2026 with occasional gaps.",1,6a300781e72b5.pdf,6a300781e72b5_01,"Swat, Chitral, Dir",Naran,"Khyber Pakhtunkhwa, Mansehra/Kaghan",direct,1,True,,,,
6a300781e72b5_02,"b. Punjab/ Islamabad. Scattered dust/ windstorm & rain-thunderstorm (with isolated heavy falls/ hailstorm) is expected in Islamabad/ Rawalpindi, Murree, Galliyat, Attock, Chakwal, Jhelum, Mandi Bahauddin, Gujrat, Gujranwala, Hafizabad, Wazirabad, Lahore, Sheikhupura, Sialkot, Narowal, Sahiwal, Jhang, Toba Tek Singh,Pakpattan, Nankana Sahib, Chiniot, Faisalabad, Okara, Kasur, Khushab, Sargodha, Noorpur thal, Bhakkar, Layyah, Mianwali, Bahawalpur, Bahawalnagar, D.G. Khan, Multan, Khanewal, Lodhran, Muzaffargarh, Rajanpur, Rahimyar Khan and Kot Addu from 16th to 20th June 2026 with occasional gaps.",1,6a300781e72b5.pdf,6a300781e72b5_02,Murree/Galliyat,,,direct,1,False,,,,
6a300781e72b5_03,"c. Azad Jammu & Kashmir/ Gilgit Baltistan. Scattered rain-wind/ thunderstorm (with isolated heavy falls/ hailstorm) is expected in Kashmir (Neelum valley, Muzaffarabad, Rawalakot, Poonch, Hattian, Bagh, Haveli, Sudhanoti, Kotli, Bhimber, Mirpur) from 16th to 22th June and Gilgit Baltistan (Diamir, Astore, Ghizer, Skardu, Hunza, Gilgit, Ghanche and Shigar) from 18th to 22th June 2026 with occasional gaps.",1,6a300781e72b5.pdf,6a300781e72b5_03,"Hunza, Skardu, Gilgit, Neelum Valley",,,direct,1,True,,,,
6a300781e72b5_04,"c. Landslides may occur in vulnerable areas of upper Khyber Pakhtunkhwa, Gilgit-Baltistan and Kashmir from 16th to 21st June 2026.",1,6a300781e72b5.pdf,6a300781e72b5_04,,"Chitral, Dir, Gilgit, Hunza, Naran, Neelum Valley, Skardu, Swat","Gilgit-Baltistan, Kashmir, Khyber Pakhtunkhwa",implied_full_confidence,2,False,,,,
6a3f6f98018b6_01,Subject: GLOF Alert Dated: 27 June 2026 The soaring temperatures across Gilgit-Baltistan and Khyber Pakhtunkhwa are expected to persist till first week of July 2026.,1,6a3f6f98018b6.pdf,6a3f6f98018b6_01,,"Chitral, Dir, Gilgit, Hunza, Naran, Skardu, Swat","Gilgit-Baltistan, Khyber Pakhtunkhwa",implied_full_confidence,2,False,,,,
6a425d1e0965b_01,"a. Azad Jammu & Kashmir. Scattered rain-wind/ thunderstorm (with few heavy falls/ hailstorm) is expected in Neelum valley, Muzaffarabad, Rawalakot, Poonch, Hattian, Bagh, Haveli, Sudhanoti, Kotli, Bhimber, Mirpur from 1st to 5th July 2026.",1,6a425d1e0965b.pdf,6a425d1e0965b_01,Neelum Valley,,,direct,1,True,,,,
6a425d1e0965b_02,"b. Khyber Pakhtunkhwa. Scattered rain-wind/ thunderstorm (with few heavy falls/ hailstorm) is expected in Dir, Chitral, Swat, Kohistan, Malakand, Nowshera, Charsadda, Karak, Tank, Lakki Marwat, Swabi, Shangla, Battagram, Buner, Kohat, Kurram, Bajaur, Mohmand, Khyber, Orakzai, Mansehra, Abbottabad, Haripur, Peshawar, Mardan, Hangu, Waziristan, Bannu and Dera Ismail Khan from 1st to 5th July 2026 with occasional gaps.",1,6a425d1e0965b.pdf,6a425d1e0965b_02,"Swat, Chitral, Dir",Naran,"Khyber Pakhtunkhwa, Mansehra/Kaghan",direct,1,True,,,,
6a425d1e0965b_03,"c. Punjab/ Islamabad. Scattered dust/ windstorm & rain-thunderstorm (with few heavy falls/ hailstorm) Islamabad/Rawalpindi, Murree, Galliyat, Attock, Chakwal, Jhelum, Mandi Bahauddin, Gujrat, Gujranwala, Hafizabad, Wazirabad, Faisalabad, Khushab, Sargodha, Lahore, Sheikhupura, Sialkot, Narowal from 1st to 6th July 2026, while in Sahiwal, Jhang, Toba Tek Singh, Pakpattan, Nankana Sahib, Chiniot, Okara, Kasur, Noor Pur Thal, Bhakkar, Layyah Mianwali, Bahawalpur, Bahawalnagar, D.G. Khan, Multan, Khanewal, Lodhran, Muzaffargarh and Rajanpur from 3rd to 5th July 2026 with occasional gaps.",1,6a425d1e0965b.pdf,6a425d1e0965b_03,Murree/Galliyat,,,direct,1,False,,,,
6a425d1e0965b_04,"d. Gilgit Baltistan. Rrain-wind/ thunderstorm (with few heavy falls/ hailstorm Diamer, Astore, Ghizer, Skardu, Hunza, Gilgit, Ghanche and Shigar from 1st to 5th July 2026 with occasional gaps.",1,6a425d1e0965b.pdf,6a425d1e0965b_04,"Hunza, Skardu, Gilgit",,,direct,1,True,,,,
6a4b8ee0b9b3e_01,"a. Azad Jammu & Kashmir. Scattered rain-windstorm/ thunderstorm (with few heavy falls/ hailstorm) is expected in Neelum valley, Muzaffarabad, Rawalakot, Poonch, Hattian, Bagh, Haveli, Sudhanoti, Kotli, Bhimber and Mirpur from 6th (night) to 8th July 2026 with occasional gaps.",1,6a4b8ee0b9b3e.pdf,6a4b8ee0b9b3e_01,Neelum Valley,,,direct,1,False,,,,
6a4b8ee0b9b3e_02,"b. Khyber Pakhtunkhwa. Scattered rain-windstorm/ thunderstorm (with few heavy falls/ hailstorm) is expected in Dir, Chitral, Swat, Kohistan, Malakand, Nowshera, Charsadda, Karak, Tank, Lakki Marwat, Swabi, Shangla, Battagram, Buner, Kohat, Kurram, Bajaur, Mohmand, Khyber, Orakzai, Mansehra, Abbottabad, Haripur, Peshawar, Mardan and Hangu from 6th (night) to 8th July 2026 while in Waziristan, Bannu and Dera Ismail Khan on 7th & 8th July with occasional gaps.",1,6a4b8ee0b9b3e.pdf,6a4b8ee0b9b3e_02,"Swat, Chitral, Dir",Naran,"Khyber Pakhtunkhwa, Mansehra/Kaghan",direct,1,False,,,,
6a4b8ee0b9b3e_03,"c. Punjab/ Islamabad. Scattered rain-windstorm/ thundershower (with few heavy falls/ hailstorm) Islamabad/Rawalpindi, Murree, Galliyat, Attock, Chakwal, Jhelum, Mandi Bahauddin, Gujrat, Gujranwala, Hafizabad, Wazirabad, Faisalabad, Khushab, Sargodha, Lahore, Sheikhupura, Sialkot, Narowal, Sahiwal, Jhang, Toba Tek Singh, Pakpattan, Nankana Sahib, Chiniot, Okara and Kasur from 6th (evening/ night) to 8th July 2026, while in Noor Pur Thal, Bhakkar, Layyah Mianwali, Bahawalpur, Bahawalnagar, D.G. Khan, Multan, Khanewal, Lodhran, Muzaffargarh and Rajanpur from 7th & 8th July with occasional gaps.",1,6a4b8ee0b9b3e.pdf,6a4b8ee0b9b3e_03,Murree/Galliyat,,,direct,1,True,,,,
6a4b8ee0b9b3e_04,"d. Gilgit Baltistan. Rain-windstorm/ thundershower (with few heavy falls/ hailstorm Diamer, Astore, Ghizer, Skardu, Hunza, Gilgit, Ghanche and Shigar from 7th & 8th July with occasional gaps.",1,6a4b8ee0b9b3e.pdf,6a4b8ee0b9b3e_04,"Hunza, Skardu, Gilgit",,,direct,1,True,,,,
6a4b8ee0b9b3e_05,"c. Landslides may occur in vulnerable areas of upper Khyber Pakhtunkhwa, Gilgit-Baltistan and Kashmir from 7th to 8th July 2026. Water flow may increase in local streams and nullahs of Kashmir, Khyber Pakhtunkhwa, Gilgit Baltistan & hill torrents of D.G Khan on 7th & 8th July 2026.",1,6a4b8ee0b9b3e.pdf,6a4b8ee0b9b3e_05,,"Chitral, Dir, Gilgit, Hunza, Naran, Neelum Valley, Skardu, Swat","Gilgit-Baltistan, Kashmir, Khyber Pakhtunkhwa",implied_full_confidence,2,False,,,,
6a50c95ceea07_01,"a. Azad Jammu & Kashmir. Rain-windstorm/ thundershower (with isolated heavy falls) is expected in Neelum valley, Muzaffarabad, Rawalakot, Poonch, Hattian, Bagh, Haveli, Sudhanoti, Kotli, Bhimber and Mirpur from 10th (night) to 13th July 2026 with occasional gaps.",1,6a50c95ceea07.pdf,6a50c95ceea07_01,Neelum Valley,,,direct,1,True,,,,
6a50c95ceea07_02,"b. Khyber Pakhtunkhwa. Rain-windstorm/ thundershower (with isolated heavy falls) is expected in Dir, Chitral, Swat, Kohistan, Malakand, Nowshera, Charsadda, Karak, Tank, Lakki Marwat, Swabi, Shangla, Battagram, Buner, Kohat, Kurram, D.I Khan, Bannu, Waziristan, Bajaur, Mohmand, Khyber, Orakzai, Mansehra, Abbottabad, Haripur, Peshawar, Mardan and Hangu on 11th and 12th July 2026.",1,6a50c95ceea07.pdf,6a50c95ceea07_02,"Swat, Chitral, Dir",Naran,"Khyber Pakhtunkhwa, Mansehra/Kaghan",direct,1,True,,,,
6a50c95ceea07_03,"c. Punjab/ Islamabad. Scattered rain-windstorm/ thundershower (with isolated heavy falls) Islamabad/ Rawalpindi, Murree, Galliyat, Attock, Chakwal, Jhelum, Mandi Bahauddin, Gujrat, Gujranwala, Hafizabad, Wazirabad, Faisalabad, Khushab, Sargodha, Lahore, Sheikhupura, Sialkot, Narowal, Sahiwal, Jhang, Toba Tek Singh, Nankana Sahib, Chiniot and Okara from 11th and 12th July 2026, while in Noor Pur Thal, Bhakkar, Layyah Mianwali, Bahawalpur, Bahawalnagar, D.G. Khan, Multan, Khanewal, Lodhran, Muzaffargarh, Kot Addu, Rahim Yar Khan and Rajanpur from 11th (evening/night) and 12th July 2026 with occasional gaps.",1,6a50c95ceea07.pdf,6a50c95ceea07_03,Murree/Galliyat,,,direct,1,False,,,,
6a50c95ceea07_04,"d. Gilgit Baltistan. Rain-windstorm/ thunderstorm (Diamer, Astore, Ghizer, Skardu, Hunza, Gilgit, Ghanche and Shigar from 11th (evening/night) & 13th July 2026 with occasional gaps.",1,6a50c95ceea07.pdf,6a50c95ceea07_04,"Hunza, Skardu, Gilgit",,,direct,1,False,,,,
6a50c95ceea07_05,"c. Landslides may occur in vulnerable areas of upper Khyber Pakhtunkhwa, Gilgit-Baltistan and Kashmir from 11th to 12th July 2026. Water flow may increase in local streams and nullahs of Kashmir, Khyber Pakhtunkhwa, Gilgit Baltistan & hill torrents of D.G Khan on 11th to 12th July 2026.",1,6a50c95ceea07.pdf,6a50c95ceea07_05,,"Chitral, Dir, Gilgit, Hunza, Naran, Neelum Valley, Skardu, Swat","Gilgit-Baltistan, Kashmir, Khyber Pakhtunkhwa",implied_full_confidence,2,False,,,,
6a5a0b87cdb4b_01,"a. Azad Jammu & Kashmir. Rain windstorm/ thundershower (with scattered heavy falls at times very heavy) is expected in (Neelum valley, Muzaffarabad, Rawalakot, Poonch, Hattian, Bagh, Haveli, Sudhanoti, Kotli, Bhimber, Mirpur) from 18th (evening/ night) to 25th July 2026 with occasional gaps.",1,6a5a0b87cdb4b.pdf,6a5a0b87cdb4b_01,Neelum Valley,,,direct,1,False,,,,
6a5a0b87cdb4b_02,"b. Khyber Pakhtunkhwa. Rain windstorm/ thundershower (with scattered heavy falls at times very heavy) is expected in (Dir, Chitral, Swat, Kohistan, Malakand, Nowshera, Charsadda, Karak, Tank, Lakki Marwat, Swabi, Shangla, Battagram, Buner, Kohat, Kurram, D.I Khan, Bannu, Waziristan, Bajaur, Mohmand, Khyber, Orakzai, Mansehra, Abbottabad, Haripur, Peshawar, Mardan, Hangu from 19th (evening/ night) to 23rd July 2026.",1,6a5a0b87cdb4b.pdf,6a5a0b87cdb4b_02,"Swat, Chitral, Dir",Naran,"Khyber Pakhtunkhwa, Mansehra/Kaghan",direct,1,False,,,,
6a5a0b87cdb4b_03,"c. Punjab/ Islamabad. Rain windstorm/ thundershower (with scattered heavy falls at times very heavy) is expected in Islamabad/Rawalpindi, Murree, Galliyat, Attock, Chakwal, Jhelum, Mandi Bahauddin, Gujrat, Gujranwala, Hafizabad, Wazirabad, Faisalabad, Khushab, Sargodha, Lahore, Sheikhupura, Sialkot, Narowal, Sahiwal, Jhang, Toba Tek Singh, Nankana Sahib, Chiniot, Okara, from 19th (evening/ night) to 23rd July 2026 while in Noor Pur Thal, Bhakkar, Mianwali, Layyah, Bahawalpur, Bahawalnagar, D.G. Khan, Multan, Khanewal, Lodhran, Muzaffargarh, Kot Addu, Rahim Yar Khan and Rajanpur from 20th to 24th July with occasional gaps. Heavy falls is also expected during the period.",1,6a5a0b87cdb4b.pdf,6a5a0b87cdb4b_03,Murree/Galliyat,,,direct,1,True,,,,
6a5a0b87cdb4b_04,"d. Gilgit Baltistan. Rain windstorm/thunderstorm (with moderate to heavy falls) is expected in (Diamir, Astore, Ghizer, Skardu, Hunza, Gilgit, Ghanche, Shigar) from 18th (evening/ night) to 25th July 2026 with occasional gaps.",1,6a5a0b87cdb4b.pdf,6a5a0b87cdb4b_04,"Hunza, Skardu, Gilgit",,,direct,1,False,,,,
6a5a0b87cdb4b_05,"b. Landslides may occur in vulnerable areas of Upper Khyber Pakhtunkhwa (Dir, Chitral, Swat, Kohistan, Buner, Mansehra, Abbottabad) Gilgit-Baltistan, Murree & Galliyat, and Kashmir during 20th to 25th July 2026.",1,6a5a0b87cdb4b.pdf,6a5a0b87cdb4b_05,"Swat, Murree/Galliyat, Chitral, Dir","Gilgit, Hunza, Naran, Neelum Valley, Skardu","Gilgit-Baltistan, Kashmir, Khyber Pakhtunkhwa, Mansehra/Kaghan",direct,2,False,,,,
6a5a0b87cdb4b_06,"c. Flash flooding in local streams and Nullahs of Kashmir, Murree & Galliyat, Northeastern Punjab, Islamabad, Khyber Pakhtunkhwa, Gilgit Baltistan, hill torrents of D. G. Khan and Northeastern parts of Balochistan during the wet spell.",1,6a5a0b87cdb4b.pdf,6a5a0b87cdb4b_06,Murree/Galliyat,"Chitral, Dir, Gilgit, Hunza, Naran, Neelum Valley, Skardu, Swat","Gilgit-Baltistan, Kashmir, Khyber Pakhtunkhwa",direct,2,False,,,,
6a60af7f0ced2_01,"Dated: 22 July 2026 Subject: Significant Increase in Water Levels in Rivers, Streams and Nullahs Across the Glaciated Regions Pakistan Meteorological Department (PMD) has issued a press release (Annex-A) stating that a significant increase in water levels has been observed in rivers, streams and nullahs across the glaciated regions of Gilgit Baltistan and Khyber Pakhtunkhwa.",1,6a60af7f0ced2.pdf,6a60af7f0ced2_01,,"Chitral, Dir, Gilgit, Hunza, Naran, Skardu, Swat","Gilgit-Baltistan, Khyber Pakhtunkhwa",implied_discounted,1,False,,,,
6a6347094ba88_01,"b. Kashmir. Isolated rain windstorm/thundershower is expected in (Neelum valley, Muzaffarabad, Rawalakot, Poonch, Hattian, Bagh, Haveli, Sudhnoti, Kotli, Bhimber and Mirpur) from 24th (evening/ night) to 28th July 2026 with occasional gaps.",1,6a6347094ba88.pdf,6a6347094ba88_01,Neelum Valley,,,direct,1,False,,,,
6a6347094ba88_02,"c. Punjab/Islamabad. Rain windstorm/thundershower (with isolated heavyfalls) is expected in Lahore, Sheikhupura Okara, Sahiwal, Pak Pattan, Vehari, Khanewal, Multan, Dera Gazi Khan, Rajanpur, Kot Addu, Muzaffargarh, Bahawalpur, Bahawalnagar, R Y Khan and Khan Pur from 24th (evening/ night) to 27th July 2026. Mostly partly cloudy at times cloudy weather conditions with rain-thundershower is expected in Islamabad/Rawalpindi, Murree, Galliyat, Attock, Chakwal, Jhelum, Mandi Bahauddin, Gujrat, Gujranwala, Hafizabad, Wazirabad, Faisalabad, Khushab, Sargodha, Sialkot, Narowal, Jhang, Toba Tek Singh, Nankana Sahib and Chiniot from 24th (evening/night) to 26th July 2026 with occasional gaps.",1,6a6347094ba88.pdf,6a6347094ba88_02,Murree/Galliyat,,,direct,0,False,,,,
6a6347094ba88_03,"d. Khyber-Pakhtunkhwa. Mostly partly cloudy at times cloudy weather conditions with rain-thundershower is expected in (Dir, Chitral, Swat, Kohistan, Malakand, Nowshera, Charsadda, Karak, Tank, Lakki Marwat, Swabi, Shangla, Battagram, Buner, Kohat, Kurram, D.I Khan, Bannu, Waziristan, Bajaur, Mohmand, Khyber, Orakzai, Mansehra, Abbottabad, Haripur, Peshawar, Mardan and Hangu from 24th (evening/ night) to 27th July 2026.",1,6a6347094ba88.pdf,6a6347094ba88_03,"Swat, Chitral, Dir",Naran,"Khyber Pakhtunkhwa, Mansehra/Kaghan",direct,0,True,,,,
6a6347094ba88_04,"e. Gilgit-Baltistan. Mostly partly cloudy at times cloudy weather conditions with rain-thundershower is expected in (Diamir, Astore, Ghizer, Skardu, Hunza, Gilgit, Ghanche and Shigar) from 24th (evening/ night) to 26th July 2026 with occasional gaps.",1,6a6347094ba88.pdf,6a6347094ba88_04,"Hunza, Skardu, Gilgit",,,direct,0,False,,,,
6a687cf015ff4_01,"a. Kashmir. Rain-wind/ thundershowers (with scattered heavy falls at times very heavy) is expected in (Neelum valley, Muzaffarabad, Rawalakot, Poonch, Hattian, Bagh, Haveli, Sudhnoti, Kotli, Bhimber and Mirpur) from 28th July (night) to 05th August 2026 with occasional gaps.",1,6a687cf015ff4.pdf,6a687cf015ff4_01,Neelum Valley,,,direct,1,False,,,,
6a687cf015ff4_02,"(1) Rain-wind/ thundershowers (with scattered heavy falls at times very heavy) is expected in Islamabad/ Rawalpindi, Murree, Galliyat, Attock, Chakwal, Jhelum, Mandi Bahauddin, Gujrat, Gujranwala, Hafizabad, Wazirabad, Sialkot, Narowal, Lahore, Okara, Kasur, Sheikhupura, Nankana Sahib, Faisalabad, Jhang, Toba Tek Singh, Chiniot, Khushab, Mianwali, Layyah, Bhakkar, Noor pur thal, Sargodha, Sahiwal and Pakpattan from 29th July to 04th August 2026 with occasional gaps.",1,6a687cf015ff4.pdf,6a687cf015ff4_02,Murree/Galliyat,,,direct,1,False,,,,
6a687cf015ff4_03,"c. Khyber-Pakhtunkhwa. Rain-wind/ thundershowers (with scattered heavy falls at times very heavy) is expected in (Dir, Chitral, Swat, Kohistan, Malakand, Nowshera, Charsadda, Karak, Tank, Lakki Marwat, Swabi, Shangla, Battagram, Buner, Kohat, Kurram, D.I Khan, Bannu, Waziristan, Bajaur, Mohmand, Khyber, Orakzai, Mansehra, Abbottabad, Haripur, Peshawar, Mardan and Hangu from 29th July to 05th August 2026 with occasional gaps.",1,6a687cf015ff4.pdf,6a687cf015ff4_03,"Swat, Chitral, Dir",Naran,"Khyber Pakhtunkhwa, Mansehra/Kaghan",direct,1,False,,,,
6a687cf015ff4_04,"d. Gilgit-Baltistan. Rain-wind/ thunderstorm (with moderate to heavy falls) is expected in (Diamir, Astore, Ghizer, Skardu, Hunza, Gilgit, Ghanche and Shigar) from 28th July (evening/ night) to 06th August 2026 with occasional gaps.",1,6a687cf015ff4.pdf,6a687cf015ff4_04,"Hunza, Skardu, Gilgit",,,direct,1,False,,,,
6a687cf015ff4_05,"c. Landslides may occur in vulnerable areas of upper Khyber Pakhtunkhwa (Dir, Chitral, Swat, Kohistan, Buner, Battagram, Mansehra, Haripur, Abbottabad), Gilgit-Baltistan, Murree, Galliyat and Kashmir from 30th July to 05th August 2026.",1,6a687cf015ff4.pdf,6a687cf015ff4_05,"Swat, Murree/Galliyat, Chitral, Dir","Gilgit, Hunza, Naran, Neelum Valley, Skardu","Gilgit-Baltistan, Kashmir, Khyber Pakhtunkhwa, Mansehra/Kaghan",direct,2,True,,,,
6a687cf015ff4_06,"d. Heavy rains may generate flash floods in Local Streams/ Nullahs of Kashmir, Murree, Galliyat, Northeastern Punjab, Islamabad, Khyber Pakhtunkhwa, Gilgit Baltistan, hill torrents of D. G. Khan and Northeastern parts of Balochistan during the forecast period.",1,6a687cf015ff4.pdf,6a687cf015ff4_06,Murree/Galliyat,"Chitral, Dir, Gilgit, Hunza, Naran, Neelum Valley, Skardu, Swat","Gilgit-Baltistan, Kashmir, Khyber Pakhtunkhwa",direct,2,False,,,,
6a7c660b2e26b_01,"a. Rain-wind/ thundershowers (with few heavy falls) is expected in Kashmir (Neelum valley, Muzaffarabad, Rawalakot, Poonch, Hattian, Bagh, Haveli, Sudhanoti, Kotli, Bhimber and Mirpur), Gilgit-Baltistan (Diamir, Astore, Ghizer, Skardu, Hunza, Gilgit, Ghanche and Shigar), Upper Khyber - Pakhtunkhwa (Dir, Chitral, Swat, Kohistan, Malakand, Shangla, Battagram, Mansehra, Abbottabad, Galiyat, Buner, Bajaur, Mohmand, Peshawar, Nowshera, Mardan, Swabi, Haripur, Kurram, Khyber) and Northeast Punjab (Murree, Sialkot, Narowal, Mandi Bahauddin, Gujrat, Gujranwala, Hafizabad, Wazirabad, Lahore, Kasur, Sheikhupura and Nankana Sahib) from 12th (night) to 15th August 2026 with occasional gaps.",1,6a7c660b2e26b.pdf,6a7c660b2e26b_01,"Hunza, Skardu, Gilgit, Swat, Murree/Galliyat, Chitral, Dir, Neelum Valley",Naran,"Gilgit-Baltistan, Kashmir, Khyber Pakhtunkhwa, Mansehra/Kaghan",direct,1,False,,,,
6a7c660b2e26b_02,"b. Landslides may occur in vulnerable areas of Upper Khyber Pakhtunkhwa (Dir, Chitral, Swat, Kohistan, Buner, Battagram, Mansehra, Haripur, Abbottabad), Gilgit-Baltistan, Murree, Galliyat and Kashmir during the forecast period.",1,6a7c660b2e26b.pdf,6a7c660b2e26b_02,"Swat, Murree/Galliyat, Chitral, Dir","Gilgit, Hunza, Naran, Neelum Valley, Skardu","Gilgit-Baltistan, Kashmir, Khyber Pakhtunkhwa, Mansehra/Kaghan",direct,2,True,,,,
6a86c3402ee86_01,"a. Kashmir. Scattered Rain-wind/ thundershowers (with isolated heavy falls) is expected in (Neelum valley, Muzaffarabad, Rawalakot, Poonch, Hattian, Bagh, Haveli, Sudhnoti, Kotli, Bhimber and Mirpur) from 16th (evening/night) to 21th August 2026 with occasional gaps.",1,6a86c3402ee86.pdf,6a86c3402ee86_01,Neelum Valley,,,direct,1,False,,,,
6a86c3402ee86_02,"b. Punjab/ Islamabad Rain-wind/thundershower (with isolated heavy falls) is expected in Islamabad, Rawalpindi, Murree, Galliyat, Jhelum, Chakwal, Talagang, Attock, Sialkot, Narowal, Mandi Bahauddin, Gujrat, Gujranwala, Hafizabad, Wazirabad, Lahore, Kasur, Okara, Sheikhupura, Nankana Sahib, Sargodha, Khushab, Mianwali and Noorpur Thal from 16th (evening/night) to 21st August 2026 with occasional gaps. While in Faisalabad, Jhang, Toba Tek Singh, Layyah, Bhakkar, Sahiwal, Pakpattan, Bahawalnagar, Bahawalpur and D.G. Khan on 20th and 21st August 2026.",1,6a86c3402ee86.pdf,6a86c3402ee86_02,Murree/Galliyat,,,direct,1,True,,,,
6a86c3402ee86_03,"c. Khyber-Pakhtunkhwa. Rain-wind/thundershower (with isolated heavy falls) is expected in (Dir, Chitral, Swat, Kohistan, Malakand, Nowshera, Charsadda, Swabi, Shangla, Battagram, Buner, Kohat, Hangu, Kurram, Bajaur, Mohmand, Khyber, Orakzai, Mansehra, Abbottabad, Haripur, Peshawar and Mardan) from 17th (evening/night) to 21st August 2026, with occasional gaps while in Karak, Tank, Lakki Marwat, D.I Khan, Bannu and Waziristan on 20th and 21st August 2026.",1,6a86c3402ee86.pdf,6a86c3402ee86_03,"Swat, Chitral, Dir",Naran,"Khyber Pakhtunkhwa, Mansehra/Kaghan",direct,1,False,,,,
6a86c3402ee86_04,"d. Gilgit-Baltistan. Rain-wind/thundershower is expected in Diamir, Astore, Ghizer, Skardu, Hunza, Gilgit, Ghanche and Shigar from 18th to 21st August 2026 with occasional gaps.",1,6a86c3402ee86.pdf,6a86c3402ee86_04,"Hunza, Skardu, Gilgit",,,direct,1,True,,,,
6a86c3402ee86_05,"c. Landslides may occur in hilly areas of Khyber Pakhtunkhwa, Gilgit-Baltistan, Murree, Galliyat and Kashmir during the forecast period.",5,6a86c3402ee86.pdf; 6a885045d4e15.pdf; 6a91749fbdd5d.pdf; 6a981c869e237.pdf; 6aa3edb7dfd18 (2).pdf,6a86c3402ee86_05; 6a885045d4e15_06; 6a91749fbdd5d_06; 6a981c869e237_06; 6aa3edb7dfd18 (2)_06,Murree/Galliyat,"Chitral, Dir, Gilgit, Hunza, Naran, Neelum Valley, Skardu, Swat","Gilgit-Baltistan, Kashmir, Khyber Pakhtunkhwa",direct,2,True,,,,
6a885045d4e15_01,"a. Kashmir. Rain-wind/thundershower (with isolated heavy falls) is expected in Neelum valley, Muzaffarabad, Rawalakot, Poonch, Hattian, Bagh, Haveli, Sudhanoti, Kotli, Bhimber, Mirpur from 21st (night) to 23rd August 2026 with occasional gaps.",1,6a885045d4e15.pdf,6a885045d4e15_01,Neelum Valley,,,direct,1,False,,,,
6a885045d4e15_02,"b. Khyber-Pakhtunkhwa. Rain-wind/thundershower (with isolated heavyfalls) is expected in Dir, Chitral, Swat, Kohistan, Malakand, Nowshera, Charsadda, Swabi, Shangla, Battagram, Buner, Kohat, Hangu, Kurram, Bajaur, Mohmand, Khyber, Orakzai, Mansehra, Abbottabad, Haripur, Peshawar, Mardan, Karak, Tank, Lakki Marwat, D.I Khan, Bannu, Waziristan from 21st (evening/ night) to 23rd August 2026 with occasional gaps.",1,6a885045d4e15.pdf,6a885045d4e15_02,"Swat, Chitral, Dir",Naran,"Khyber Pakhtunkhwa, Mansehra/Kaghan",direct,1,False,,,,
6a885045d4e15_03,"c. Islamabad/Upper Punjab. Rain-wind/thundershower (with isolated heavyfalls) is expected in Islamabad, Rawalpindi, Murree, Galliyat, Jhelum, Chakwal, Talagang, Attock, Sialkot, Narowal, Mandi Bahauddin, Gujrat, Gujranwala, Hafizabad, Wazirabad, Lahore, Kasur, Okara, Sheikhupura, Nankana Sahib from 21st (evening/ night) to 23rd August (morning) with occasional gaps, while in Sargodha, Khushab, Mianwali, Noorpur, Faisalabad, Jhang, Toba Tek Singh, Layyah, Bhakkar, Sahiwal, Pakpattan, D.G. Khan on 22nd August 2026.",1,6a885045d4e15.pdf,6a885045d4e15_03,Murree/Galliyat,,,direct,1,False,,,,
6a885045d4e15_04,"d. Gilgit-Baltistan. Rain-wind/thundershower is expected in Diamir, Astore, Ghizer, Skardu, Hunza, Gilgit, Ghanche, Shigar from 21st (evening/ night) to 23rd August 2026 with occasional gaps.",1,6a885045d4e15.pdf,6a885045d4e15_04,"Hunza, Skardu, Gilgit",,,direct,1,False,,,,
6a885045d4e15_05,"b. Heavy rain may cause flash flooding in local streams/ Nullahs in Kashmir, Murree, Galliyat, Islamabad and Rawalpindi during the forecast period.",2,6a885045d4e15.pdf; 6a91749fbdd5d.pdf,6a885045d4e15_05; 6a91749fbdd5d_05,Murree/Galliyat,Neelum Valley,Kashmir,direct,2,False,,,,
6a91749fbdd5d_01,"a. Kashmir. Rain-wind / thundershower (with isolated heavy falls) is expected in (Neelum valley, Muzaffarabad, Rawalakot, Poonch, Hattian, Bagh, Haveli, Sudhanoti, Kotli, Bhimber, Mirpur) from 28th August (evening/night) to 06th September 2026 with occasional gaps.",1,6a91749fbdd5d.pdf,6a91749fbdd5d_01,Neelum Valley,,,direct,1,False,,,,
6a91749fbdd5d_02,"b. Islamabad/Upper Punjab. Rain-wind / thundershower (with isolated heavy falls) is expected in Islamabad, Rawalpindi, Murree, Galliyat, Jhelum, Chakwal, Talagang, Attock, Lahore, Sialkot, Sheikhupura, Narowal, Mandi Bahauddin, Gujrat, Gujranwala, Wazirabad and Hafizabad from 29th August to 05th September 2026, while in Kasur, Okara, Nankana Sahib, Sargodha, Khushab, Mianwali, Noorpur Thal , Faisalabad, Jhang, Toba Tek Singh, Layyah, Bhakkar, Sahiwal and Pakpattan from 01st September to 05th September 2026 with occasional gaps.",1,6a91749fbdd5d.pdf,6a91749fbdd5d_02,Murree/Galliyat,,,direct,1,True,,,,
6a91749fbdd5d_03,"c. Khyber-Pakhtunkhwa. Rain-wind / thundershower (with isolated heavy falls) is expected in (Peshawar, Dir, Chitral, Swat, Kohistan, Malakand, Mardan, Nowshera, Charsadda, Swabi, Shangla, Battagram, Buner, Kohat, Hangu, Kurram, Bajaur, Mohmand, Khyber, Orakzai, Mansehra, Abbottabad, Haripur from 29th August to 05th September 2026, while in Karak, Tank, Lakki Marwat, D.I Khan, Bannu, Waziristan from 01st September to 04th September 2026 with occasional gaps.",1,6a91749fbdd5d.pdf,6a91749fbdd5d_03,"Swat, Chitral, Dir",Naran,"Khyber Pakhtunkhwa, Mansehra/Kaghan",direct,1,False,,,,
6a91749fbdd5d_04,"d. Gilgit-Baltistan. Rain-wind / thundershower is expected in Diamir, Astore, Ghizer, Skardu, Hunza, Gilgit, Ghanche, Shigar from 30th August to 06th September with occasional gaps.",1,6a91749fbdd5d.pdf,6a91749fbdd5d_04,"Hunza, Skardu, Gilgit",,,direct,1,False,,,,
6a981c869e237_01,"a. Kashmir. Rain-wind/ thundershower (with isolated heavy falls) is expected in (Neelum valley, Muzaffarabad, Rawalakot, Poonch, Hattian, Bagh, Haveli, Sudhanoti, Kotli, Bhimber, Mirpur) from 03rd to 06th September 2026 with occasional gaps.",1,6a981c869e237.pdf,6a981c869e237_01,Neelum Valley,,,direct,1,False,,,,
6a981c869e237_02,"b. Khyber-Pakhtunkhwa. Rain-wind/thundershower (with scattered heavy falls at times very heavy) is expected in (Peshawar, Dir, Chitral, Swat, Kohistan, Malakand, Mardan, Nowshera, Charsadda, Swabi, Shangla, Battagram, Buner, Kohat, Hangu, Kurram, Bajaur, Mohmand, Khyber, Orakzai, Mansehra, Abbottabad, Haripur, Karak, Tank, Lakki Marwat, D.I Khan, Bannu and Waziristan from 03rd (evening/night) to 05th September, with occasional gaps.",1,6a981c869e237.pdf,6a981c869e237_02,"Swat, Chitral, Dir",Naran,"Khyber Pakhtunkhwa, Mansehra/Kaghan",direct,1,True,,,,
6a981c869e237_03,"c. Islamabad/Upper Punjab. Rain-wind/thundershower (with isolated heavy falls at times very heavy) is expected in Islamabad, Rawalpindi, Murree, Galliyat, Jhelum, Chakwal, Talagang, Attock, Lahore, Sialkot, Sheikhupura, Narowal, Mandi Bahauddin, Gujrat, Gujranwala, Wazirabad, Hafizabad, Kasur on 03rd to 05th September 2026, while in Okara, Nankana Sahib, Sargodha, Khushab, Mianwali, Noorpur Thal , Faisalabad, Jhang, Toba Tek Singh, Layyah, Bhakkar, Sahiwal, Dera Ghazi Khan and surroundings on 04th and 05th September 2026 with occasional gaps.",1,6a981c869e237.pdf,6a981c869e237_03,Murree/Galliyat,,,direct,1,True,,,,
6a981c869e237_04,"d. Gilgit-Baltistan. Rain-wind/thundershower (moderate with isolated heavy falls) is expected in Diamir, Astore, Ghizer, Skardu, Hunza, Gilgit, Ghanche, Shigar from 03rd to 06th September 2026 with occasional gaps.",1,6a981c869e237.pdf,6a981c869e237_04,"Hunza, Skardu, Gilgit",,,direct,1,False,,,,
6a981c869e237_05,"b. Heavy to very heavy rain may cause flash flooding in local streams/ Nullahs in Dir, Chitral, Swat, Kohistan, Shangla, Battagram, Buner, Malakand, Mansehra, Abbottabad, Gilgit-Baltistan, Kashmir, Murree, Galliyat, Islamabad and Rawalpindi during the forecast period.",1,6a981c869e237.pdf,6a981c869e237_05,"Swat, Murree/Galliyat, Chitral, Dir","Gilgit, Hunza, Naran, Neelum Valley, Skardu","Gilgit-Baltistan, Kashmir, Mansehra/Kaghan",direct,2,False,,,,
6aa3edb7dfd18 (2)_01,"a. Kashmir. Rain - wind/ thundershower (with isolated heavy falls/ hailstorm) is expected in (Neelum valley, Muzaffarabad, Rawalakot, Poonch, Hattian, Bagh, Haveli, Sudhanoti, Kotli, Bhimber, Mirpur) from 12th to 17th September 2026 with occasional gaps.",1,6aa3edb7dfd18 (2).pdf,6aa3edb7dfd18 (2)_01,Neelum Valley,,,direct,1,True,,,,
6aa3edb7dfd18 (2)_02,"b. Islamabad/Upper Punjab: Rain - wind/ thundershower (with isolated heavy fall/ hailstorm) is expected in Islamabad, Rawalpindi, Murree, Galliyat, Jhelum, Chakwal, Talagang, Attock from 12th to 17th September 2026 with occasional gaps. Rain-wind/ thundershower (with isolated heavy fall/ hailstorm) is expected in Lahore, Sialkot, Sheikhupura, Narowal, Mandi Bahauddin, Gujrat, Gujranwala, Wazirabad, Hafizabad, Kasur, Okara, Nankana Sahib, Sargodha, Khushab, Mianwali, Noorpur Thal, Faisalabad, Jhang, Toba Tek Singh, Layyah, Bhakkar, Sahiwal, Dera Ghazi Khan, Multan and surroundings from 14th (evening/night) to 17th September 2026. with occasional gaps.",1,6aa3edb7dfd18 (2).pdf,6aa3edb7dfd18 (2)_02,Murree/Galliyat,,,direct,1,False,,,,
6aa3edb7dfd18 (2)_03,"c. Khyber-Pakhtunkhwa. Rain-wind/ thundershower (with scattered heavy falls/ hailstorm) is expected in (Peshawar, Dir, Chitral, Swat, Kohistan, Malakand, Mardan, Nowshera, Charsadda, Swabi, Shangla, Battagram, Buner, Kohat, Hangu, Kurram, Bajaur, Mohmand, Khyber, Orakzai, Mansehra, Abbottabad, Haripur, Karak, Tank, Lakki Marwat, D.I Khan, Bannu and Waziristan from 12th to 17th September 2026, with occasional gaps.",1,6aa3edb7dfd18 (2).pdf,6aa3edb7dfd18 (2)_03,"Swat, Chitral, Dir",Naran,"Khyber Pakhtunkhwa, Mansehra/Kaghan",direct,1,True,,,,
6aa3edb7dfd18 (2)_04,"d. Gilgit-Baltistan Rain - wind/ thundershower (moderate with isolated heavy falls) is expected in Diamir, Astore, Ghizer, Skardu, Hunza, Gilgit, Ghanche, Shigar from 12th to 17th September 2026 with occasional gaps.",1,6aa3edb7dfd18 (2).pdf,6aa3edb7dfd18 (2)_04,"Hunza, Skardu, Gilgit",,,direct,1,True,,,,
6aa3edb7dfd18 (2)_05,"b. Heavy rain may cause flash flood in local streams/ Nullahs in Dir, Chitral, Swat, Kohistan, Shangla, Battagram, Buner, Malakand, Mansehra, Abbottabad, Gilgit-Baltistan, Kashmir, Murree, Galliyat, Islamabad and Rawalpindi from 14th to 17th September 2026.",1,6aa3edb7dfd18 (2).pdf,6aa3edb7dfd18 (2)_05,"Swat, Murree/Galliyat, Chitral, Dir","Gilgit, Hunza, Naran, Neelum Valley, Skardu","Gilgit-Baltistan, Kashmir, Mansehra/Kaghan",direct,2,True,,,,
6ac38d525bbfa_01,"b. Punjab. Rain - wind/ thunderstorm (isolated hailstorm) is expected at isolated places in Rawalpindi, Murree, Galliyat, Attock, Chakwal, Jhelum, Mandi Bahauddin, Gujrat, Gujranwala, Hafizabad, Wazirabad, Lahore, Kasur, Sheikhupura, Sialkot, Narowal, Mianwali, Khushab, Sargodha, Jhang, Toba Tek Singh and Faisalabad on 06th & 07th October 2026.",1,6ac38d525bbfa.pdf,6ac38d525bbfa_01,Murree/Galliyat,,,direct,1,False,,,,
6ac38d525bbfa_02,"c. Khyber - Pakhtunkhwa. Rain - wind/ thunderstorm (isolated hailstorm) is expected in Dir, Chitral, Swat, Kohistan, Shangla, Battagram, Mansehra, Abbottabad, Haripur, Buner, Malakand, Bajaur, Mohmand, Kohat, Peshawar, Charsadda, Nowshera, Mardan, Swabi, Khyber, Orakzai, Kurram, Hangu, Lakki Marwat, Karak, Bannu, D I Khan and Waziristan from 05th (night) to 07th October 2026.",1,6ac38d525bbfa.pdf,6ac38d525bbfa_02,"Swat, Chitral, Dir",Naran,"Khyber Pakhtunkhwa, Mansehra/Kaghan",direct,1,False,,,,
6ac38d525bbfa_03,"d. Kashmir/ Gilgit - Baltistan. Rain - wind/ thunderstorm (isolated hailstorm) is expected at isolated places in Kashmir (Neelum valley, Muzaffarabad, Rawalakot, Poonch, Hattian, Bagh, Haveli, Sudhanoti, Kotli, Bhimber and Mirpur) and Gilgit-Baltistan (Diamir, Astore, Ghizer, Skardu, Hunza, Gilgit, Ghanche and Shigar) on 06th & 07th October 2026.",1,6ac38d525bbfa.pdf,6ac38d525bbfa_03,"Hunza, Skardu, Gilgit, Neelum Valley",,,direct,1,False,,,,
8GJyEDPo4pYsk6U2bie9_01,"(1) Heavy to very heavy rains may generate flash floods in local nullahs/streams of Murree, Galiyat, Islamabad/Rawalpindi, Hill torrents of D.G Khan, Northeast Punjab, from 14th to 17th July 2025.",1,8GJyEDPo4pYsk6U2bie9.pdf,8GJyEDPo4pYsk6U2bie9_01,Murree/Galliyat,,,direct,2,False,,,,
8GJyEDPo4pYsk6U2bie9_02,(2) Rains may trigger Landslides / Rockfall in Murree and hilly areas.,13,0HfA7btbAAKzmBoEETpF.pdf; 8GJyEDPo4pYsk6U2bie9.pdf; B2PMvR4BydFo61qtRTqO.pdf; GG1zJKscWUVfmTrVXDjh.pdf; UtacuBC0KL6hvhPlc7Ai.pdf; V0dbDT2EoxRY9d7qTV57.pdf; ffqd7NIYDqhTz3eh8Rma.pdf; oU33R4Y3ZcySakvyzQuF.pdf; ohUxnQnqhAGjinJQiGhs.pdf; sbqh8wwd4lj9FfnMDtux.pdf; tmWBnEzUrZg37F7vwjQR.pdf; yna9bt86RvXhKcotRdaW.pdf; yuO3WJ65UwwMuf67U2Au.pdf,8GJyEDPo4pYsk6U2bie9_02; B2PMvR4BydFo61qtRTqO_03; GG1zJKscWUVfmTrVXDjh_02; UtacuBC0KL6hvhPlc7Ai_02; oU33R4Y3ZcySakvyzQuF_02; ohUxnQnqhAGjinJQiGhs_01; tmWBnEzUrZg37F7vwjQR_02; yna9bt86RvXhKcotRdaW_02; yuO3WJ65UwwMuf67U2Au_02; 0HfA7btbAAKzmBoEETpF_01; V0dbDT2EoxRY9d7qTV57_01; ffqd7NIYDqhTz3eh8Rma_01; sbqh8wwd4lj9FfnMDtux_01,Murree/Galliyat,,,direct,2,True,,,,
8GJyEDPo4pYsk6U2bie9_03,"b. KP, Balochistan, GB and State of AJ&K",8,8GJyEDPo4pYsk6U2bie9.pdf; B2PMvR4BydFo61qtRTqO.pdf; GG1zJKscWUVfmTrVXDjh.pdf; UtacuBC0KL6hvhPlc7Ai.pdf; oU33R4Y3ZcySakvyzQuF.pdf; tmWBnEzUrZg37F7vwjQR.pdf; yna9bt86RvXhKcotRdaW.pdf; yuO3WJ65UwwMuf67U2Au.pdf,8GJyEDPo4pYsk6U2bie9_03; B2PMvR4BydFo61qtRTqO_04; GG1zJKscWUVfmTrVXDjh_03; UtacuBC0KL6hvhPlc7Ai_03; oU33R4Y3ZcySakvyzQuF_03; tmWBnEzUrZg37F7vwjQR_03; yna9bt86RvXhKcotRdaW_03; yuO3WJ65UwwMuf67U2Au_03,,"Chitral, Dir, Gilgit, Hunza, Naran, Neelum Valley, Skardu, Swat","Gilgit-Baltistan, Kashmir, Khyber Pakhtunkhwa",implied_discounted,1,False,,,,
8GJyEDPo4pYsk6U2bie9_04,"(1) Heavy to very heavy rains may generate flash floods in local nullahs / streams of Galiyat, Mansehra, Kohistan, Abbottabad, Buner, Chitral, Dir, Swat, Shangla, Nowshera, Swabi, Hill torrents in Balochistan from 14th to 17th July 2025.",1,8GJyEDPo4pYsk6U2bie9.pdf,8GJyEDPo4pYsk6U2bie9_04,"Swat, Murree/Galliyat, Chitral, Dir",Naran,Mansehra/Kaghan,direct,2,True,,,,
B2PMvR4BydFo61qtRTqO_01,"2025. A Westerly Wave is currently affecting the Upper parts and is likely to strengthen from 17th August 2025. Furthermore, Rain-Wind/Thundershower (with scattered heavy falls) is expected in Islamabad, Kashmir, upper Punjab, Khyber Pakhtunkhwa and Gilgit-Baltistan from 14th to 17th August. Under the influence of these Meteorological conditions following are the likely Impact areas: - Government of Pakistan Prime Minister’s Office",1,B2PMvR4BydFo61qtRTqO.pdf,B2PMvR4BydFo61qtRTqO_01,,"Chitral, Dir, Gilgit, Hunza, Naran, Neelum Valley, Skardu, Swat","Gilgit-Baltistan, Kashmir, Khyber Pakhtunkhwa",implied_discounted,1,False,,,,
B2PMvR4BydFo61qtRTqO_02,"(1) Heavy to very heavy rains may generate flash floods in local nullahs/streams of Murree, Galiyat, Islamabad/Rawalpindi, Hill torrents of D.G Khan, Northeast Punjab.",7,B2PMvR4BydFo61qtRTqO.pdf; GG1zJKscWUVfmTrVXDjh.pdf; UtacuBC0KL6hvhPlc7Ai.pdf; oU33R4Y3ZcySakvyzQuF.pdf; tmWBnEzUrZg37F7vwjQR.pdf; yna9bt86RvXhKcotRdaW.pdf; yuO3WJ65UwwMuf67U2Au.pdf,B2PMvR4BydFo61qtRTqO_02; GG1zJKscWUVfmTrVXDjh_01; UtacuBC0KL6hvhPlc7Ai_01; oU33R4Y3ZcySakvyzQuF_01; tmWBnEzUrZg37F7vwjQR_01; yna9bt86RvXhKcotRdaW_01; yuO3WJ65UwwMuf67U2Au_01,Murree/Galliyat,,,direct,2,False,,,,
B2PMvR4BydFo61qtRTqO_05,"(1) Heavy to very heavy rains may generate flash floods in local nullahs / streams of Galiyat, Mansehra, Kohistan, Abbottabad, Buner, Chitral, Dir, Swat, Shangla, Nowshera, Swabi, Hill torrents in Balochistan.",7,B2PMvR4BydFo61qtRTqO.pdf; GG1zJKscWUVfmTrVXDjh.pdf; UtacuBC0KL6hvhPlc7Ai.pdf; oU33R4Y3ZcySakvyzQuF.pdf; tmWBnEzUrZg37F7vwjQR.pdf; yna9bt86RvXhKcotRdaW.pdf; yuO3WJ65UwwMuf67U2Au.pdf,B2PMvR4BydFo61qtRTqO_05; GG1zJKscWUVfmTrVXDjh_04; UtacuBC0KL6hvhPlc7Ai_04; oU33R4Y3ZcySakvyzQuF_04; tmWBnEzUrZg37F7vwjQR_04; yna9bt86RvXhKcotRdaW_04; yuO3WJ65UwwMuf67U2Au_04,"Swat, Murree/Galliyat, Chitral, Dir",Naran,Mansehra/Kaghan,direct,2,False,,,,
C3Gg3UcMujKhrPCskj9T_02,"b. Due to heavy rains Flash flood is expected in northeast Balochistan (Khuzdar, Awaran, Kharan, Kalat, Mastung, Kohlu, Lasbela, Zhob, Qilla Saifullah, Qilla Abullah, Sherani), Hill torrents of Dera Ghazi Khan while in local stream and nullahs of Khyber Pakhtunkhwa (Khurram, Khyber, Mohmand, Bajaur, Dir, Swat, Malakand, Kohistan, Chitral) from 02nd to 04th April. Windstorm/ hailstorm and lightning may damage weak structures (electric poles, billboards, solar panels etc.) during the forecast period.",1,C3Gg3UcMujKhrPCskj9T.pdf,C3Gg3UcMujKhrPCskj9T_02,"Swat, Chitral, Dir",Naran,Khyber Pakhtunkhwa,direct,2,False,,,,
C3Gg3UcMujKhrPCskj9T_03,"d. Hailstorm/windstorm may damage standing crops in Punjab, Khyber-Pakhtunkhwa and Sindh. Farmers are advised to manage their crops according to the prevailing weather conditions.",1,C3Gg3UcMujKhrPCskj9T.pdf,C3Gg3UcMujKhrPCskj9T_03,,"Chitral, Dir, Naran, Swat",Khyber Pakhtunkhwa,implied_discounted,1,False,,,,
NvJhiqSAEaimPvdxAq65_02,"c. Hailstorm/windstorm may damage standing crops in Punjab, Khyber-Pakhtunkhwa and Sindh.",2,NvJhiqSAEaimPvdxAq65.pdf; cNBusituKWcK95CEPBoD.pdf,NvJhiqSAEaimPvdxAq65_02; cNBusituKWcK95CEPBoD_03,,"Chitral, Dir, Naran, Swat",Khyber Pakhtunkhwa,implied_discounted,1,False,,,,
SHWYwXDD0AxIU8X2ct9u_01,"a. Snowfall may cause road closure/ slippery conditions in Naran, Kaghan, Dir, Swat, Kohistan, Mansehra, Abbottabad, Shangla, Astore, Hunza, Skardu, Murree, Galliyat, Neelum valley, Bagh, Poonch, Haveli from 30th December (night) to 2nd January (morning).",1,SHWYwXDD0AxIU8X2ct9u.pdf,SHWYwXDD0AxIU8X2ct9u_01,"Hunza, Skardu, Naran, Swat, Murree/Galliyat, Dir, Neelum Valley",,,direct,2,False,,,,
SHWYwXDD0AxIU8X2ct9u_02,"b. Possibility of the landslides/avalanche in hilly areas of upper Khyber Pakhtunkhwa, Gilgit-Baltistan and Kashmir during the period.",3,SHWYwXDD0AxIU8X2ct9u.pdf; qUKYZra2qJPpaK8yYB4v.pdf; s192iGRrLKbNUURRYmIy.pdf,SHWYwXDD0AxIU8X2ct9u_02; qUKYZra2qJPpaK8yYB4v_02; s192iGRrLKbNUURRYmIy_03,,"Chitral, Dir, Gilgit, Hunza, Naran, Neelum Valley, Skardu, Swat","Gilgit-Baltistan, Kashmir, Khyber Pakhtunkhwa",implied_full_confidence,2,True,,,,
WrPYvUNjFPSrTxVuOTNz_01,Reduced precipitation and persistent clear-sky conditions have resulted in stable atmospheric patterns and significantly elevated temperatures across Gilgit-Baltistan during the first two decades (1–22 February) of February 2026.,1,WrPYvUNjFPSrTxVuOTNz.pdf,WrPYvUNjFPSrTxVuOTNz_01,,"Gilgit, Hunza, Skardu",Gilgit-Baltistan,implied_routine,0,True,,,,
WrPYvUNjFPSrTxVuOTNz_02,"The highest warming has been observed in Gilgit and Bunji, while Chilas and Bunji have shown notable increases in minimum temperatures, reducing overnight refreezing.",1,WrPYvUNjFPSrTxVuOTNz.pdf,WrPYvUNjFPSrTxVuOTNz_02,Gilgit,,,direct,1,True,,,,
WrPYvUNjFPSrTxVuOTNz_03,"The PMD’s outlook for February–April 2026 indicates a high probability of above-normal temperatures over Northern Pakistan, including Gilgit-Baltistan and Kashmir.",1,WrPYvUNjFPSrTxVuOTNz.pdf,WrPYvUNjFPSrTxVuOTNz_03,,"Gilgit, Hunza, Neelum Valley, Skardu","Gilgit-Baltistan, Kashmir",implied_discounted,1,False,,,,
WrPYvUNjFPSrTxVuOTNz_04,"If this warming trend persists, the risk of glacier melt acceleration and potential GLOF occurrences may increase in vulnerable areas such as Gilgit, Ghizar, Hunza, Bunji, Chilas and Astore.",1,WrPYvUNjFPSrTxVuOTNz.pdf,WrPYvUNjFPSrTxVuOTNz_04,"Hunza, Gilgit",,,direct,2,False,,,,
WrPYvUNjFPSrTxVuOTNz_05,4. Average Daily Temperature Anomaly for Gilgit-Baltistan for 1 to 22 February 2026:- Station Name Average Temperature Anomaly* (°C) 1 to 22 February 2026 Maximum Minimum Astore 4.3 1.3 Bunji 4.5 2.6 Chilas 4.1 3.4 Gilgit 4.7 2.0 Gupis 3.1 1.6 Skardu 3.1 1.8,1,WrPYvUNjFPSrTxVuOTNz.pdf,WrPYvUNjFPSrTxVuOTNz_05,"Skardu, Gilgit",Hunza,Gilgit-Baltistan,direct,1,False,,,,
XvbKprVDvwl4Rz2RjSda_01,"a. Landslides may occur in vulnerable areas of upper Khyber Pakhtunkhwa, Gilgit-Baltistan and Kashmir from 17th to 19th April 2026.",1,XvbKprVDvwl4Rz2RjSda.pdf,XvbKprVDvwl4Rz2RjSda_01,,"Chitral, Dir, Gilgit, Hunza, Naran, Neelum Valley, Skardu, Swat","Gilgit-Baltistan, Kashmir, Khyber Pakhtunkhwa",implied_full_confidence,2,True,,,,
XvbKprVDvwl4Rz2RjSda_02,c. Hailstorm / windstorm may damage standing crops in Khyber-Pakhtunkhwa and upper Punjab. Farmers are advised to manage their crops according to the prevailing weather conditions.,1,XvbKprVDvwl4Rz2RjSda.pdf,XvbKprVDvwl4Rz2RjSda_02,,"Chitral, Dir, Naran, Swat",Khyber Pakhtunkhwa,implied_discounted,1,False,,,,
XvbKprVDvwl4Rz2RjSda_02,"e. Due to heavy rains Flash flood is expected in vulnerable areas of upper Khyber Pakhtunkhwa (Dir, Swat, Kohistan, Shangla, Battagram, Chitral) Gilgit Baltistan and Kashmir (Neelum Valley).",1,XvbKprVDvwl4Rz2RjSda.pdf,XvbKprVDvwl4Rz2RjSda_03,"Swat, Chitral, Dir, Neelum Valley","Gilgit, Hunza, Naran, Skardu","Gilgit-Baltistan, Kashmir, Khyber Pakhtunkhwa",direct,2,True,,,,
cNBusituKWcK95CEPBoD_02,b. Due to heavy rains Flash flood is expected in Balochistan from 25th to 28th March in local streams and nullahs of Khyber Pakhtunkhwa from 28th to 30th March.,1,cNBusituKWcK95CEPBoD.pdf,cNBusituKWcK95CEPBoD_02,,"Chitral, Dir, Naran, Swat",Khyber Pakhtunkhwa,implied_full_confidence,2,True,,,,
ohUxnQnqhAGjinJQiGhs_02,"b. KP, GB and State of AJ&K",5,0HfA7btbAAKzmBoEETpF.pdf; V0dbDT2EoxRY9d7qTV57.pdf; ffqd7NIYDqhTz3eh8Rma.pdf; ohUxnQnqhAGjinJQiGhs.pdf; sbqh8wwd4lj9FfnMDtux.pdf,ohUxnQnqhAGjinJQiGhs_02; 0HfA7btbAAKzmBoEETpF_02; V0dbDT2EoxRY9d7qTV57_02; ffqd7NIYDqhTz3eh8Rma_02; sbqh8wwd4lj9FfnMDtux_02,,"Chitral, Dir, Gilgit, Hunza, Naran, Neelum Valley, Skardu, Swat","Gilgit-Baltistan, Kashmir, Khyber Pakhtunkhwa",implied_discounted,1,False,,,,
ohUxnQnqhAGjinJQiGhs_03,"(1) Heavy to very heavy rains may generate flash floods in local nullahs / streams of Galiyat, Mansehra, Kohistan, Abbottabad, Buner, Chitral, Dir, Swat, Shangla, Nowshera, Swabi.",1,ohUxnQnqhAGjinJQiGhs.pdf,ohUxnQnqhAGjinJQiGhs_03,"Swat, Murree/Galliyat, Chitral, Dir",Naran,Mansehra/Kaghan,direct,2,False,,,,
qUKYZra2qJPpaK8yYB4v_01,"a. Snowfall may cause road closure/ slippery conditions in Naran, Kaghan, Dir, Swat, Kalam, Chitral, Kohistan, Mansehra, Shangla, Astore, Hunza, Skardu, Neelum valley, Muzaffarabad, Poonch, Hattian, Bagh and Haveli from 9th to 10th February 2026.",1,qUKYZra2qJPpaK8yYB4v.pdf,qUKYZra2qJPpaK8yYB4v_01,"Hunza, Skardu, Naran, Swat, Chitral, Dir, Neelum Valley",,,direct,2,True,,,,
s192iGRrLKbNUURRYmIy_01,"(1) Heavy snowfall may cause road closure/ slippery conditions in Naran, Kaghan, Dir, Swat, Kalam, Chitral, Kohistan, Mansehra, Abbottabad, Shangla, Astore, Hunza, Skardu, Murree, Galliyat, Neelum valley, Bagh, Poonch, Haveli, Quetta, Ziarat, Chaman, Pishin, Qilla Abdullah, Qilla Saifullah, Noushki, Harnai and Zhob from 21st (night) to 23rd January 2026.",1,s192iGRrLKbNUURRYmIy.pdf,s192iGRrLKbNUURRYmIy_01,"Hunza, Skardu, Naran, Swat, Murree/Galliyat, Chitral, Dir, Neelum Valley",,,direct,2,False,,,,
s192iGRrLKbNUURRYmIy_02,"(2) Fog condition is likely to diminish in Punjab, Khyber Pakhtunkhwa and upper Sindh during the wet spell.",1,s192iGRrLKbNUURRYmIy.pdf,s192iGRrLKbNUURRYmIy_02,,"Chitral, Dir, Naran, Swat",Khyber Pakhtunkhwa,implied_discounted,1,False,,,,
xUYOznS1JSctHNE1OTqk_01,"Dated: 17 Dec 2025 Subject: Rain-thunderstorm with snowfall over the hills predicted in western and upper parts of the country from 19th to 22nd December, 2025 A western disturbance will enter Balochistan on 19th December and likely to grip upper parts on 20th December. Under the influence of this weather system: - Rain-wind/thunderstorm is expected in Islamabad / Rawalpindi, Potohar region, Nankana, Bhakkar, Noorpurthal and Layyah on 20th (evening) to 21st December. Rain-wind/thunderstorm with snowfalls is likely in Murree and Galliyat from 20th (night) to 21st December. Sindh: Partly cloudy to cloudy weather is expected in most parts of the province on 19th /20th December.",1,xUYOznS1JSctHNE1OTqk.pdf,xUYOznS1JSctHNE1OTqk_01,Murree/Galliyat,,,direct,0,False,,,,
26WITdzmOqoXs5OX24HH_01,"Dated: 26 January 2024 Subject: Rain (With Snowfall Over Mountains) in from 27th to 31st January 2024 Reference: A. Winter Guidelines vide NDMA letter No. F.2 (E)/2022-NDMA (MW/ Winters Gen-1) dated 1 November 2022. B. Winter Tourist Guidelines vide NDMA letter No. F.2 (E)/2022-NDMA (MW/WinterTourist-Guidelines-2022) dated 14 November 2022. NDMA Tech Team and Pakistan Meteorological Department (PMD Press Release at Annex-A) have forecasted that Light to Moderate Rain-wind / Thunderstorms (with snowfall over hills) is expected in Northern Balochistan, Khyber Pakhtunkhwa, AJ&K and Gilgit Baltistan and Islamabad whereas Dense Foggy Conditions in part of Sindh. Khyber Pakhtunkhwa",1,26WITdzmOqoXs5OX24HH.pdf,26WITdzmOqoXs5OX24HH_01,,"Chitral, Dir, Gilgit, Hunza, Naran, Neelum Valley, Skardu, Swat","Gilgit-Baltistan, Kashmir, Khyber Pakhtunkhwa",implied_discounted,1,True,,,,
26WITdzmOqoXs5OX24HH_02,• Kohat Potohar Region & IC Gilgit Baltistan,1,26WITdzmOqoXs5OX24HH.pdf,26WITdzmOqoXs5OX24HH_02,,"Gilgit, Hunza, Skardu",Gilgit-Baltistan,implied_discounted,1,True,,,,
26WITdzmOqoXs5OX24HH_03,"a. Balochistan, KP, GB, Murree, Galliyat",1,26WITdzmOqoXs5OX24HH.pdf,26WITdzmOqoXs5OX24HH_03,Murree/Galliyat,"Chitral, Dir, Gilgit, Hunza, Naran, Skardu, Swat","Gilgit-Baltistan, Khyber Pakhtunkhwa",direct,1,True,,,,
26WITdzmOqoXs5OX24HH_04,"(1) Snowfall may disrupt roads in Murree, Galliyat, Naran, Kaghan, Dir, Swat, Kohistan, Mansehra, Abbottabad, Shangla, Astore, Hunza, Skardu, Neelum valley, Bagh, Poonch and Haveli during the forecast period.",6,26WITdzmOqoXs5OX24HH.pdf; LoIYIXzm9MGChnUTuwc2.pdf; OzXADp76zDQq34ocfB9m.pdf; VGN4dBijkJcBAOubq3Rv.pdf; W05iSByBXzOi7Qbai4bM.pdf; h5pLxGUCwdEE4B9eblSG.pdf,26WITdzmOqoXs5OX24HH_04; LoIYIXzm9MGChnUTuwc2_06; OzXADp76zDQq34ocfB9m_04; VGN4dBijkJcBAOubq3Rv_07; W05iSByBXzOi7Qbai4bM_04; h5pLxGUCwdEE4B9eblSG_04,"Hunza, Skardu, Naran, Swat, Murree/Galliyat, Dir, Neelum Valley",,,direct,2,False,,,,
2de2Dsk7IRx9w6nONprp_01,"i. Rains may trigger Landslides in Murree and hilly areas. ii. Rainfall with chances of heavy falls may generate flash / urban flooding in municipalities / local nullahs / streams and river tributaries. iii. Windstorms may damage crops, loose structures, etc. iv. Thunderstorms to increase risk of lightning strikes.",1,2de2Dsk7IRx9w6nONprp.pdf,2de2Dsk7IRx9w6nONprp_01,Murree/Galliyat,,,direct,2,False,,,,
2de2Dsk7IRx9w6nONprp_02,"b. Balochistan, KP, Galiyat, GB and State of AJ&K",9,2de2Dsk7IRx9w6nONprp.pdf; 6ZeUb0oXcmYorEUXIuie.pdf; CDngsCcW2wyvqpzbN6nS.pdf; HLY9ZhB7csvm76Ek69MH.pdf; KLFcpRy9pycnLHnpCJPU.pdf; WpRp0yKueNFkTQdpAJ8s.pdf; XDVaJUvtjHvycU8x1QuR.pdf; k91eTnUVRUWjMyYuIhDc.pdf; mSHY8np1vbE08AOpbWTj.pdf,2de2Dsk7IRx9w6nONprp_02; 6ZeUb0oXcmYorEUXIuie_02; CDngsCcW2wyvqpzbN6nS_02; HLY9ZhB7csvm76Ek69MH_02; KLFcpRy9pycnLHnpCJPU_02; WpRp0yKueNFkTQdpAJ8s_02; XDVaJUvtjHvycU8x1QuR_02; k91eTnUVRUWjMyYuIhDc_02; mSHY8np1vbE08AOpbWTj_02,Murree/Galliyat,"Chitral, Dir, Gilgit, Hunza, Naran, Neelum Valley, Skardu, Swat","Gilgit-Baltistan, Kashmir, Khyber Pakhtunkhwa",direct,1,False,,,,
2de2Dsk7IRx9w6nONprp_03,"i. Heavy Downpour may cause urban flooding in low lying areas. ii. Heavy rains may trigger Landslides in Galiyat, Mansehra, Kohistan, Chitral, Dir, Swat, Shangla, Buner, Sherani, Zhob, Kashmir and Gilgit-Baltistan. iii. Electricity / other utility services may get disrupted. iv. Heavy Rainfall may generate flash flooding in local nullahs / streams and river tributaries.",2,2de2Dsk7IRx9w6nONprp.pdf; CDngsCcW2wyvqpzbN6nS.pdf,2de2Dsk7IRx9w6nONprp_03; CDngsCcW2wyvqpzbN6nS_03,"Swat, Murree/Galliyat, Chitral, Dir","Gilgit, Hunza, Naran, Neelum Valley, Skardu","Gilgit-Baltistan, Kashmir, Mansehra/Kaghan",direct,2,True,,,,
33N8NyR2NX0SDvzwgRUN_01,"Dated: 27 Sep 2023 Time: 1600 hours Subject: Rain-Wind/Thundershowers Predicted From 28th to 30th September 2023 A westerly wave is likely to enter upper parts on 28th September, 2023. Under the influence of this weather system (PMD Press Release at Annex-A), the expected precipitation is highlighted in maps below: - KP",1,33N8NyR2NX0SDvzwgRUN.pdf,33N8NyR2NX0SDvzwgRUN_01,,"Chitral, Dir, Naran, Swat",Khyber Pakhtunkhwa,implied_discounted,1,True,,,,
33N8NyR2NX0SDvzwgRUN_02,• Abbottabad AJ&K And ICT,1,33N8NyR2NX0SDvzwgRUN.pdf,33N8NyR2NX0SDvzwgRUN_02,,Neelum Valley,Kashmir,implied_discounted,1,False,,,,
33N8NyR2NX0SDvzwgRUN_03,"a. Punjab, KP, AJ&K, GB, Balochistan and ICT",1,33N8NyR2NX0SDvzwgRUN.pdf,33N8NyR2NX0SDvzwgRUN_03,,"Chitral, Dir, Gilgit, Hunza, Naran, Neelum Valley, Skardu, Swat","Gilgit-Baltistan, Kashmir, Khyber Pakhtunkhwa",implied_discounted,1,False,,,,
33N8NyR2NX0SDvzwgRUN_04,"b. KP, AJ&K and GB. Landslide/ mudslide and possible road blockage may be caused by isolated heavy rains.",1,33N8NyR2NX0SDvzwgRUN.pdf,33N8NyR2NX0SDvzwgRUN_04,,"Chitral, Dir, Gilgit, Hunza, Naran, Neelum Valley, Skardu, Swat","Gilgit-Baltistan, Kashmir, Khyber Pakhtunkhwa",implied_full_confidence,2,False,,,,
3BYxHJjmh3YgZzWddOyl_01,(1) Rains may trigger Landslides in Murree and hilly areas.,9,3BYxHJjmh3YgZzWddOyl.pdf; 4C6svPty9WkAHbILeO2P.pdf; 6ZeUb0oXcmYorEUXIuie.pdf; HLY9ZhB7csvm76Ek69MH.pdf; KLFcpRy9pycnLHnpCJPU.pdf; WpRp0yKueNFkTQdpAJ8s.pdf; XDVaJUvtjHvycU8x1QuR.pdf; k91eTnUVRUWjMyYuIhDc.pdf; mSHY8np1vbE08AOpbWTj.pdf,3BYxHJjmh3YgZzWddOyl_01; 4C6svPty9WkAHbILeO2P_02; 6ZeUb0oXcmYorEUXIuie_01; HLY9ZhB7csvm76Ek69MH_01; KLFcpRy9pycnLHnpCJPU_01; WpRp0yKueNFkTQdpAJ8s_01; XDVaJUvtjHvycU8x1QuR_01; k91eTnUVRUWjMyYuIhDc_01; mSHY8np1vbE08AOpbWTj_01,Murree/Galliyat,,,direct,2,False,,,,
3BYxHJjmh3YgZzWddOyl_02,"b. Balochistan, KP, GB and State of AJ&K",1,3BYxHJjmh3YgZzWddOyl.pdf,3BYxHJjmh3YgZzWddOyl_02,,"Chitral, Dir, Gilgit, Hunza, Naran, Neelum Valley, Skardu, Swat","Gilgit-Baltistan, Kashmir, Khyber Pakhtunkhwa",implied_discounted,1,True,,,,
3BYxHJjmh3YgZzWddOyl_03,"(2) Heavy rains may trigger Landslides in Galiyat, Mansehra, Kohistan, Chitral, Dir, Swat, Shangla, Buner, Sherani, Zhob, Kashmir and Gilgit-Baltistan.",8,3BYxHJjmh3YgZzWddOyl.pdf; 6ZeUb0oXcmYorEUXIuie.pdf; HLY9ZhB7csvm76Ek69MH.pdf; KLFcpRy9pycnLHnpCJPU.pdf; WpRp0yKueNFkTQdpAJ8s.pdf; XDVaJUvtjHvycU8x1QuR.pdf; k91eTnUVRUWjMyYuIhDc.pdf; mSHY8np1vbE08AOpbWTj.pdf,3BYxHJjmh3YgZzWddOyl_03; 6ZeUb0oXcmYorEUXIuie_03; HLY9ZhB7csvm76Ek69MH_03; KLFcpRy9pycnLHnpCJPU_03; WpRp0yKueNFkTQdpAJ8s_03; XDVaJUvtjHvycU8x1QuR_03; k91eTnUVRUWjMyYuIhDc_03; mSHY8np1vbE08AOpbWTj_03,"Swat, Murree/Galliyat, Chitral, Dir","Gilgit, Hunza, Naran, Neelum Valley, Skardu","Gilgit-Baltistan, Kashmir, Mansehra/Kaghan",direct,2,False,,,,
3iyC2tAw2TEctS2IMPJw_01,"• More rain-wind / thundershowers with few heavy falls expected in Barkhan, Bolan, Jaffarabad, Kalat, Khuzdar, Kohlu, Lasbela, Naseerabad, Sibbi, Zhob and Ziarat from 22-26 July (Friday-Tuesday). Khyber Pakhtunkhwa",1,3iyC2tAw2TEctS2IMPJw.pdf,3iyC2tAw2TEctS2IMPJw_01,,"Chitral, Dir, Naran, Swat",Khyber Pakhtunkhwa,implied_discounted,1,True,,,,
3iyC2tAw2TEctS2IMPJw_02,"• More rain-wind / thundershowers with scattered heavy falls expected in Abbottabad, Haripur, Kohat, Kohistan, Kurram, Mansehra, Mardan, Peshawar, Swabi and Swat with occasional gaps from 20-26 July (Wednesday-Tuesday). Punjab",1,3iyC2tAw2TEctS2IMPJw.pdf,3iyC2tAw2TEctS2IMPJw_02,Swat,Naran,Mansehra/Kaghan,direct,1,False,,,,
3iyC2tAw2TEctS2IMPJw_03,"• More rain-wind / thundershowers with scattered heavy falls expected in Attock, Chakwal, Faisalabad, Gujranwala, Gujrat, Hafizabad, Jhang, Jhelum, Khushab, Lahore, Mandi Bahauddin, Mianwali, Murree, Narowal, Rawalpindi, Sargodha, Sheikhupura and Sialkot with occasional gaps from 20-26 July (Wednesday-Tuesday). Sindh",1,3iyC2tAw2TEctS2IMPJw.pdf,3iyC2tAw2TEctS2IMPJw_03,Murree/Galliyat,,,direct,1,False,,,,
3iyC2tAw2TEctS2IMPJw_04,• More rain-wind / thundershowers with few heavy falls expected in ALL DISTRICTS OF SINDH from 24-26 July (Sunday-Tuesday). Gilgit Baltistan,1,3iyC2tAw2TEctS2IMPJw.pdf,3iyC2tAw2TEctS2IMPJw_04,,"Gilgit, Hunza, Skardu",Gilgit-Baltistan,implied_discounted,1,False,,,,
3iyC2tAw2TEctS2IMPJw_05,• More rain-wind / thundershowers with scattered heavy falls expected in Gilgit Baltistan with occasional gaps from 20-26 July (Wednesday-Tuesday). Azad Jammu & Kashmir,1,3iyC2tAw2TEctS2IMPJw.pdf,3iyC2tAw2TEctS2IMPJw_05,,"Gilgit, Hunza, Neelum Valley, Skardu","Gilgit-Baltistan, Kashmir",implied_discounted,1,False,,,,
3iyC2tAw2TEctS2IMPJw_06,• More rain-wind / thundershowers with scattered heavy falls expected in AJ&K with occasional gaps from 20-26 July (Wednesday-Tuesday). Possible Impacts,1,3iyC2tAw2TEctS2IMPJw.pdf,3iyC2tAw2TEctS2IMPJw_06,,Neelum Valley,Kashmir,implied_discounted,1,True,,,,
3iyC2tAw2TEctS2IMPJw_07,"• Flash flooding is expected in Local Nullahs of Islamabad, Rawalpindi, Abbottabad, Mansehra, Dir and AJ&K from 20-23 July (Wednesday-Saturday).",1,3iyC2tAw2TEctS2IMPJw.pdf,3iyC2tAw2TEctS2IMPJw_07,Dir,"Naran, Neelum Valley","Kashmir, Mansehra/Kaghan",direct,2,False,,,,
3iyC2tAw2TEctS2IMPJw_08,"• Rainfall may trigger landslides in AJ&K, Galiyat, Murree, Chilas, Diamer, Gilgit, Hunza, Astore and Skardu during the forecasted period.",3,3iyC2tAw2TEctS2IMPJw.pdf; MMWoqdDxp6RP5UNmjsn3 (1).pdf; MMWoqdDxp6RP5UNmjsn3.pdf,3iyC2tAw2TEctS2IMPJw_08; MMWoqdDxp6RP5UNmjsn3 (1)_07; MMWoqdDxp6RP5UNmjsn3_07,"Hunza, Skardu, Gilgit, Murree/Galliyat",Neelum Valley,Kashmir,direct,2,False,,,,
40wL9mMdFNVuXLpKsQYm_01,"(1) Khyber Pakhtunkhwa. Galliyat, Chitral, Dir, Swat, Shangla, Buner, Mansehra, Kohistan, Abbottabad, Haripur, Peshawar, Mardan, Swabi and Nowshera.",1,40wL9mMdFNVuXLpKsQYm.pdf,40wL9mMdFNVuXLpKsQYm_01,"Swat, Murree/Galliyat, Chitral, Dir",Naran,"Khyber Pakhtunkhwa, Mansehra/Kaghan",direct,1,False,,,,
40wL9mMdFNVuXLpKsQYm_02,"(2) Punjab. Murree, Rawalpindi, Attock, Chakwal, Jhelum, Mandi Bahauddin, Hafizabad, Gujranwala, Gujrat, Sialkot, Narowal, Lahore and Sheikhupura.",1,40wL9mMdFNVuXLpKsQYm.pdf,40wL9mMdFNVuXLpKsQYm_02,Murree/Galliyat,,,direct,1,False,,,,
40wL9mMdFNVuXLpKsQYm_03,"(3) Gilgit Baltistan. Diamer, Astore, Ghizer, Skardu, Hunza, Gilgit, Ghanche and Shigar.",3,40wL9mMdFNVuXLpKsQYm.pdf; 51oRuEhFkdpqI3yETHMO.pdf; 6yaqlxpUQoYfvyn6a2Oi.pdf,40wL9mMdFNVuXLpKsQYm_03; 51oRuEhFkdpqI3yETHMO_03; 6yaqlxpUQoYfvyn6a2Oi_04,"Hunza, Skardu, Gilgit",,,direct,1,True,,,,
40wL9mMdFNVuXLpKsQYm_04,"(4) State of AJ&K. Neelum valley, Muzaffarabad, Poonch, Hattian, Bagh, Haveli, Sudhnoti, Kotli, Bhimber and Mirpur.",3,40wL9mMdFNVuXLpKsQYm.pdf; 6yaqlxpUQoYfvyn6a2Oi.pdf; TQlO1PwQhaPOeZq371RK.pdf,40wL9mMdFNVuXLpKsQYm_04; 6yaqlxpUQoYfvyn6a2Oi_05; TQlO1PwQhaPOeZq371RK_04,Neelum Valley,,,direct,1,False,,,,
40wL9mMdFNVuXLpKsQYm_05,"(1) Khyber Pakhtunkhwa. Kurram, Lakki Marwat, Kohat, Dera Ismail Khan, Bannu, Karak and Waziristan.",1,40wL9mMdFNVuXLpKsQYm.pdf,40wL9mMdFNVuXLpKsQYm_05,,"Chitral, Dir, Naran, Swat",Khyber Pakhtunkhwa,implied_discounted,1,False,,,,
40wL9mMdFNVuXLpKsQYm_06,"a. Heavy rains may increase flows in local nullahs / streams of AJ&K, Gilgit-Baltistan, Khyber Pakhtunkhwa (Chitral, Dir, Swat, Kohistan, Shangla, Buner, Mansehra, Abbottabad), Punjab (Rawalpindi) and Islamabad Capital Territory from 4 - 7 August 2023.",1,40wL9mMdFNVuXLpKsQYm.pdf,40wL9mMdFNVuXLpKsQYm_06,"Swat, Chitral, Dir","Gilgit, Hunza, Naran, Neelum Valley, Skardu","Gilgit-Baltistan, Kashmir, Khyber Pakhtunkhwa, Mansehra/Kaghan",direct,1,True,,,,
40wL9mMdFNVuXLpKsQYm_07,"c. Heavy rains may trigger landslides in the vulnerable areas of Murree, Galliyat, AJ&K, Gilgit Baltistan and hilly / mountainous areas of Khyber Pakhtunkhwa.",1,40wL9mMdFNVuXLpKsQYm.pdf,40wL9mMdFNVuXLpKsQYm_07,Murree/Galliyat,"Chitral, Dir, Gilgit, Hunza, Naran, Neelum Valley, Skardu, Swat","Gilgit-Baltistan, Kashmir, Khyber Pakhtunkhwa",direct,2,False,,,,
4C6svPty9WkAHbILeO2P_01,"Dated: 6th December, 2024 Subject: Cold Wave/ Frost Conditions Likely in the Country during the Week, Rain Wind / Thunderstorm (Snowfall over hills) also Predicted in Upper Parts A Westerly wave is anticipated to impact the upper regions of the country starting from 7th December, 2024. This weather system is expected to pave the way for a widespread cold wave that may affect most parts of the country from 8th to 14th December, 2024. Under the influence of cold wave conditions, a significant drop in day and night temperatures are predicted. Day temperatures are likely to drop (04-06) °C below normal in Punjab, Khyber Pakhtunkhwa, Gilgit-Baltistan and Kashmir. While (05-07) °C below normal in Balochistan and Sindh. Cold with gusty winds are likely in Sindh, Balochistan and parts of Punjab. Frost is also likely to develop over plains. Under the said weather system following are the likely impacted areas: - s",1,4C6svPty9WkAHbILeO2P.pdf,4C6svPty9WkAHbILeO2P_01,,"Chitral, Dir, Gilgit, Hunza, Naran, Neelum Valley, Skardu, Swat","Gilgit-Baltistan, Kashmir, Khyber Pakhtunkhwa",implied_discounted,1,False,,,,
4C6svPty9WkAHbILeO2P_03,"b. KP, Galiyat, GB and State of AJ&K",4,4C6svPty9WkAHbILeO2P.pdf; fx1xRqPfosJVNS4HYZDC.pdf; kPWqUmRriHqIR2hWoWX1.pdf; ryqXs3fuXgVjrypdQT8W.pdf,4C6svPty9WkAHbILeO2P_03; fx1xRqPfosJVNS4HYZDC_02; kPWqUmRriHqIR2hWoWX1_02; ryqXs3fuXgVjrypdQT8W_02,Murree/Galliyat,"Chitral, Dir, Gilgit, Hunza, Naran, Neelum Valley, Skardu, Swat","Gilgit-Baltistan, Kashmir, Khyber Pakhtunkhwa",direct,1,True,,,,
4C6svPty9WkAHbILeO2P_04,"(2) Heavy rains may trigger Landslides in Galiyat, Mansehra, Kohistan, Chitral, Dir, Swat, Shangla, Buner, Kashmir and Gilgit-Baltistan.",1,4C6svPty9WkAHbILeO2P.pdf,4C6svPty9WkAHbILeO2P_04,"Swat, Murree/Galliyat, Chitral, Dir","Gilgit, Hunza, Naran, Neelum Valley, Skardu","Gilgit-Baltistan, Kashmir, Mansehra/Kaghan",direct,2,False,,,,
4hDmvqfg2lYNL3jRAdFK_01,"Dated: 9 August 2024 Subject: Heavy Rainfall-Wind / Thundershowers with Occasional Gaps from 9 to 12 Aug 2024 Reference: NDMA’s Special Weather Advisory for Upper Catchment Areas of Rivers Chenab, Ravi & Sutlej and Gujranwala & Lahore Division on 9 - 12 August 2024 dated 8 August 2024 Strong monsoon currents are likely to penetrate from Arabian Sea and Bay of Bengal in upper / central parts from 9 August 2024 and likely to remain till 12 August 2024. Under the influence of this weather system, scattered thunderstorms of Moderate to Heavy Intensity with isolated Very Heavy Falls are also expected in Islamabad and rest of Punjab, Khyber Pakhtunkhwa along with Zhob, Sibi, Nasirabad and Kalat Divisions from 9 - 12 August 2024. Following are the precipitation maps for said weather system: - s",1,4hDmvqfg2lYNL3jRAdFK.pdf,4hDmvqfg2lYNL3jRAdFK_01,,"Chitral, Dir, Naran, Swat",Khyber Pakhtunkhwa,implied_discounted,1,False,,,,
4hDmvqfg2lYNL3jRAdFK_02,"b. KP, Galiyat, Murree, GB and State of AJ&K",5,4hDmvqfg2lYNL3jRAdFK.pdf; 9NtSTOkhgdaqCyxTPQoP.pdf; AJbCRgJpxeRa4GUFKShZ.pdf; HaAy0Yi0zPkad0q0e3q2.pdf; wws2UHKOW8s6xw51jPOX.pdf,4hDmvqfg2lYNL3jRAdFK_02; 9NtSTOkhgdaqCyxTPQoP_01; AJbCRgJpxeRa4GUFKShZ_01; HaAy0Yi0zPkad0q0e3q2_02; wws2UHKOW8s6xw51jPOX_02,Murree/Galliyat,"Chitral, Dir, Gilgit, Hunza, Naran, Neelum Valley, Skardu, Swat","Gilgit-Baltistan, Kashmir, Khyber Pakhtunkhwa",direct,1,True,,,,
4hDmvqfg2lYNL3jRAdFK_03,"(1) Rainfall may trigger landslides, mudslides or falling boulders potentially disrupting roads during this period in Upper Khyber Pakhtunkhwa, Galiyat, Murree, Gilgit Baltistan and State of AJ&K.",10,4hDmvqfg2lYNL3jRAdFK.pdf; 4oYB9Eotq7ZaSY0tFPqh.pdf; 8Tl2FywqqVS1M6KICXW4.pdf; 9NtSTOkhgdaqCyxTPQoP.pdf; AJbCRgJpxeRa4GUFKShZ.pdf; PpS39qbTHBnQILYyhBLL.pdf; TSu2i0YOyIQFCzMWlSTF.pdf; hKsfpa45czbgrJeCaZDZ.pdf; pCpMtvotIGHrjtyqcWqg.pdf; sltYMsJRA9xs2bNzp7hp.pdf,4hDmvqfg2lYNL3jRAdFK_03; 4oYB9Eotq7ZaSY0tFPqh_02; 8Tl2FywqqVS1M6KICXW4_02; 9NtSTOkhgdaqCyxTPQoP_02; AJbCRgJpxeRa4GUFKShZ_02; PpS39qbTHBnQILYyhBLL_03; TSu2i0YOyIQFCzMWlSTF_03; hKsfpa45czbgrJeCaZDZ_05; pCpMtvotIGHrjtyqcWqg_04; sltYMsJRA9xs2bNzp7hp_03,Murree/Galliyat,"Chitral, Dir, Gilgit, Hunza, Naran, Neelum Valley, Skardu, Swat","Gilgit-Baltistan, Kashmir, Khyber Pakhtunkhwa",direct,2,True,,,,
4oYB9Eotq7ZaSY0tFPqh_01,"a. KP, GB, Galiyat, Murree and State of AJ&K",12,4oYB9Eotq7ZaSY0tFPqh.pdf; 4tcSA05SOzO6q8oYSArk.pdf; 6GdDkVLFJgdtrIuv0oYN.pdf; 8Tl2FywqqVS1M6KICXW4.pdf; GCXcjinOgLHmvLapOSzG.pdf; NPdNdh52aRgzmKK9QvyK.pdf; PpS39qbTHBnQILYyhBLL.pdf; TSu2i0YOyIQFCzMWlSTF.pdf; hKsfpa45czbgrJeCaZDZ.pdf; jlTjOzgmi28R5fjVNqaq.pdf; pCpMtvotIGHrjtyqcWqg.pdf; sltYMsJRA9xs2bNzp7hp.pdf,4oYB9Eotq7ZaSY0tFPqh_01; 4tcSA05SOzO6q8oYSArk_04; 6GdDkVLFJgdtrIuv0oYN_02; 8Tl2FywqqVS1M6KICXW4_01; GCXcjinOgLHmvLapOSzG_02; NPdNdh52aRgzmKK9QvyK_01; PpS39qbTHBnQILYyhBLL_02; TSu2i0YOyIQFCzMWlSTF_02; hKsfpa45czbgrJeCaZDZ_04; jlTjOzgmi28R5fjVNqaq_02; pCpMtvotIGHrjtyqcWqg_03; sltYMsJRA9xs2bNzp7hp_02,Murree/Galliyat,"Chitral, Dir, Gilgit, Hunza, Naran, Neelum Valley, Skardu, Swat","Gilgit-Baltistan, Kashmir, Khyber Pakhtunkhwa",direct,1,True,,,,
4tcSA05SOzO6q8oYSArk_01,"Dated: 8 April 2024 Subject: Rain with Wind / Thunderstorms from 10-15 April with Occasional Gaps Pakistan Meteorological Department (PMD) (Press Release at Annex-A) have forecasted that a westerly wave is entering from 10th April and likely to grip most parts of the country until 15th April. Under the influence, Rain / Windstorms / Thunderstorms along with Isolated Heavy Falls and Hailstorms with Occasional Gaps is expected in following areas of the country: - Rain-Wind / with Snow over High Mountains from 10th to 15th April 2024 AJ&K",1,4tcSA05SOzO6q8oYSArk.pdf,4tcSA05SOzO6q8oYSArk_01,,Neelum Valley,Kashmir,implied_discounted,1,True,,,,
4tcSA05SOzO6q8oYSArk_02,• Shigar Isolated Heavy fall with Hailstorm from 12th to 15th April 2024 Khyber Pakhtunkhwa,1,4tcSA05SOzO6q8oYSArk.pdf,4tcSA05SOzO6q8oYSArk_02,,"Chitral, Dir, Naran, Swat",Khyber Pakhtunkhwa,implied_discounted,1,True,,,,
4tcSA05SOzO6q8oYSArk_03,• Tank Khyber Pakhtunkhwa,1,4tcSA05SOzO6q8oYSArk.pdf,4tcSA05SOzO6q8oYSArk_03,,"Chitral, Dir, Naran, Swat",Khyber Pakhtunkhwa,implied_discounted,1,True,,,,
4tcSA05SOzO6q8oYSArk_05,"(5) Landslides, mudslides, may lead to potential road blockages in Upper Khyber Pakhtunkhwa, Galiyat, Murree, Gilgit Baltistan and State of AJ&K.",4,4tcSA05SOzO6q8oYSArk.pdf; 6GdDkVLFJgdtrIuv0oYN.pdf; NPdNdh52aRgzmKK9QvyK.pdf; jlTjOzgmi28R5fjVNqaq.pdf,4tcSA05SOzO6q8oYSArk_05; 6GdDkVLFJgdtrIuv0oYN_03; NPdNdh52aRgzmKK9QvyK_02; jlTjOzgmi28R5fjVNqaq_03,Murree/Galliyat,"Chitral, Dir, Gilgit, Hunza, Naran, Neelum Valley, Skardu, Swat","Gilgit-Baltistan, Kashmir, Khyber Pakhtunkhwa",direct,2,False,,,,
4y1x20K2hqW63mcdYESL_01,"Dated: 17 July 2024 Subject: GLOF ADVISORY – GB & KP In light of higher temperatures and prevailing weather conditions, including rain / wind-thunderstorms up to 21 July 2024, which may significantly increase the flow in streams and rivers, raising the possibility of GLOF Events, flash floods, landslides / mudslides, in vulnerable areas of GB and KP (GLOF Risk Projection Map enclosed as “Annex-A”).",1,4y1x20K2hqW63mcdYESL.pdf,4y1x20K2hqW63mcdYESL_01,,"Chitral, Dir, Gilgit, Hunza, Naran, Skardu, Swat","Gilgit-Baltistan, Khyber Pakhtunkhwa",implied_full_confidence,2,False,,,,
4y1x20K2hqW63mcdYESL_02,A map outlining the most vulnerable GLOF sites in GB and KP is as below: -,2,4y1x20K2hqW63mcdYESL.pdf; YUSvXtx5hZZ67TqgE4BY.pdf,4y1x20K2hqW63mcdYESL_02; YUSvXtx5hZZ67TqgE4BY_02,,"Chitral, Dir, Gilgit, Hunza, Naran, Skardu, Swat","Gilgit-Baltistan, Khyber Pakhtunkhwa",implied_full_confidence,2,False,,,,
4zaJEoGNf1i5ELNiQ0Qm_01,"Day temperatures are likely to remain 07-09°C above normal in upper Punjab, Islamabad, Rawalpindi, Khyber Pakhtunkhwa, Gilgit-Baltistan and Kashmir from 09th to 12th May 2022.",1,4zaJEoGNf1i5ELNiQ0Qm.pdf,4zaJEoGNf1i5ELNiQ0Qm_01,,"Hunza, Skardu, Gilgit, Naran, Swat, Chitral, Dir, Neelum Valley","Gilgit-Baltistan, Kashmir, Khyber Pakhtunkhwa",implied_discounted,1,False,,,,
4zaJEoGNf1i5ELNiQ0Qm_02,"In Gilgit-Baltistan and Khyber Pakhtunkhwa, the water flows will increase in rivers and nullahs due to high rate of snow and ice melting.",2,4zaJEoGNf1i5ELNiQ0Qm.pdf; vFgtChxxUfeS2fNzQaNC.pdf,4zaJEoGNf1i5ELNiQ0Qm_02; vFgtChxxUfeS2fNzQaNC_02,,"Hunza, Skardu, Gilgit, Naran, Swat, Chitral, Dir","Gilgit-Baltistan, Khyber Pakhtunkhwa",implied_discounted,1,True,,,,
51oRuEhFkdpqI3yETHMO_01,"(1) Khyber Pakhtunkhwa. Galiyat, Chitral, Dir, Swat, Shangla, Buner, Mansehra, Kohistan, Abbottabad, Haripur, Peshawar, Mardan, Swabi, Nowshera, Kurram, Lakki Marwat, Kohat, DI Khan, Bannu, Karak and Waziristan.",1,51oRuEhFkdpqI3yETHMO.pdf,51oRuEhFkdpqI3yETHMO_01,"Swat, Murree/Galliyat, Chitral, Dir",Naran,"Khyber Pakhtunkhwa, Mansehra/Kaghan",direct,1,True,,,,
51oRuEhFkdpqI3yETHMO_02,"(2) Punjab. Murree, Rawalpindi, Attock, Chakwal, Jhelum, Mandi Bahauddin, Sialkot, Narowal, Lahore, Gujranwala, Gujrat, Kasur, Mianwali, Sargodha, Faisalabad, TT Singh, Jhang, Sahiwal, Bahawalnagar and Okara.",1,51oRuEhFkdpqI3yETHMO.pdf,51oRuEhFkdpqI3yETHMO_02,Murree/Galliyat,,,direct,1,False,,,,
51oRuEhFkdpqI3yETHMO_04,"(4) State of AJ&K. Neelum, Muzaffarabad, Poonch, Hattian, Bagh, Haveli Sudhnoti, Kotli, Bhimber and Mirpur.",1,51oRuEhFkdpqI3yETHMO.pdf,51oRuEhFkdpqI3yETHMO_04,Neelum Valley,,,direct,1,False,,,,
51oRuEhFkdpqI3yETHMO_05,"b. Heavy rainfall may trigger flash floods and landslides in vulnerable areas of Murree, Galliyat, Khyber Pakhtunkhwa, Gilgit Baltistan and State of AJ&K during the forecasted period.",1,51oRuEhFkdpqI3yETHMO.pdf,51oRuEhFkdpqI3yETHMO_05,Murree/Galliyat,"Chitral, Dir, Gilgit, Hunza, Naran, Neelum Valley, Skardu, Swat","Gilgit-Baltistan, Kashmir, Khyber Pakhtunkhwa",direct,2,False,,,,
6GdDkVLFJgdtrIuv0oYN_01,• Bolan Khyber Pakhtunkhwa,1,6GdDkVLFJgdtrIuv0oYN.pdf,6GdDkVLFJgdtrIuv0oYN_01,,"Chitral, Dir, Naran, Swat",Khyber Pakhtunkhwa,implied_discounted,1,False,,,,
6yaqlxpUQoYfvyn6a2Oi_01,"Furthermore, PMD has issued a GLOF Advisory for vulnerable / at-risk valleys of Gilgit Baltistan.",1,6yaqlxpUQoYfvyn6a2Oi.pdf,6yaqlxpUQoYfvyn6a2Oi_01,,"Gilgit, Hunza, Skardu",Gilgit-Baltistan,implied_full_confidence,2,False,,,,
6yaqlxpUQoYfvyn6a2Oi_02,"(1) Khyber Pakhtunkhwa. Galiyat, Chitral, Dir, Swat, Shangla, Buner, Mansehra, Kohistan, Abbottabad, Haripur, Kohat, Peshawar, Mardan, Swabi and Nowshera.",1,6yaqlxpUQoYfvyn6a2Oi.pdf,6yaqlxpUQoYfvyn6a2Oi_02,"Swat, Murree/Galliyat, Chitral, Dir",Naran,"Khyber Pakhtunkhwa, Mansehra/Kaghan",direct,1,True,,,,
6yaqlxpUQoYfvyn6a2Oi_03,"(2) Punjab. Murree, Rawalpindi, Attock, Chakwal, Jhelum, Mandi Bahauddin, Hafizabad, Gujranwala, Gujrat, Sialkot, Narowal, Lahore, Kasur and Sheikhupura.",1,6yaqlxpUQoYfvyn6a2Oi.pdf,6yaqlxpUQoYfvyn6a2Oi_03,Murree/Galliyat,,,direct,1,True,,,,
6yaqlxpUQoYfvyn6a2Oi_06,"(1) Khyber Pakhtunkhwa. Kurram, Lakki Marwat, Dera Ismail Khan, Bannu, Karak, Waziristan.",1,6yaqlxpUQoYfvyn6a2Oi.pdf,6yaqlxpUQoYfvyn6a2Oi_06,,"Chitral, Dir, Naran, Swat",Khyber Pakhtunkhwa,implied_discounted,1,False,,,,
6yaqlxpUQoYfvyn6a2Oi_07,"d. GLOF Alert. In light of increased temperatures and forecasted rainfall spell in Gilgit Baltistan, the flows of rivers and streams are expected to increase and there is a higher probability of GLOF event triggering in vulnerable / at-risk valleys.",1,6yaqlxpUQoYfvyn6a2Oi.pdf,6yaqlxpUQoYfvyn6a2Oi_07,,"Gilgit, Hunza, Skardu",Gilgit-Baltistan,implied_full_confidence,2,False,,,,
6yaqlxpUQoYfvyn6a2Oi_08,"a. Moderate to Heavy Falls may increase the water flows in local nullahs / streams of State of AJ&K, Gilgit-Baltistan, Chitral, Dir, Swat, Kohistan, Shangla, Buner, Mansehra, Abbottabad, Mardan, Nowshera, Swabi, Galliyat, Murree, Rawalpindi and Islamabad from 23-25 August.",1,6yaqlxpUQoYfvyn6a2Oi.pdf,6yaqlxpUQoYfvyn6a2Oi_08,"Swat, Murree/Galliyat, Chitral, Dir","Gilgit, Hunza, Naran, Neelum Valley, Skardu","Gilgit-Baltistan, Kashmir, Mansehra/Kaghan",direct,1,False,,,,
6yaqlxpUQoYfvyn6a2Oi_09,"d. Moderate to Heavy Rains may trigger landslides in the vulnerable areas of Murree, Galliyat, State of AJ&K, Gilgit Baltistan and hilly / mountainous areas of Khyber Pakhtunkhwa.",1,6yaqlxpUQoYfvyn6a2Oi.pdf,6yaqlxpUQoYfvyn6a2Oi_09,Murree/Galliyat,"Chitral, Dir, Gilgit, Hunza, Naran, Neelum Valley, Skardu, Swat","Gilgit-Baltistan, Kashmir, Khyber Pakhtunkhwa",direct,2,False,,,,
6yaqlxpUQoYfvyn6a2Oi_10,"f. In light of increased temperatures and forecasted rainfall spell in Gilgit Baltistan, the flows of rivers and streams are expected to increase and there is a higher probability of GLOF event triggering in vulnerable / at-risk valleys.",1,6yaqlxpUQoYfvyn6a2Oi.pdf,6yaqlxpUQoYfvyn6a2Oi_10,,"Gilgit, Hunza, Skardu",Gilgit-Baltistan,implied_full_confidence,2,False,,,,
7poAXvlC34V2avTYdwbS_01,"• Rain-wind/thunderstorm with snow over hills is expected in (Balochistan) Districts Quetta, Ziarat, Qila Saifullah, Pishin, Zhob, Musa Khel, (Khyber Pakhtunkhwa) Districts Waziristan, Dera Ismail khan, Bannu (Punjab) Districts Bhakkar and Layyah from Saturday, 5th March 2022 (night) to Tuesday, 8th March 2022.",1,7poAXvlC34V2avTYdwbS.pdf,7poAXvlC34V2avTYdwbS_01,,"Chitral, Dir, Naran, Swat",Khyber Pakhtunkhwa,implied_discounted,1,False,,,,
7poAXvlC34V2avTYdwbS_02,"• Rain-wind / thunderstorms with isolated heavy falls / hailstorm expected in (Khyber Pakhtunkhwa) Districts Chitral, Dir, Swat, Malakand, Kohistan, Shangla, Buner, Manshera, Abbottabad, Haripur, Gilgit-Baltistan and Kashmir from Saturday, 5th March 2022 (night) to Thursday, 10th March 2022 with occasional gaps.",1,7poAXvlC34V2avTYdwbS.pdf,7poAXvlC34V2avTYdwbS_02,"Swat, Chitral, Dir","Gilgit, Hunza, Naran, Neelum Valley, Skardu","Gilgit-Baltistan, Kashmir, Khyber Pakhtunkhwa",direct,1,False,,,,
7poAXvlC34V2avTYdwbS_03,"• While, in (Khyber Pakhtunkhwa) Districts Swabi, Mardan, Nowshera, Charsadda, Peshawar, Bajaur, Kurram, Khyber, Kohat, Islamabad Capital Territory, (Punjab) Rawalpindi, Attock, Jhelum, Chakwal, Mianwali, Bhakkar, Sargodha, Khushab, Gujranwala, Gujrat, Lahore and Sialkot, on Sunday 6th March 2022 and Monday, 7th March 2022 (morning).",1,7poAXvlC34V2avTYdwbS.pdf,7poAXvlC34V2avTYdwbS_03,,"Chitral, Dir, Naran, Swat",Khyber Pakhtunkhwa,implied_discounted,1,False,,,,
7poAXvlC34V2avTYdwbS_04,"• Light with few moderate snowfalls is expected in (Punjab) Murree, (Khyber Pakhtunkhwa) Galliyat, Nathiagali, Naran, Kaghan, Dir, Swat, Shangla, Buner, (Kashmir) Neelum valley, Bagh, Haveli, (Gilgit Baltistan) Astore, Skardu and Hunza from Sunday 6th March 2022 till Thursday (10th March 2022). Possible Impacts",1,7poAXvlC34V2avTYdwbS.pdf,7poAXvlC34V2avTYdwbS_04,"Hunza, Skardu, Naran, Swat, Murree/Galliyat, Dir, Neelum Valley","Chitral, Gilgit","Gilgit-Baltistan, Kashmir, Khyber Pakhtunkhwa, Mansehra/Kaghan",direct,1,False,,,,
7poAXvlC34V2avTYdwbS_05,"• Windstorm may cause damages to vulnerable structures and standing crops in north Balochistan, Khyber Pakhtunkhwa, upper Punjab, and Kashmir on Sunday and Wednesday/ Thursday.",1,7poAXvlC34V2avTYdwbS.pdf,7poAXvlC34V2avTYdwbS_05,,"Chitral, Dir, Naran, Neelum Valley, Swat","Kashmir, Khyber Pakhtunkhwa",implied_discounted,1,False,,,,
8OcVyBRGiHXqy3maR117_01,"Dated: 15 April 2025 Subject: GLOF ALERT - GB & KP Due to a significant rise in temperatures across Northern Pakistan, the risk of Glacial Lake Outburst Floods (GLOFs) is expected to increase, particularly in the low-lying glaciated areas of Gilgit-Baltistan and Khyber Pakhtunkhwa.",1,8OcVyBRGiHXqy3maR117.pdf,8OcVyBRGiHXqy3maR117_01,,"Chitral, Dir, Gilgit, Hunza, Naran, Skardu, Swat","Gilgit-Baltistan, Khyber Pakhtunkhwa",implied_full_confidence,2,False,,,,
9cNXeOxN0HKXvAvKt0k3_01,"b. KP, GB, AJ&K and Balochistan. Landslide/ mudslide and possible road blockage in hilly area. NCOP Legend Rain-Wind/Thundershowers Predicted from18 to 21 September 2023 Punjab",1,9cNXeOxN0HKXvAvKt0k3.pdf,9cNXeOxN0HKXvAvKt0k3_01,,"Chitral, Dir, Gilgit, Hunza, Naran, Neelum Valley, Skardu, Swat","Gilgit-Baltistan, Kashmir, Khyber Pakhtunkhwa",implied_full_confidence,2,True,,,,
9cNXeOxN0HKXvAvKt0k3_02,"• Bahawalpur AJ&K, GB & ICT KP",1,9cNXeOxN0HKXvAvKt0k3.pdf,9cNXeOxN0HKXvAvKt0k3_02,,"Chitral, Dir, Gilgit, Hunza, Naran, Neelum Valley, Skardu, Swat","Gilgit-Baltistan, Kashmir, Khyber Pakhtunkhwa",implied_discounted,1,False,,,,
AzzPgpM0ZiIwAMit6B30_01,"Rain-wind/thundershower (with isolated heavy falls) is expected in Chitral, Dir, Swat, Kohistan, Shangla, Buner, Mansehra, Abbottabad, Haripur, Malakand, Bajaur, Peshawar, Mardan, Charsadda, Swabi, Nowshera, Kurram, Kohat, Waziristan, Kashmir, Gilgit-Baltistan, Islamabad, Rawalpindi, Murree, Attock, Chakwal, Jhelum, Sialkot, Narowal, Lahore, Gujranwala, Gujrat, Sheikhupura, Mianwali, Khushab, Sargodha, Hafizabad, Mandi Bahauddin, Jhang and Faisalabad from 10th to 14th September, while Bhakkar, Layyah, D.G.Khan and Muzaffargarh on 13th and 14th September with occasional gaps.",1,AzzPgpM0ZiIwAMit6B30.pdf,AzzPgpM0ZiIwAMit6B30_01,"Swat, Murree/Galliyat, Chitral, Dir","Hunza, Skardu, Gilgit, Naran, Neelum Valley","Gilgit-Baltistan, Kashmir, Mansehra/Kaghan",direct,1,False,,,,
AzzPgpM0ZiIwAMit6B30_02,"Rainfall may trigger landslides in Kashmir, hilly areas of Khyber Pakhtunkhwa, Gilgit Baltistan, Galiyat and Murree during the forecast period.",1,AzzPgpM0ZiIwAMit6B30.pdf,AzzPgpM0ZiIwAMit6B30_02,Murree/Galliyat,"Hunza, Skardu, Gilgit, Naran, Swat, Chitral, Dir, Neelum Valley","Gilgit-Baltistan, Kashmir, Khyber Pakhtunkhwa",direct,2,True,,,,
CDngsCcW2wyvqpzbN6nS_01,"i. Rains may trigger Landslides in Murree and hilly areas. ii. Rainfall with chances of heavy falls may generate flash / urban flooding in municipalities / local nullahs / streams and river tributaries. iii. Isolated hailstorm may cause damage to cause injures and damage to infrastructures, orchids, farms and vehicles etc. iv. Windstorms may damage crops, loose structures, etc.",1,CDngsCcW2wyvqpzbN6nS.pdf,CDngsCcW2wyvqpzbN6nS_01,Murree/Galliyat,,,direct,2,False,,,,
CzwcoXFXGtvjtfGtSJOu_01,"Dated: 3 January 2024 Subject: Rain (With Snowfall Over Mountains) in Balochistan from 4th to 5th January 2024 and Foggy Conditions in Khyber Pakhtunkhwa and Upper Sindh in Coming Days NDMA Tech Team and Pakistan Meteorological Department (PMD Press Release at Annex-A) have forecasted that Light to Moderate Rain-wind / Thunderstorms (with snowfall over hills) is expected in Balochistan, whereas Dense Foggy Conditions will continue in Punjab, Islamabad Capital Territory, Plains of Khyber Pakhtunkhwa and Upper Sindh. Balochistan",1,CzwcoXFXGtvjtfGtSJOu.pdf,CzwcoXFXGtvjtfGtSJOu_01,,"Chitral, Dir, Naran, Swat",Khyber Pakhtunkhwa,implied_discounted,1,False,,,,
CzwcoXFXGtvjtfGtSJOu_02,• Bahawalpur Khyber Pakhtunkhwa,1,CzwcoXFXGtvjtfGtSJOu.pdf,CzwcoXFXGtvjtfGtSJOu_02,,"Chitral, Dir, Naran, Swat",Khyber Pakhtunkhwa,implied_discounted,1,False,,,,
CzwcoXFXGtvjtfGtSJOu_03,"b. KP, Punjab, Sindh & ICT.",1,CzwcoXFXGtvjtfGtSJOu.pdf,CzwcoXFXGtvjtfGtSJOu_03,,"Chitral, Dir, Naran, Swat",Khyber Pakhtunkhwa,implied_discounted,1,False,,,,
Do8zbLv1K1SAbvLMYPRh_01,"6. PDMAs Punjab & Khyber Pakhtunkhwa. Ensure readiness to provide necessary support and assistance including rescue, relief and medical to disaster affected areas of Balochistan and Sindh as required. 7 of 10",1,Do8zbLv1K1SAbvLMYPRh.pdf,Do8zbLv1K1SAbvLMYPRh_01,,"Chitral, Dir, Naran, Swat",Khyber Pakhtunkhwa,implied_discounted,1,False,,,,
DvxNpJmLhn5VBwphypFa_01,"o Widespread rain-windstorms / thundershowers with scattered heavy to very heavy falls and isolated hailstorms expected in Abbottabad, Bannu, Bajaur, Charsadda, Chitral, Dera Ismail Khan, Dir, Galiyat, Haripur, Khyber, Kohat, Kohistan, Kurram, Lakki Marwat, Mansehra, Mardan, Mohmand, Nowshera, Peshawar, Swabi, Swat and Waziristan from Monday, 20 June – Wednesday, 22 June.",1,DvxNpJmLhn5VBwphypFa.pdf,DvxNpJmLhn5VBwphypFa_01,"Swat, Murree/Galliyat, Chitral, Dir",Naran,Mansehra/Kaghan,direct,1,True,,,,
DvxNpJmLhn5VBwphypFa_02,"o Widespread rain-windstorms / thundershowers with scattered heavy to very heavy falls and isolated hailstorms expected in Attock, Bahawalnagar, Bhakkar, Chakwal, Dera Ghazi Khan, Faisalabad, Hafizabad, Jhang, Jhelum, Kasur, Khushab, Lahore, Layyah, Mandibahauddin, Mianwali, Multan, Murree, Narowal, Okara, Pakpattan, Rawalpindi, Sahiwal, Sargodha, Sheikhupura, Sialkot and Toba Tek Singh from Monday, 20 June – Wednesday, 22 June.",1,DvxNpJmLhn5VBwphypFa.pdf,DvxNpJmLhn5VBwphypFa_02,Murree/Galliyat,,,direct,1,True,,,,
DvxNpJmLhn5VBwphypFa_03,"o Widespread rain-windstorms / thundershowers with scattered heavy to very heavy falls and isolated hailstorms expected in Astore, Diamer, Ghizer, Gilgit, Hunza & Skardu from Monday, 20 June – Wednesday, 22 June.",1,DvxNpJmLhn5VBwphypFa.pdf,DvxNpJmLhn5VBwphypFa_03,"Hunza, Skardu, Gilgit",,,direct,1,True,,,,
DvxNpJmLhn5VBwphypFa_04,"o Widespread rain-windstorms / thundershowers with scattered heavy to very heavy falls and isolated hailstorms expected in Bagh, Bhimber, Hattian, Haveli, Kotli, Mirpur, Muzaffarabad, Neelum Valley and Poonch from Monday, 20 June – Wednesday, 22 June.",1,DvxNpJmLhn5VBwphypFa.pdf,DvxNpJmLhn5VBwphypFa_04,Neelum Valley,,,direct,1,False,,,,
DvxNpJmLhn5VBwphypFa_05,"o Heavy falls may trigger landsliding in vulnerable areas of Khyber Pakhtunkhwa, Galiyat, Gilgit-Baltistan and Azad Jammu & Kashmir during forecasted period.",1,DvxNpJmLhn5VBwphypFa.pdf,DvxNpJmLhn5VBwphypFa_05,Murree/Galliyat,"Chitral, Dir, Gilgit, Hunza, Naran, Neelum Valley, Skardu, Swat","Gilgit-Baltistan, Kashmir, Khyber Pakhtunkhwa",direct,1,False,,,,
DvxNpJmLhn5VBwphypFa_06,"o Heavy falls may generate flash flooding in local nullahs / rivers of Northeast Balochistan, Khyber Pakhtunkhwa, Punjab, Gilgit-Baltistan and Azad Jammu & Kashmir.",1,DvxNpJmLhn5VBwphypFa.pdf,DvxNpJmLhn5VBwphypFa_06,,"Chitral, Dir, Gilgit, Hunza, Naran, Neelum Valley, Skardu, Swat","Gilgit-Baltistan, Kashmir, Khyber Pakhtunkhwa",implied_full_confidence,2,False,,,,
DvxNpJmLhn5VBwphypFa_07,"o Windstorms may damage loose structures at vulnerable locations in Khyber Pakhtunkhwa, Punjab, Gilgit Baltistan and Azad Jammu & Kashmir.",1,DvxNpJmLhn5VBwphypFa.pdf,DvxNpJmLhn5VBwphypFa_07,,"Chitral, Dir, Gilgit, Hunza, Naran, Neelum Valley, Skardu, Swat","Gilgit-Baltistan, Kashmir, Khyber Pakhtunkhwa",implied_discounted,1,False,,,,
G7s87he8JlyBLs4FTWW3_01,"o Rain-windstorm/thundershower (lsolated heavy falls) are expected in Zhob, Ziarat, Barkhan, Loralai, Kohlu, Quetta, Kalat, Khuzdar, Lasbella, Naseerabad and Sibbi from 1-5 July 2022 (Friday to Tuesday). Khyber Pakhtunkhwa",1,G7s87he8JlyBLs4FTWW3.pdf,G7s87he8JlyBLs4FTWW3_01,,"Chitral, Dir, Naran, Swat",Khyber Pakhtunkhwa,implied_discounted,1,False,,,,
G7s87he8JlyBLs4FTWW3_02,"o Rain-windstorm/thundershower (lsolated heavy falls) are expected in Swat, Mansehra, Kohistan, Abbottabad, Haripur, Peshawar, Mardan, Swabi and Nowshera from 30 June to 4 July 2022 (Thursday to Monday). Punjab",1,G7s87he8JlyBLs4FTWW3.pdf,G7s87he8JlyBLs4FTWW3_02,Swat,Naran,Mansehra/Kaghan,direct,1,False,,,,
G7s87he8JlyBLs4FTWW3_03,"o Rain-windstorm/thundershower (solated heavy fall) are expected in Rawalpindi, Murree, Attock, Chakwal, Jhelum, Sargodha, Hafizabad, M. B Din, Sialkot, Narowal, Lahore, Gujranwala, Gujrat, Sheikhupura, Faisalabad, Jhang. T.T Singh, Okara, Sahiwal and Bahawalnagar from 30 June to 4 July 2022 (Thursday to Monday). Sindh Rain-windstorm/thundershower (lsolated heavy falls) are expected in Karachi, Hyderabad, Thatta, Badin, Dadu from 1-5 July 2022 (Friday to Tuesday). Gilgit-Baltistan oRain-windstorm/thundershower (lsolated heavy falls) are expected in Gilit Baltistan from 30 June to 4 July 2022 (Thursday to Monday). Azad Jamnmu & Kashmir Rain-windstorm/thundershower (lsolated heavy falls) are expected in Kashmir from 30 June to 4 July 2022 (Thursday to Monday) Possible Impacts Heavy falls may generate urban flooding in Islamabad, Rawalpindi, Lahore, Gujranwala, Sialkot, Faisalabad from 2-4 July & in Karachi and Hyderabad from 3-5 July. Fishermen are advised to remain careful due to rough sea conditions from 3-5 July. Flash flooding is also expected in local nullahs of Kashmir, Khuzdar, Lasbella, Naseerabad, Awaran, Barkhan and Kohlu during the forecast period. Heavy rainfall may trigger landslides in Kashmir, Galliyat and Murree. The rising temperatures are likely to subside during the forecast period. Windstorms may damage loose structures at vulnerable locations. Rainwater will be beneficial for the sowing of rice crop. Travelers and tourists are advised to remain extra cautious during the forecast period. NOTE All concerned authorities are advised to remain ALERT during the forecast period.",1,G7s87he8JlyBLs4FTWW3.pdf,G7s87he8JlyBLs4FTWW3_03,Murree/Galliyat,"Gilgit, Hunza, Neelum Valley, Skardu","Gilgit-Baltistan, Kashmir",direct,2,True,,,,
GCXcjinOgLHmvLapOSzG_01,• Vehari Khyber Pakhtunkhwa,1,GCXcjinOgLHmvLapOSzG.pdf,GCXcjinOgLHmvLapOSzG_01,,"Chitral, Dir, Naran, Swat",Khyber Pakhtunkhwa,implied_discounted,1,False,,,,
GCXcjinOgLHmvLapOSzG_03,"(1) Heavy rainfall may trigger landslides, mudslides or falling boulders potentially disrupting roads during this period in Upper Khyber Pakhtunkhwa, Galiyat, Murree, Gilgit Baltistan and AJ&K.",1,GCXcjinOgLHmvLapOSzG.pdf,GCXcjinOgLHmvLapOSzG_03,Murree/Galliyat,"Chitral, Dir, Gilgit, Hunza, Naran, Neelum Valley, Skardu, Swat","Gilgit-Baltistan, Kashmir, Khyber Pakhtunkhwa",direct,2,False,,,,
GCXcjinOgLHmvLapOSzG_04,"(4) Windstorms / Hailstorms may damage crops, loose structures, etc. GB",1,GCXcjinOgLHmvLapOSzG.pdf,GCXcjinOgLHmvLapOSzG_04,,"Gilgit, Hunza, Skardu",Gilgit-Baltistan,implied_discounted,1,False,,,,
HaAy0Yi0zPkad0q0e3q2_01,(4) Heavy rains may trigger Landslides in Murree and hilly areas from 27 to 31 August.,1,HaAy0Yi0zPkad0q0e3q2.pdf,HaAy0Yi0zPkad0q0e3q2_01,Murree/Galliyat,,,direct,2,False,,,,
HaAy0Yi0zPkad0q0e3q2_03,"(2) Heavy rains may trigger Landslides in Galliyat, Mansehra, Kohistan, Chitral, Dir, Swat, Shangla, Buner, Kashmir and Gilgit-Baltistan from 27 to 31 August.",1,HaAy0Yi0zPkad0q0e3q2.pdf,HaAy0Yi0zPkad0q0e3q2_03,"Swat, Murree/Galliyat, Chitral, Dir","Gilgit, Hunza, Naran, Neelum Valley, Skardu","Gilgit-Baltistan, Kashmir, Mansehra/Kaghan",direct,2,False,,,,
HvAnagLpkijEaeBodmc3_01,"a. Partly cloudy weather with chances of Light Rain-wind/ thunderstorm (snowfall over the hills) in parts of G.B, Chitral, Kohistan and Kashmir on 20/21 November 2022.",1,HvAnagLpkijEaeBodmc3.pdf,HvAnagLpkijEaeBodmc3_01,Chitral,"Gilgit, Hunza, Neelum Valley, Skardu","Gilgit-Baltistan, Kashmir",direct,0,False,,,,
IMYLacXVBq5TmjEoFZi0_01,"(2) Moderate to few heavy snowfall may cause road closure/slippery conditions in Naran, Kaghan, Chitral, Dir, Swat, Kohistan, Manshera, Abbottabad, Shangla, Astore, Hunza, Skardu, Neelum valley, Bagh, Poonch, Haveli, Quetta, Ziarat, Chaman, Pishin, Killa Abdullah and Killa Saifullah during forecast period.",1,IMYLacXVBq5TmjEoFZi0.pdf,IMYLacXVBq5TmjEoFZi0_01,"Hunza, Skardu, Naran, Swat, Chitral, Dir, Neelum Valley",,,direct,2,False,,,,
IMYLacXVBq5TmjEoFZi0_02,(3) Rains may trigger Landslides in Murree and hilly areas may lead to potential road blockages.,1,IMYLacXVBq5TmjEoFZi0.pdf,IMYLacXVBq5TmjEoFZi0_02,Murree/Galliyat,,,direct,2,False,,,,
JNEGsz6KQOnm3Vx4yoHI_01,"Rain-wind-thunderstorm with isolated heavy fall and snowfall over the hills is expected in Khyber Pakhtunkhwa, Gilgit-Baltistan, Kashmir, Murree and Galliyat from Friday, 21st January (night) to Sunday, 23rd January 2022.",1,JNEGsz6KQOnm3Vx4yoHI.pdf,JNEGsz6KQOnm3Vx4yoHI_01,Murree/Galliyat,"Hunza, Skardu, Gilgit, Naran, Swat, Chitral, Dir, Neelum Valley","Gilgit-Baltistan, Kashmir, Khyber Pakhtunkhwa",direct,1,False,,,,
JNEGsz6KQOnm3Vx4yoHI_02,"Heavy snowfall may cause road closures in Murree, Galiyat, Nathiagali, Naran, Kaghan, Dir, Swat, Shangla, Buner, Neelum Valley, Bagh, Haveli, Rawalakot, Hunza and Skardu during the forecast period.",1,JNEGsz6KQOnm3Vx4yoHI.pdf,JNEGsz6KQOnm3Vx4yoHI_02,"Hunza, Skardu, Naran, Swat, Murree/Galliyat, Dir, Neelum Valley",,,direct,2,False,,,,
JNEGsz6KQOnm3Vx4yoHI_03,"Possibility of landslides in Malakand, Hazara, Gilgit-Baltistan and Kashmir cannot be ruled out during the period.",1,JNEGsz6KQOnm3Vx4yoHI.pdf,JNEGsz6KQOnm3Vx4yoHI_03,,"Hunza, Skardu, Gilgit, Neelum Valley","Gilgit-Baltistan, Kashmir",implied_full_confidence,2,True,,,,
Jgy6oB1dsqmWB64Wckpg_01,"a. Rain-wind/thundershower (with isolated heavy falls) is expected in Kashmir, Islamabad, northeast Punjab, upper Khyber Pakhtunkhwa, eastern Balochistan and southeastern Sindh from 06th to 09th August with occasional gaps.",1,Jgy6oB1dsqmWB64Wckpg.pdf,Jgy6oB1dsqmWB64Wckpg_01,,"Chitral, Dir, Naran, Neelum Valley, Swat","Kashmir, Khyber Pakhtunkhwa",implied_discounted,1,True,,,,
Jgy6oB1dsqmWB64Wckpg_02,"b. Rain-wind/thundershower (with scattered heavy falls) are expected in Kashmir, Gilgit-Baltistan, Islamabad, Punjab, Khyber Pakhtunkhwa, Sindh and parts of Balochistan from 10th to 13th August with occasional gaps.",1,Jgy6oB1dsqmWB64Wckpg.pdf,Jgy6oB1dsqmWB64Wckpg_02,,"Chitral, Dir, Gilgit, Hunza, Naran, Neelum Valley, Skardu, Swat","Gilgit-Baltistan, Kashmir, Khyber Pakhtunkhwa",implied_discounted,1,False,,,,
Jgy6oB1dsqmWB64Wckpg_03,• More rain-wind / thundershowers with scattered heavy falls expected in parts of Balochistan with occasional gaps from 10-13 August (Wednesday to Saturday). Khyber Pakhtunkhwa,1,Jgy6oB1dsqmWB64Wckpg.pdf,Jgy6oB1dsqmWB64Wckpg_03,,"Chitral, Dir, Naran, Swat",Khyber Pakhtunkhwa,implied_discounted,1,False,,,,
Jgy6oB1dsqmWB64Wckpg_04,• Rain-wind / thundershowers with isolated heavy falls expected in Upper Khyber Pakhtunkhwa with occasional gaps from 6-9 August (Saturday to Tuesday).,1,Jgy6oB1dsqmWB64Wckpg.pdf,Jgy6oB1dsqmWB64Wckpg_04,,"Chitral, Dir, Naran, Swat",Khyber Pakhtunkhwa,implied_discounted,1,False,,,,
Jgy6oB1dsqmWB64Wckpg_05,• More rain-wind / thundershowers with scattered heavy falls expected in Khyber Pakhtunkhwa with occasional gaps from 10-13 August (Wednesday to Saturday) Punjab,1,Jgy6oB1dsqmWB64Wckpg.pdf,Jgy6oB1dsqmWB64Wckpg_05,,"Chitral, Dir, Naran, Swat",Khyber Pakhtunkhwa,implied_discounted,1,False,,,,
Jgy6oB1dsqmWB64Wckpg_06,• More rain-wind / thundershowers with scattered heavy falls expected in Sindh with occasional gaps from 10-13 August (Wednesday to Saturday) Gilgit Baltistan,1,Jgy6oB1dsqmWB64Wckpg.pdf,Jgy6oB1dsqmWB64Wckpg_06,,"Gilgit, Hunza, Skardu",Gilgit-Baltistan,implied_discounted,1,False,,,,
Jgy6oB1dsqmWB64Wckpg_07,• Rain-wind / thundershowers with scattered heavy falls expected in Gilgit Baltistan with occasional gaps from 10-13 August (Wednesday to Saturday) Azad Jammu & Kashmir,1,Jgy6oB1dsqmWB64Wckpg.pdf,Jgy6oB1dsqmWB64Wckpg_07,,"Gilgit, Hunza, Neelum Valley, Skardu","Gilgit-Baltistan, Kashmir",implied_discounted,1,False,,,,
Jgy6oB1dsqmWB64Wckpg_08,• Rain-wind / thundershowers with isolated heavy falls expected in AJ&K with occasional gaps from 6-9 August (Saturday to Tuesday).,1,Jgy6oB1dsqmWB64Wckpg.pdf,Jgy6oB1dsqmWB64Wckpg_08,,Neelum Valley,Kashmir,implied_discounted,1,False,,,,
Jgy6oB1dsqmWB64Wckpg_09,• More rain-wind / thundershowers with scattered heavy falls expected in AJ&K with occasional gaps from 10-13 August (Wednesday to Saturday) Possible Impacts,1,Jgy6oB1dsqmWB64Wckpg.pdf,Jgy6oB1dsqmWB64Wckpg_09,,Neelum Valley,Kashmir,implied_discounted,1,False,,,,
Jgy6oB1dsqmWB64Wckpg_10,"• Flash flooding is expected in Local Nullahs of Islamabad, Rawalpindi, Shakargarh, Sialkot, Narowal, Abbottabad, Mansehra, Dir, Karak, Lakki Marwat, Bannu and AJ&K from 8-12 August (Monday to Friday).",1,Jgy6oB1dsqmWB64Wckpg.pdf,Jgy6oB1dsqmWB64Wckpg_10,Dir,"Naran, Neelum Valley","Kashmir, Mansehra/Kaghan",direct,2,False,,,,
Jgy6oB1dsqmWB64Wckpg_11,"• Rainfall may trigger landslides in AJ&K, Galiyat, Murree, Chilas, Diamer, Gilgit, Hunza, Astore, Ghizer and Skardu during the forecasted period.",2,Jgy6oB1dsqmWB64Wckpg.pdf; T16Mk5SKUh5RzymPgmV4.pdf,Jgy6oB1dsqmWB64Wckpg_11; T16Mk5SKUh5RzymPgmV4_08,"Hunza, Skardu, Gilgit, Murree/Galliyat",Neelum Valley,Kashmir,direct,2,False,,,,
Jm2Ud5MZ3OSpcvWpda2C_01,"(1) AJ&K. Neelum, Muzaffarabad, Poonch, Hattian, Bagh, Haveli, Sudhanoti, Kotli, Bhimber and Mirpur.",1,Jm2Ud5MZ3OSpcvWpda2C.pdf,Jm2Ud5MZ3OSpcvWpda2C_01,Neelum Valley,,,direct,1,True,,,,
Jm2Ud5MZ3OSpcvWpda2C_02,"(2) GB. Diamir, Astore, Ghizer, Skardu, Hunza, Gilgit, Ghanche and Shigar.",1,Jm2Ud5MZ3OSpcvWpda2C.pdf,Jm2Ud5MZ3OSpcvWpda2C_02,"Hunza, Skardu, Gilgit",,,direct,1,True,,,,
Jm2Ud5MZ3OSpcvWpda2C_03,"(3) KP. Chitral, Dir, Swat, Kohistan, Mansehra, Abbottabad, Haripur, Peshawar, Charsadda, Nowshera, Swabi, Mardan, Bajaur, Kurram, Waziristan, Kohat, Bannu, Tank, Karak, Dera Ismail Khan.",1,Jm2Ud5MZ3OSpcvWpda2C.pdf,Jm2Ud5MZ3OSpcvWpda2C_03,"Swat, Chitral, Dir",Naran,"Khyber Pakhtunkhwa, Mansehra/Kaghan",direct,1,False,,,,
Jm2Ud5MZ3OSpcvWpda2C_04,"(4) Pb. Murree, Galliyat, Rawalpindi, Attock, Chakwal and Jhelum. In addition, from 23 May (evening / night) to 26 May 2023 in Sargodha, Mianwali, Layyah, Khushab, Bhakkar, Faisalabad, Jhang, T.T. Singh, Sheikhupura, Nankana, Gujranwala, Mandi Bahauddin, Narowal, Sialkot, Kasur, Pakpattan, Okara, Sahiwal, Lahore, R.Y. Khan, Bahawalnagar, Multan, D.G. Khan and Rajanpur.",1,Jm2Ud5MZ3OSpcvWpda2C.pdf,Jm2Ud5MZ3OSpcvWpda2C_04,Murree/Galliyat,,,direct,1,False,,,,
Jm2Ud5MZ3OSpcvWpda2C_05,"c. Strong winds may cause damage to standing crops in Punjab, Khyber Pakhtunkhwa and AJ&K between 23 to 25 May 2023.",1,Jm2Ud5MZ3OSpcvWpda2C.pdf,Jm2Ud5MZ3OSpcvWpda2C_05,,"Chitral, Dir, Naran, Neelum Valley, Swat","Kashmir, Khyber Pakhtunkhwa",implied_discounted,1,False,,,,
LoIYIXzm9MGChnUTuwc2_01,"Dated: 23 February 2024 Subject: Rain-Wind / Thunderstorms with Snowfall over the Hills - Predicted in Balochistan and Upper Parts of the Country from 25th to 27th February 2024 Reference: A. Winter Guidelines vide NDMA Letter No. F.2 (E)/2022-NDMA (MW/Winter-Tourist-Guidelines-2023-24) of 7 December 23 B. NDMA letter No. F-2(E)/2023-NDMA(Winter Hazards/Preparedness) of 21 December 23. NDMA Tech Team and Pakistan Meteorological Department (PMD Press Release at Annex-A) have forecasted that a westerly wave is entering from 25th February 2024 and may persist till 27th February 2024. Under the influence, Rain-wind / Thunderstorms with snowfall over hills is expected in following areas of the country: - Khyber Pakhtunkhwa",1,LoIYIXzm9MGChnUTuwc2.pdf,LoIYIXzm9MGChnUTuwc2_01,,"Chitral, Dir, Naran, Swat",Khyber Pakhtunkhwa,implied_discounted,1,True,,,,
LoIYIXzm9MGChnUTuwc2_02,• Mirpur Khyber Pakhtunkhwa,1,LoIYIXzm9MGChnUTuwc2.pdf,LoIYIXzm9MGChnUTuwc2_02,,"Chitral, Dir, Naran, Swat",Khyber Pakhtunkhwa,implied_discounted,1,True,,,,
LoIYIXzm9MGChnUTuwc2_03,"• Shigar Balochistan Chaghi, Noushki, Kharan, Panjgur, Kech, Turbat, Gwadar, Awaran, Khuzdar, Kalat, Lasbella, Sibbi, Quetta, Ziarat, Chaman, Pishin, Killa Abdullah, Killa Saifullah, Loralai, Harnai, Zhob, Sherani, Barkhan, Musakhel Khyber Pakhtunkhwa",1,LoIYIXzm9MGChnUTuwc2.pdf,LoIYIXzm9MGChnUTuwc2_03,,"Chitral, Dir, Naran, Swat",Khyber Pakhtunkhwa,implied_discounted,1,False,,,,
LoIYIXzm9MGChnUTuwc2_04,• Mirpur Gilgit Baltistan,3,LoIYIXzm9MGChnUTuwc2.pdf; VGN4dBijkJcBAOubq3Rv.pdf; h5pLxGUCwdEE4B9eblSG.pdf,LoIYIXzm9MGChnUTuwc2_04; VGN4dBijkJcBAOubq3Rv_04; h5pLxGUCwdEE4B9eblSG_02,,"Gilgit, Hunza, Skardu",Gilgit-Baltistan,implied_discounted,1,False,,,,
LoIYIXzm9MGChnUTuwc2_05,"a. KP, GB, Murree, Galliyat",5,LoIYIXzm9MGChnUTuwc2.pdf; OzXADp76zDQq34ocfB9m.pdf; VGN4dBijkJcBAOubq3Rv.pdf; W05iSByBXzOi7Qbai4bM.pdf; h5pLxGUCwdEE4B9eblSG.pdf,LoIYIXzm9MGChnUTuwc2_05; OzXADp76zDQq34ocfB9m_03; VGN4dBijkJcBAOubq3Rv_06; W05iSByBXzOi7Qbai4bM_03; h5pLxGUCwdEE4B9eblSG_03,Murree/Galliyat,"Chitral, Dir, Gilgit, Hunza, Naran, Skardu, Swat","Gilgit-Baltistan, Khyber Pakhtunkhwa",direct,1,True,,,,
LoIYIXzm9MGChnUTuwc2_07,"(4) Landslides, mudslides, isolated rain spells and snowfall may lead to potential road blockages in Upper Khyber Pakhtunkhwa, Murree, Galliyat, Kashmir and Gilgit Baltistan.",3,LoIYIXzm9MGChnUTuwc2.pdf; VGN4dBijkJcBAOubq3Rv.pdf; h5pLxGUCwdEE4B9eblSG.pdf,LoIYIXzm9MGChnUTuwc2_07; VGN4dBijkJcBAOubq3Rv_08; h5pLxGUCwdEE4B9eblSG_05,Murree/Galliyat,"Chitral, Dir, Gilgit, Hunza, Naran, Neelum Valley, Skardu, Swat","Gilgit-Baltistan, Kashmir, Khyber Pakhtunkhwa",direct,2,False,,,,
MMWoqdDxp6RP5UNmjsn3 (1)_01,"• More Widespread Intermittent Heavy to Very Heavy Rain-wind / Thundershowers expected in Awaran, Barkhan, Bolan, Dera Bugti, Jaffarabad, Jhalmagsi, Kalat, Khuzdar, Kohlu, Lasbela, Loralai, Naseerabad, Panjgur, Pasni, Sibbi, Turbat, Zhob and Ziarat from 14-17 July (Thursday-Sunday). Khyber Pakhtunkhwa",2,MMWoqdDxp6RP5UNmjsn3 (1).pdf; MMWoqdDxp6RP5UNmjsn3.pdf,MMWoqdDxp6RP5UNmjsn3 (1)_01; MMWoqdDxp6RP5UNmjsn3_01,,"Chitral, Dir, Naran, Swat",Khyber Pakhtunkhwa,implied_discounted,1,False,,,,
MMWoqdDxp6RP5UNmjsn3 (1)_02,"• More Intermittent Rain-wind / Thundershowers with isolated heavy falls expected in Abbottabad, Bannu, Haripur, Kohat, Kohistan, Kurram, Lakki Marwat, Mansehra, Mardan, Nowshera, Peshawar, Swabi and Swat from 13-15 July (Wednesday-Friday). Punjab",2,MMWoqdDxp6RP5UNmjsn3 (1).pdf; MMWoqdDxp6RP5UNmjsn3.pdf,MMWoqdDxp6RP5UNmjsn3 (1)_02; MMWoqdDxp6RP5UNmjsn3_02,Swat,Naran,Mansehra/Kaghan,direct,1,True,,,,
MMWoqdDxp6RP5UNmjsn3 (1)_03,"• More Intermittent Rain-wind / Thundershowers with isolated heavy falls expected in Attock, Bahawalnagar, Bahawalpur, Bhakkar, Chakwal, Dera Ghazi Khan, Faisalabad, Gujranwala, Gujrat, Hafizabad, Jhang, Jhelum, Khanpur, Lahore, Layyah, Mandi Bahauddin, Mianwali, Multan, Murree, Narowal, Okara, Rahim Yar Khan, Rajanpur, Rawalpindi, Sahiwal, Sargodha, Sheikhupura and Sialkot from 13-15 July (Wednesday-Friday). Sindh",2,MMWoqdDxp6RP5UNmjsn3 (1).pdf; MMWoqdDxp6RP5UNmjsn3.pdf,MMWoqdDxp6RP5UNmjsn3 (1)_03; MMWoqdDxp6RP5UNmjsn3_03,Murree/Galliyat,,,direct,1,False,,,,
MMWoqdDxp6RP5UNmjsn3 (1)_04,"• More Widespread Intermittent Heavy to Very Heavy Rain-wind / Thundershowers expected in Badin, Dadu, Ghotki, Hyderabad, Jacobabad, Jamshoro, Kashmore, Karachi, Larkana, Mirpurkhas, Mithi, Naushero Feroze, Sanghar, Shaheed Benazirabad, Qambar Shahdadkot, Shikarpur, Sukkur, Tharparkar, Thatta and Umerkot from 14-17 July (Thursday-Sunday). Azad Jammu & Kashmir",2,MMWoqdDxp6RP5UNmjsn3 (1).pdf; MMWoqdDxp6RP5UNmjsn3.pdf,MMWoqdDxp6RP5UNmjsn3 (1)_04; MMWoqdDxp6RP5UNmjsn3_04,,Neelum Valley,Kashmir,implied_discounted,1,False,,,,
MMWoqdDxp6RP5UNmjsn3 (1)_05,• More Intermittent Rain-wind / Thundershowers with isolated heavy falls expected in AJ&K from 13-15 July (Wednesday-Friday). Possible Impacts,2,MMWoqdDxp6RP5UNmjsn3 (1).pdf; MMWoqdDxp6RP5UNmjsn3.pdf,MMWoqdDxp6RP5UNmjsn3 (1)_05; MMWoqdDxp6RP5UNmjsn3_05,,Neelum Valley,Kashmir,implied_discounted,1,False,,,,
MMWoqdDxp6RP5UNmjsn3 (1)_06,"• Flash Flooding is also expected in Local Nullahs / Waterways of Islamabad, Rawalpindi, Abbottabad, Mansehra, Dir and AJ&K from 13-14 July (Wednesday-Thursday).",2,MMWoqdDxp6RP5UNmjsn3 (1).pdf; MMWoqdDxp6RP5UNmjsn3.pdf,MMWoqdDxp6RP5UNmjsn3 (1)_06; MMWoqdDxp6RP5UNmjsn3_06,Dir,"Naran, Neelum Valley","Kashmir, Mansehra/Kaghan",direct,2,False,,,,
OzXADp76zDQq34ocfB9m_01,• Kasur Khyber Pakhtunkhwa,1,OzXADp76zDQq34ocfB9m.pdf,OzXADp76zDQq34ocfB9m_01,,"Chitral, Dir, Naran, Swat",Khyber Pakhtunkhwa,implied_discounted,1,False,,,,
OzXADp76zDQq34ocfB9m_02,• Kohat Potohar Region & ICT Gilgit Baltistan,2,OzXADp76zDQq34ocfB9m.pdf; W05iSByBXzOi7Qbai4bM.pdf,OzXADp76zDQq34ocfB9m_02; W05iSByBXzOi7Qbai4bM_02,,"Gilgit, Hunza, Skardu",Gilgit-Baltistan,implied_discounted,1,False,,,,
OzXADp76zDQq34ocfB9m_05,"(4) Landslides, mudslides, isolated rain spells and snowfall leading to potential road blockages in Upper Khyber Pakhtunkhwa, Murree, Galiyat, Kashmir and Gilgit Baltistan.",1,OzXADp76zDQq34ocfB9m.pdf,OzXADp76zDQq34ocfB9m_05,Murree/Galliyat,"Chitral, Dir, Gilgit, Hunza, Naran, Neelum Valley, Skardu, Swat","Gilgit-Baltistan, Kashmir, Khyber Pakhtunkhwa",direct,2,True,,,,
PpS39qbTHBnQILYyhBLL_01,"• T.T. Singh South Punjab (From 4th July to 7th July 2024) Bahawalnagar, Bahawalpur, D.G. Khan, Sahiwal, Multan, Layyah, Lodhran Khanewal, Pakpattan, Muzaffargarh, Vehari, Rajanpur Legend High Moderate Low Winds/ Thunderstorm with (Few Heavy to Very Heavy Falls at Times) From 2nd July to 7th July 2024 Winds/ Thunderstorm with (Few Heavy to Very Heavy Falls at Times) From 3rd July to 7th July Khyber Pakhtunkhwa",1,PpS39qbTHBnQILYyhBLL.pdf,PpS39qbTHBnQILYyhBLL_01,,"Chitral, Dir, Naran, Swat",Khyber Pakhtunkhwa,implied_discounted,1,False,,,,
QM4Sr8IjmE1ootNMQHvo_01,"Rain-wind/thundershower with isolated heavy falls is expected in Khyber Pakhtunkhwa, Gilgit-Baltistan, Kashmir, Murree and Galliyat from Wednesday, 10th August to Saturday, 13th August 2022.",1,QM4Sr8IjmE1ootNMQHvo.pdf,QM4Sr8IjmE1ootNMQHvo_01,Murree/Galliyat,"Hunza, Skardu, Gilgit, Naran, Swat, Chitral, Dir, Neelum Valley","Gilgit-Baltistan, Kashmir, Khyber Pakhtunkhwa",direct,1,True,,,,
QM4Sr8IjmE1ootNMQHvo_02,"Flash flooding is expected in Local Nullahs of Mansehra, Dir, Swat, Kohistan, Shangla, Buner, Kurram and Kashmir on 11th and 12th August.",1,QM4Sr8IjmE1ootNMQHvo.pdf,QM4Sr8IjmE1ootNMQHvo_02,"Swat, Dir","Naran, Neelum Valley","Kashmir, Mansehra/Kaghan",direct,2,False,,,,
QM4Sr8IjmE1ootNMQHvo_03,"Landslides may occur in vulnerable hilly areas of Khyber Pakhtunkhwa, Gilgit-Baltistan, Kashmir, Murree and Galiyat during the forecast period.",1,QM4Sr8IjmE1ootNMQHvo.pdf,QM4Sr8IjmE1ootNMQHvo_03,Murree/Galliyat,"Hunza, Skardu, Gilgit, Naran, Swat, Chitral, Dir, Neelum Valley","Gilgit-Baltistan, Kashmir, Khyber Pakhtunkhwa",direct,2,True,,,,
Qmccjrug9RVooa7M5GHM_01,"(1) Khyber Pakhtunkhwa. Chitral, Swat, Mansehra, Kohistan, Abbottabad, Galliyat, Haripur, Peshawar, Mardan, Swabi, Nowshera, Kurram, Bannu, Lakki Marwat and Kohat.",2,Qmccjrug9RVooa7M5GHM.pdf; a3clYFmaSe4xag1McR8P.pdf,Qmccjrug9RVooa7M5GHM_01; a3clYFmaSe4xag1McR8P_01,"Swat, Murree/Galliyat, Chitral","Dir, Naran","Khyber Pakhtunkhwa, Mansehra/Kaghan",direct,1,True,,,,
Qmccjrug9RVooa7M5GHM_02,"(2) Punjab. Rawalpindi, Murree, Attock, Chakwal, Jhelum, Mianwali, Sargodha, Hafizabad, Mandi Bahauddin, Sialkot, Narowal, Lahore, Gujranwala, Gujrat, Sheikhupura, Faisalabad, Jhang and Toba Tek Singh.",2,Qmccjrug9RVooa7M5GHM.pdf; a3clYFmaSe4xag1McR8P.pdf,Qmccjrug9RVooa7M5GHM_02; a3clYFmaSe4xag1McR8P_02,Murree/Galliyat,,,direct,1,False,,,,
Qmccjrug9RVooa7M5GHM_03,"(2) Khyber Pakhtunkhwa. Dera Ismail Khan, Bannu, Karak and Waziristan.",2,Qmccjrug9RVooa7M5GHM.pdf; a3clYFmaSe4xag1McR8P.pdf,Qmccjrug9RVooa7M5GHM_03; a3clYFmaSe4xag1McR8P_03,,"Chitral, Dir, Naran, Swat",Khyber Pakhtunkhwa,implied_discounted,1,False,,,,
Qmccjrug9RVooa7M5GHM_04,"b. Heavy rainfall may trigger landslides in vulnerable areas of Murree, Galliyat, Gilgit Baltistan, AJ&K and hilly areas of Khyber Pakhtunkhwa from 4 - 7 July 2023.",2,Qmccjrug9RVooa7M5GHM.pdf; a3clYFmaSe4xag1McR8P.pdf,Qmccjrug9RVooa7M5GHM_04; a3clYFmaSe4xag1McR8P_04,Murree/Galliyat,"Chitral, Dir, Gilgit, Hunza, Naran, Neelum Valley, Skardu, Swat","Gilgit-Baltistan, Kashmir, Khyber Pakhtunkhwa",direct,2,False,,,,
Qmccjrug9RVooa7M5GHM_05,"• Rain/wind-thundershower (with few heavy falls / hailstorm) is expected in Islamabad, Rawalpindi, Murree, Galliyat, Attock, Chakwal, Jhelum, Kashmir, Gilgit Baltistan, Chitral, Swat, Mansehra, Kohistan, Abbottabad, Haripur, Peshawar, Mardan, Swabi, Nowshera, Kurram, Bannu, Lakki Marwat, Kohat, Mianwali, Sargodha, Hafizabad, Mandi Bahauddin, Sialkot, Narowal, Lahore, Gujranwala, Gujrat, Sheikhupura, Faisalabad, Jhang and Toba Tek Singh from 03rd (evening/night) to 08th July with occasional gaps.",2,Qmccjrug9RVooa7M5GHM.pdf; a3clYFmaSe4xag1McR8P.pdf,Qmccjrug9RVooa7M5GHM_05; a3clYFmaSe4xag1McR8P_05,"Swat, Murree/Galliyat, Chitral","Gilgit, Hunza, Naran, Neelum Valley, Skardu","Gilgit-Baltistan, Kashmir, Mansehra/Kaghan",direct,1,True,,,,
Qmccjrug9RVooa7M5GHM_06,"• Heavy rain may cause urban flooding in low lying areas of Islamabad, Rawalpindi, Peshawar, Gujranwala, Lahore and may trigger landslides in the vulnerable areas of Murree, Galliyat, Kashmir, Gilgit Baltistan and hilly areas of Khyber Pakhtunkhwa from 04th to 07th July.",2,Qmccjrug9RVooa7M5GHM.pdf; a3clYFmaSe4xag1McR8P.pdf,Qmccjrug9RVooa7M5GHM_06; a3clYFmaSe4xag1McR8P_06,Murree/Galliyat,"Chitral, Dir, Gilgit, Hunza, Naran, Neelum Valley, Skardu, Swat","Gilgit-Baltistan, Kashmir, Khyber Pakhtunkhwa",direct,2,False,,,,
Qmccjrug9RVooa7M5GHM_07,"4. Chief Sec Punjab, KP, GB, Kashmir, Balochistan & Sindh",3,Qmccjrug9RVooa7M5GHM.pdf; a3clYFmaSe4xag1McR8P.pdf; b3J7aGFlMAMzhp0AG1lQ.pdf,Qmccjrug9RVooa7M5GHM_07; a3clYFmaSe4xag1McR8P_07; b3J7aGFlMAMzhp0AG1lQ_10,,"Chitral, Dir, Gilgit, Hunza, Naran, Neelum Valley, Skardu, Swat","Gilgit-Baltistan, Kashmir, Khyber Pakhtunkhwa",implied_discounted,1,False,,,,
T16Mk5SKUh5RzymPgmV4_01,"• More rain-wind / thundershowers with few heavy falls expected in Barkhan, Bolan, Chaman, Harnai, Jaffarabad, Kalat, Khuzdar, Kohlu, Lasbela, Loralai, Naseerabad, Quetta, Sibbi, Zhob and Ziarat with occasional gaps from 27-31 July (Wednesday-Sunday). Khyber Pakhtunkhwa",1,T16Mk5SKUh5RzymPgmV4.pdf,T16Mk5SKUh5RzymPgmV4_01,,"Chitral, Dir, Naran, Swat",Khyber Pakhtunkhwa,implied_discounted,1,True,,,,
T16Mk5SKUh5RzymPgmV4_02,"• More rain-wind / thundershowers with scattered heavy falls expected in Abbottabad, Bannu, DI Khan, Haripur, Kohat, Kohistan, Kurram, Lakki Marwat, Mansehra, Mardan, Nowshera, Peshawar, Swabi and Swat with occasional gaps from 27-31 July (Wednesday-Sunday). Punjab",1,T16Mk5SKUh5RzymPgmV4.pdf,T16Mk5SKUh5RzymPgmV4_02,Swat,Naran,Mansehra/Kaghan,direct,1,False,,,,
T16Mk5SKUh5RzymPgmV4_03,"• More rain-wind / thundershowers with scattered heavy falls expected in Attock, Bahawalnagar, Bahawalpur, Bhakkar, Chakwal, DG Khan, Faisalabad, Gujranwala, Gujrat, Hafizabad, Jhang, Jhelum, Khanpur, Khushab, Lahore, Layyah, Mandi Bahauddin, Mianwali, Multan, Murree, Narowal, Okara, Rahim Yar Khan, Rajanpur, Rawalpindi, Sahiwal, Sargodha, Sheikhupura and Sialkot with occasional gaps from 27-31 July (Wednesday-Sunday). Sindh",1,T16Mk5SKUh5RzymPgmV4.pdf,T16Mk5SKUh5RzymPgmV4_03,Murree/Galliyat,,,direct,1,True,,,,
T16Mk5SKUh5RzymPgmV4_04,"• More rain-wind / thundershowers with few heavy falls expected in Dadu, Jacobabad, Larkana and Sukkur from 27-31 July (Wednesday-Sunday). Gilgit Baltistan",1,T16Mk5SKUh5RzymPgmV4.pdf,T16Mk5SKUh5RzymPgmV4_04,,"Gilgit, Hunza, Skardu",Gilgit-Baltistan,implied_discounted,1,True,,,,
T16Mk5SKUh5RzymPgmV4_05,• More rain-wind / thundershowers with scattered heavy falls expected in Gilgit Baltistan with occasional gaps from 27-31 July (Wednesday-Sunday). Azad Jammu & Kashmir,1,T16Mk5SKUh5RzymPgmV4.pdf,T16Mk5SKUh5RzymPgmV4_05,,"Gilgit, Hunza, Neelum Valley, Skardu","Gilgit-Baltistan, Kashmir",implied_discounted,1,True,,,,
T16Mk5SKUh5RzymPgmV4_06,• More rain-wind / thundershowers with scattered heavy falls expected in AJ&K with occasional gaps from 27-31 July (Wednesday-Sunday). Possible Impacts,1,T16Mk5SKUh5RzymPgmV4.pdf,T16Mk5SKUh5RzymPgmV4_06,,Neelum Valley,Kashmir,implied_discounted,1,True,,,,
T16Mk5SKUh5RzymPgmV4_07,"• Flash flooding is expected in Local Nullahs of Islamabad, Rawalpindi, Shakargarh, Sialkot, Narowal, Abbottabad, Mansehra, Dir, Karak, Lakki Marwat, Bannu, Loralai, Barkhan, Kohlu, Musakhel, Sherani, Sibbi, Bolan and AJ&K as well as the Hill Torrents of DG Khan from 27-31 July (Wednesday-Sunday).",1,T16Mk5SKUh5RzymPgmV4.pdf,T16Mk5SKUh5RzymPgmV4_07,Dir,"Naran, Neelum Valley","Kashmir, Mansehra/Kaghan",direct,2,False,,,,
TQlO1PwQhaPOeZq371RK_01,"b. Khyber Pakhtunkhwa. Galliyat, Chitral, Dir, Swat, Mansehra, Abbottabad, Kohistan, Shangla, Buner, Haripur, Karak, Peshawar, Kohat, Charsada, Nowshera, Swabi, Bajaur, Kurram, Waziristan, Mohmand, Bannu and Dera Ismail Khan",1,TQlO1PwQhaPOeZq371RK.pdf,TQlO1PwQhaPOeZq371RK_01,"Swat, Murree/Galliyat, Chitral, Dir",Naran,"Khyber Pakhtunkhwa, Mansehra/Kaghan",direct,1,False,,,,
TQlO1PwQhaPOeZq371RK_02,"c. Punjab. Murree, Rawalpindi, Attock, Chakwal, Jhelum, Gujranwala, Gujrat, Hafizabad, Mandi Bahauddin, Sialkot, Narowal, Lahore, Toba Tek Singh, Sheikhupura, Nankana Sahib, Khushab, Mianwali, Sargodha, Dera Ghazi Khan, Bhakkar, Layyah, Kot Addu, Multan, Bahawalpur, Bahawalnagar, Rahim Yar khan, Sahiwal, Faisalabad, Okara and Kasur.",1,TQlO1PwQhaPOeZq371RK.pdf,TQlO1PwQhaPOeZq371RK_02,Murree/Galliyat,,,direct,1,True,,,,
TQlO1PwQhaPOeZq371RK_03,"f. Gilgit-Baltistan. Diamir, Astore, Ghizer, Skardu, Hunza, Gilgit, Ghanche and Shigar",1,TQlO1PwQhaPOeZq371RK.pdf,TQlO1PwQhaPOeZq371RK_03,"Hunza, Skardu, Gilgit",,,direct,1,False,,,,
TQlO1PwQhaPOeZq371RK_05,"b. Heavy rains may cause flash floods in Quetta, Chaman, Pishin, Barkhan, Musakhel, Kalat, Khuzdar, Naseerabad, Jaffarabad, Kohlu, Zhob, Sibbi, Turbat, Awaran, Panjgur, Hill torrents of D.G Khan on 22-23 March 2023 while in Dir, Swat, Kohistan, Nowshera, Mardan, Waziristan, Bajaur, State of AJ&K and urban flooding in Peshawar, Islamabad, Rawalpindi & Lahore on 23-24 March 2023.",1,TQlO1PwQhaPOeZq371RK.pdf,TQlO1PwQhaPOeZq371RK_05,"Swat, Dir",Neelum Valley,Kashmir,direct,2,True,,,,
TQlO1PwQhaPOeZq371RK_06,"c. Landslides may occur in hilly areas of Khyber Pakhtunkhwa, Gilgit-Baltistan, State of AJ&K, Murree and Galliyat Regions during the forecasted period.",1,TQlO1PwQhaPOeZq371RK.pdf,TQlO1PwQhaPOeZq371RK_06,Murree/Galliyat,"Chitral, Dir, Gilgit, Hunza, Naran, Neelum Valley, Skardu, Swat","Gilgit-Baltistan, Kashmir, Khyber Pakhtunkhwa",direct,2,False,,,,
TSu2i0YOyIQFCzMWlSTF_01,"• T.T. Singh South Punjab (From 17th July to 19th July 2024) R.Y Khan, Bahawalnagar, Bahawalpur, D.G. Khan, Sahiwal, Multan, Layyah, Lodhran, Khanewal, Pakpattan, Muzaffargarh, Vehari, Rajanpur 2 Rain Winds/ Thunderstorm with Occasional Gaps From 17th July to 21st July 2024 Rain Winds/ Thunderstorm with Occasional Gaps From 16th July to 21st July 2024 Khyber Pakhtunkhwa",1,TSu2i0YOyIQFCzMWlSTF.pdf,TSu2i0YOyIQFCzMWlSTF_01,,"Chitral, Dir, Naran, Swat",Khyber Pakhtunkhwa,implied_discounted,1,True,,,,
VGN4dBijkJcBAOubq3Rv_01,• Ghotki Khyber Pakhtunkhwa,1,VGN4dBijkJcBAOubq3Rv.pdf,VGN4dBijkJcBAOubq3Rv_01,,"Chitral, Dir, Naran, Swat",Khyber Pakhtunkhwa,implied_discounted,1,False,,,,
VGN4dBijkJcBAOubq3Rv_02,"• Tank Rain-Wind / Thunderstorm in Sindh from 28th to 29th March, 2024 Rain-Wind / Thunderstorm with Snow over the Hill in KP from 27th to 31st March 2024 Rain-Wind / Thunderstorm in Punjab from 27th to 31st March 2024 Punjab",1,VGN4dBijkJcBAOubq3Rv.pdf,VGN4dBijkJcBAOubq3Rv_02,,"Chitral, Dir, Naran, Swat",Khyber Pakhtunkhwa,implied_discounted,1,True,,,,
VGN4dBijkJcBAOubq3Rv_03,• Sargodha Islamabad AJ&K,1,VGN4dBijkJcBAOubq3Rv.pdf,VGN4dBijkJcBAOubq3Rv_03,,Neelum Valley,Kashmir,implied_discounted,1,False,,,,
VGN4dBijkJcBAOubq3Rv_05,• Shigar Rain-Wind / Thunderstorm with Snow over the Hill in AJ&K and GB from 27th March to 1st April 2024,1,VGN4dBijkJcBAOubq3Rv.pdf,VGN4dBijkJcBAOubq3Rv_05,,"Gilgit, Hunza, Neelum Valley, Skardu","Gilgit-Baltistan, Kashmir",implied_discounted,1,True,,,,
VSdnoSzMWCd1GKHy7V0T_01,"(1) Khyber Pakhtunkhwa. Galliyat, Chitral, Dir, Swat, Shangla, Buner, Mansehra, Kohistan, Abbottabad, Haripur, Peshawar, Mardan, Swabi, Nowshera, Kurram, Lakki Marwat, Kohat, Dera Ismail Khan, Bannu, Karak and Waziristan.",1,VSdnoSzMWCd1GKHy7V0T.pdf,VSdnoSzMWCd1GKHy7V0T_01,"Swat, Murree/Galliyat, Chitral, Dir",Naran,"Khyber Pakhtunkhwa, Mansehra/Kaghan",direct,1,True,,,,
VSdnoSzMWCd1GKHy7V0T_02,"(2) Punjab. Murree, Rawalpindi, Attock, Chakwal, Jhelum, Mandi Bahauddin, Sialkot, Narowal, Lahore, Sheikhupura, Hafizabad, Gujranwala, Gujrat, Kasur, Mianwali, Sargodha, Khusab, Faisalabad, Toba Tek Singh, Jhang, Sahiwal, Bahawalnagar and Okara.",1,VSdnoSzMWCd1GKHy7V0T.pdf,VSdnoSzMWCd1GKHy7V0T_02,Murree/Galliyat,,,direct,1,True,,,,
VSdnoSzMWCd1GKHy7V0T_03,"(3) Gilgit-Baltistan. Diamir, Astore, Ghizer, Skardu, Hunza, Gilgit, Ghanche and Shigar.",4,VSdnoSzMWCd1GKHy7V0T.pdf; ZGX1G7Qo050SIus6o4um.pdf; aQeioQ3oCbza7aapMkqB.pdf; bZwhd5dzEY0cbFEgsOH3.pdf,VSdnoSzMWCd1GKHy7V0T_03; ZGX1G7Qo050SIus6o4um_02; aQeioQ3oCbza7aapMkqB_04; bZwhd5dzEY0cbFEgsOH3_02,"Hunza, Skardu, Gilgit",,,direct,1,True,,,,
VSdnoSzMWCd1GKHy7V0T_04,"(4) State of AJ&K. Neelum valley, Muzaffarabad, Poonch, Hattian, Bagh, Haveli, Sudhanoti, Kotli, Bhimber and Mirpur.",2,VSdnoSzMWCd1GKHy7V0T.pdf; bZwhd5dzEY0cbFEgsOH3.pdf,VSdnoSzMWCd1GKHy7V0T_04; bZwhd5dzEY0cbFEgsOH3_03,Neelum Valley,,,direct,1,True,,,,
VSdnoSzMWCd1GKHy7V0T_05,"a. Heavy rains may cause flash flooding in Balochistan and hill torrents of Dera Ghazi Khan on 25 - 26 July 2023, and in Kashmir, Dir, Swat, Kohistan, Shangla, Buner, Mansehra, Abbotabad, Rawalpindi and Islamabad on 26 - 28 July 2023.",1,VSdnoSzMWCd1GKHy7V0T.pdf,VSdnoSzMWCd1GKHy7V0T_05,"Swat, Dir","Naran, Neelum Valley","Kashmir, Mansehra/Kaghan",direct,2,True,,,,
VSdnoSzMWCd1GKHy7V0T_06,"c. Rainfall may trigger landslides in the vulnerable areas of Murree, Galliyat, Kashmir, Gilgit-Baltistan and hilly areas of Khyber Pakhtunkhwa.",1,VSdnoSzMWCd1GKHy7V0T.pdf,VSdnoSzMWCd1GKHy7V0T_06,Murree/Galliyat,"Chitral, Dir, Gilgit, Hunza, Naran, Neelum Valley, Skardu, Swat","Gilgit-Baltistan, Kashmir, Khyber Pakhtunkhwa",direct,2,False,,,,
W05iSByBXzOi7Qbai4bM_01,• Sahiwal Okara Khyber Pakhtunkhwa,1,W05iSByBXzOi7Qbai4bM.pdf,W05iSByBXzOi7Qbai4bM_01,,"Chitral, Dir, Naran, Swat",Khyber Pakhtunkhwa,implied_discounted,1,False,,,,
YUSvXtx5hZZ67TqgE4BY_01,"Dated: 9 August 2024 Subject: GLOF ADVISORY – GB & KP Reference: NDMA’s Weather Advisories dated 8 & 9 August 2024 In light of higher temperatures and prevailing weather conditions, including rain / wind-thunderstorms up to 12 August 2024, there is increased risk of GLOF events, flash floods, landslides / mudslides, in vulnerable areas of GB and KP, especially in Districts Dir, Swat, Kohistan, Astore, Gilgit, Skardu, Ghanche, Shigar, and adjoining areas (GLOF Risk Projection Map enclosed as “Annex-A”).",1,YUSvXtx5hZZ67TqgE4BY.pdf,YUSvXtx5hZZ67TqgE4BY_01,"Skardu, Gilgit, Swat, Dir","Chitral, Hunza, Naran","Gilgit-Baltistan, Khyber Pakhtunkhwa",direct,2,False,,,,
ZGX1G7Qo050SIus6o4um_01,"(1) AJ&K. Neelum Valley, Muzaffarabad, Poonch, Hattian, Bagh, Haveli, Sudhanoti, Kotli, Bhimber and Mirpur.",3,ZGX1G7Qo050SIus6o4um.pdf; aQeioQ3oCbza7aapMkqB.pdf; b3J7aGFlMAMzhp0AG1lQ.pdf,ZGX1G7Qo050SIus6o4um_01; aQeioQ3oCbza7aapMkqB_03; b3J7aGFlMAMzhp0AG1lQ_01,Neelum Valley,,,direct,1,True,,,,
ZGX1G7Qo050SIus6o4um_03,"(3) Khyber Pakhtunkhwa. Chitral, Dir, Swat, Kohistan, Mansehra, Abbottabad, Haripur, Peshawar, Charsadda, Nowshera, Swabi, Mardan, Bajaur, Kurram, Waziristan, Kohat, Bannu, Tank, Karak and Dera Ismail Khan.",1,ZGX1G7Qo050SIus6o4um.pdf,ZGX1G7Qo050SIus6o4um_03,"Swat, Chitral, Dir",Naran,"Khyber Pakhtunkhwa, Mansehra/Kaghan",direct,1,True,,,,
ZGX1G7Qo050SIus6o4um_04,"(4) Punjab. Murree, Galliyat, Rawalpindi, Attock, Chakwal, Gujranwala, Sargodha, Sheikhupura, Faisalabad, Jhang, Toba Tek Singh, Nankana, Mandi Bahauddin, Khushab, Mianwali, Narowal, Sialkot, Kasur, Lahore and Jhelum.",1,ZGX1G7Qo050SIus6o4um.pdf,ZGX1G7Qo050SIus6o4um_04,Murree/Galliyat,,,direct,1,False,,,,
aQeioQ3oCbza7aapMkqB_01,"(1) AJ&K. Neelum Valley, Muzaffarabad, Poonch, Hattian, Bagh, Haveli, Sudhnoti, Kotli, Bhimber and Mirpur.",1,aQeioQ3oCbza7aapMkqB.pdf,aQeioQ3oCbza7aapMkqB_01,Neelum Valley,,,direct,1,False,,,,
aQeioQ3oCbza7aapMkqB_02,"(2) Gilgit-Baltistan. Diamer, Astore, Ghizer, Skardu, Hunza, Gilgit, Ghanche and Shigar.",1,aQeioQ3oCbza7aapMkqB.pdf,aQeioQ3oCbza7aapMkqB_02,"Hunza, Skardu, Gilgit",,,direct,1,False,,,,
aQeioQ3oCbza7aapMkqB_05,"(3) Khyber Pakhtunkhwa. Chitral, Dir ,Swat, Kohistan, Mansehra, Abbotabad, Haripur, Peshawar, Charsadda, Nowshera, Swabi, Mardan, Bajaur, Kurram, Waziristan, Kohat, Bannu, Tank, Karak and Dera Ismail Khan.",1,aQeioQ3oCbza7aapMkqB.pdf,aQeioQ3oCbza7aapMkqB_05,"Swat, Chitral, Dir",Naran,"Khyber Pakhtunkhwa, Mansehra/Kaghan",direct,1,False,,,,
aQeioQ3oCbza7aapMkqB_06,"(4) Punjab. Murree, Galliyat, Rawalpindi, Attock, Chakwal, Jhelum, Sargodha, Mianwali, Khushab, Bhakkar, Faisalabad, Jhang, Toba Tek Singh, Sheikhupura, Nankana, Gujranwala, Sialkot, Kasur, Okara and Lahore.",1,aQeioQ3oCbza7aapMkqB.pdf,aQeioQ3oCbza7aapMkqB_06,Murree/Galliyat,,,direct,1,False,,,,
aQeioQ3oCbza7aapMkqB_07,"e. Strong winds may also cause damage to standing crops in Punjab, Khyber Pakhtunkhwa and Kashmir.",1,aQeioQ3oCbza7aapMkqB.pdf,aQeioQ3oCbza7aapMkqB_07,,"Chitral, Dir, Naran, Neelum Valley, Swat","Kashmir, Khyber Pakhtunkhwa",implied_discounted,1,True,,,,
b3J7aGFlMAMzhp0AG1lQ_02,"(2) Gilgit Baltistan. Diamir, Astore, Ghizer, Skardu, Hunza, Gilgit, Ghanche and Shigar.",2,b3J7aGFlMAMzhp0AG1lQ.pdf; zyuyzX1VyltVDxvGit2c.pdf,b3J7aGFlMAMzhp0AG1lQ_02; zyuyzX1VyltVDxvGit2c_02,"Hunza, Skardu, Gilgit",,,direct,1,False,,,,
b3J7aGFlMAMzhp0AG1lQ_03,"(3) Khyber Pakhtunkhwa Galliyat, Chitral, Dir, Swat, Shangla, Buner, Mansehra, Kohistan, Abbottabad, Haripur, Peshawar, Mardan, Swabi, Nowshera, Kurram, Lakki Marwat, Kohat, Dera Ismail Khan, Bannu, Karak and Waziristan.",1,b3J7aGFlMAMzhp0AG1lQ.pdf,b3J7aGFlMAMzhp0AG1lQ_03,"Swat, Murree/Galliyat, Chitral, Dir",Naran,"Khyber Pakhtunkhwa, Mansehra/Kaghan",direct,1,False,,,,
b3J7aGFlMAMzhp0AG1lQ_04,"(4) Punjab. Murree, Rawalpindi, Attock, Chakwal, Jhelum, Mandi Bahauddin, Sialkot, Narowal, Lahore, Sheikhupura, Hafizabad, Gujranwala, Gujrat, Kasur, Mianwali, Sargodha, Khushab, Faisalabad, Toba Tek Singh, Jhang, Bhakkar, Sahiwal, Bahawalnagar and Okara.",1,b3J7aGFlMAMzhp0AG1lQ.pdf,b3J7aGFlMAMzhp0AG1lQ_04,Murree/Galliyat,,,direct,1,False,,,,
b3J7aGFlMAMzhp0AG1lQ_05,"a. Heavy rains may cause flash flooding in Balochistan and hill torrents of Dera Ghazi Khan from 27 (night) - 28 July 2023, and in Kashmir, Dir, Swat, Kohistan, Shangla, Buner, Mansehra, Abbotabad, Rawalpindi and Islamabad including Lai Nullah from 27 (night) - 29 July 2023.",1,b3J7aGFlMAMzhp0AG1lQ.pdf,b3J7aGFlMAMzhp0AG1lQ_05,"Swat, Dir","Naran, Neelum Valley","Kashmir, Mansehra/Kaghan",direct,2,False,,,,
b3J7aGFlMAMzhp0AG1lQ_06,"c. Heavy rains may trigger landslides in the vulnerable areas of Murree, Galliyat, Kashmir, Gilgit Baltistan and hilly areas of Khyber Pakhtunkhwa.",1,b3J7aGFlMAMzhp0AG1lQ.pdf,b3J7aGFlMAMzhp0AG1lQ_06,Murree/Galliyat,"Chitral, Dir, Gilgit, Hunza, Naran, Neelum Valley, Skardu, Swat","Gilgit-Baltistan, Kashmir, Khyber Pakhtunkhwa",direct,2,True,,,,
b3J7aGFlMAMzhp0AG1lQ_07,"• Rain/wind-thundershower (with scattered heavy falls) is expected in Kashmir, (Neelum valley, Muzaffarabad, Poonch, Hattian, Bagh, Haveli, Sudhanoti, Kotli, Bhimber, Mirpur), Gilgit Baltistan (Diamir, Astore, Ghizer, Skardu, Hunza, Gilgit, Ghanche, Shigar), Chitral, Dir, Swat, Shangla, Buner, Mansehra, Kohistan, Abbottabad, Haripur, Peshawar, Mardan, Swabi, Nowshera, Kurram, Lakki Marwat, Kohat, Dera Ismail Khan, Bannu, Karak, Waziristan, Murree, Galliyat, Islamabad, Rawalpindi, Attock, Chakwal, Jhelum, Mandi Bahauddin, Sialkot, Narowal, Lahore, Sheikhupura, Hafizabad, Gujranwala, Gujrat, Kasur, Mianwali, Sargodha, Khushab, Faisalabad, Toba Tek Singh, Jhang, Bhakkar, Sahiwal, Bahawalnagar and Okara from 27th (night) to 30th July with occasional gaps.",1,b3J7aGFlMAMzhp0AG1lQ.pdf,b3J7aGFlMAMzhp0AG1lQ_07,"Hunza, Skardu, Gilgit, Swat, Murree/Galliyat, Chitral, Dir, Neelum Valley",Naran,"Gilgit-Baltistan, Kashmir, Mansehra/Kaghan",direct,1,False,,,,
b3J7aGFlMAMzhp0AG1lQ_08,"• Heavy rains may generate flash flooding in Balochistan and hill torrents of Dera Ghazi Khan on 27th (night) & 28th July. While in Kashmir, Dir, Swat, Kohistan, Shangla, Buner, Manshera, Abbottabad, Rawalpindi/Islamabad including (Lai Nullah) during 27th (night) to 29th July.",1,b3J7aGFlMAMzhp0AG1lQ.pdf,b3J7aGFlMAMzhp0AG1lQ_08,"Swat, Dir",Neelum Valley,Kashmir,direct,2,False,,,,
b3J7aGFlMAMzhp0AG1lQ_09,"• Heavy rains may cause urban flooding in low lying areas of Islamabad/Rawalpindi, Peshawar, Gujranwala, Lahore, Faisalabad from 27th (night) to 29th July and may trigger landslides in the vulnerable areas of Murree, Galliyat, Kashmir, Gilgit Baltistan and hilly areas of Khyber Pakhtunkhwa during the period.",1,b3J7aGFlMAMzhp0AG1lQ.pdf,b3J7aGFlMAMzhp0AG1lQ_09,Murree/Galliyat,"Chitral, Dir, Gilgit, Hunza, Naran, Neelum Valley, Skardu, Swat","Gilgit-Baltistan, Kashmir, Khyber Pakhtunkhwa",direct,2,True,,,,
bTeYvQTAVuH4z2xxeZH7_01,Dated: 30 June 2022 Subject: GLOF ALERT – GB & KP PMD has issued a GLOF Alert for GB and KP (enclosed as “Annex-A”).,1,bTeYvQTAVuH4z2xxeZH7.pdf,bTeYvQTAVuH4z2xxeZH7_01,,"Chitral, Dir, Gilgit, Hunza, Naran, Skardu, Swat","Gilgit-Baltistan, Khyber Pakhtunkhwa",implied_full_confidence,2,False,,,,
bTeYvQTAVuH4z2xxeZH7_02,"The conditions have raised the possibility of GLOF events/ flash floods, landslides, mudslides, and gusty winds in the vulnerable area of GB and KP.",1,bTeYvQTAVuH4z2xxeZH7.pdf,bTeYvQTAVuH4z2xxeZH7_02,,"Chitral, Dir, Gilgit, Hunza, Naran, Skardu, Swat","Gilgit-Baltistan, Khyber Pakhtunkhwa",implied_full_confidence,2,False,,,,
bZwhd5dzEY0cbFEgsOH3_01,"(1) Khyber Pakhtunkhwa. Galliyat, Chitral, Dir, Swat, Mansehra, Abbottabad, Kohistan, Shangla, Buner, Haripur, Karak, Peshawar, Kohat, Charsada, Nowshera, Swabi, Bajaur, Kurram, Waziristan, Bannu and Dera Ismail Khan.",1,bZwhd5dzEY0cbFEgsOH3.pdf,bZwhd5dzEY0cbFEgsOH3_01,"Swat, Murree/Galliyat, Chitral, Dir",Naran,"Khyber Pakhtunkhwa, Mansehra/Kaghan",direct,1,False,,,,
bZwhd5dzEY0cbFEgsOH3_04,"(4) Punjab. Murree, Rawalpindi, Attock, Chakwal, Jhelum, Gujranwala, Gujrat, Hafizabad, Mandi Bahauddin, Sialkot, Narowal and Lahore.",1,bZwhd5dzEY0cbFEgsOH3.pdf,bZwhd5dzEY0cbFEgsOH3_04,Murree/Galliyat,,,direct,1,False,,,,
bZwhd5dzEY0cbFEgsOH3_05,"b. Possibility of Landslides in hilly areas of Khyber Pakhtunkhwa, Gilgit-Baltistan, Kashmir, Murree and Galliyat cannot be ruled out during the forecast period.",1,bZwhd5dzEY0cbFEgsOH3.pdf,bZwhd5dzEY0cbFEgsOH3_05,Murree/Galliyat,"Chitral, Dir, Gilgit, Hunza, Naran, Neelum Valley, Skardu, Swat","Gilgit-Baltistan, Kashmir, Khyber Pakhtunkhwa",direct,2,True,,,,
dD6azK18t1ysu1kLA5vH_01,Dated: 21 May 2024 Subject: GLOF ALERT – KHYBER PAKHTUNKHWA & GILGIT BALTISTAN Reference: NDMA Letter No.,1,dD6azK18t1ysu1kLA5vH.pdf,dD6azK18t1ysu1kLA5vH_01,,"Chitral, Dir, Gilgit, Hunza, Naran, Skardu, Swat","Gilgit-Baltistan, Khyber Pakhtunkhwa",implied_full_confidence,2,False,,,,
dD6azK18t1ysu1kLA5vH_02,F.2(E)2024-NDMA (MW/Summer Guidelines) dated 17 May 24 GLOF Alert for Khyber Pakhtunkhwa and Gilgit Baltistan (enclosed as “Annex-A”) has been issued.,1,dD6azK18t1ysu1kLA5vH.pdf,dD6azK18t1ysu1kLA5vH_02,,"Chitral, Dir, Gilgit, Hunza, Naran, Skardu, Swat","Gilgit-Baltistan, Khyber Pakhtunkhwa",implied_full_confidence,2,True,,,,
dD6azK18t1ysu1kLA5vH_03,"This combination could significantly increase the flow in rivers and associated streams & nullahs, raising chances of GLOF Events, flash floods, landslides / mudslides, in vulnerable mountainous areas of Khyber Pakhtunkhwa and Gilgit Baltistan (NDMA GLOF Risk Projection Map enclosed as “Annex-B”).",1,dD6azK18t1ysu1kLA5vH.pdf,dD6azK18t1ysu1kLA5vH_03,,"Chitral, Dir, Gilgit, Hunza, Naran, Skardu, Swat","Gilgit-Baltistan, Khyber Pakhtunkhwa",implied_full_confidence,2,True,,,,
dD6azK18t1ysu1kLA5vH_04,Map outlining the most vulnerable GLOF sites in KP & GB is as below: -,1,dD6azK18t1ysu1kLA5vH.pdf,dD6azK18t1ysu1kLA5vH_04,,"Chitral, Dir, Gilgit, Hunza, Naran, Skardu, Swat","Gilgit-Baltistan, Khyber Pakhtunkhwa",implied_full_confidence,2,False,,,,
eBXqgDcvLn5FyAK34k19_01,"Rain-thunderstorm with snowfall over the hills is expected in Chitral, Dir, Swat, Malakand, Kohistan, Shangla, Buner, Mansehra, Abbottabad, Haripur, Swabi, Mardan, Nowshera, Peshawar, Murree, Galliyat, Neelum Valley, Bagh, Haveli, Rawalakot, Gilgit-Baltistan (Diamer, Astore, Ghizer, Skardu, Hunza, Gilgit, Ghanche) from Sunday, 16th January (night) to Wednesday, 19th January 2022.",1,eBXqgDcvLn5FyAK34k19.pdf,eBXqgDcvLn5FyAK34k19_01,"Hunza, Skardu, Gilgit, Swat, Murree/Galliyat, Chitral, Dir, Neelum Valley",Naran,Mansehra/Kaghan,direct,1,False,,,,
eBXqgDcvLn5FyAK34k19_02,"Snowfall may cause road closures in Murree, Galiyat, Nathiagali, Kaghan, Naran, Dir, Swat, Kohistan, Astore, Hunza, Skardu, Neelum Valley, Bagh and Rawalakot on Monday and Tuesday.",1,eBXqgDcvLn5FyAK34k19.pdf,eBXqgDcvLn5FyAK34k19_02,"Hunza, Skardu, Naran, Swat, Murree/Galliyat, Dir, Neelum Valley",,,direct,2,True,,,,
eBXqgDcvLn5FyAK34k19_03,"Landslides may also occur in vulnerable areas of Dir, Swat, Kohistan, Shangla, Buner, Gilgit-Baltistan and Kashmir during the period.",1,eBXqgDcvLn5FyAK34k19.pdf,eBXqgDcvLn5FyAK34k19_03,"Swat, Dir","Hunza, Skardu, Gilgit, Neelum Valley","Gilgit-Baltistan, Kashmir",direct,2,False,,,,
fx1xRqPfosJVNS4HYZDC_01,(1) Heavy rains may trigger Landslides in Murree and hilly areas from 14th to 16th October 2024.,1,fx1xRqPfosJVNS4HYZDC.pdf,fx1xRqPfosJVNS4HYZDC_01,Murree/Galliyat,,,direct,2,False,,,,
fx1xRqPfosJVNS4HYZDC_03,"(2) Heavy rains may trigger Landslides in Galiyat, Mansehra, Kohistan, Chitral, Dir, Swat, Shangla, Buner, Kashmir and Gilgit-Baltistan from 14th to 16th October.",1,fx1xRqPfosJVNS4HYZDC.pdf,fx1xRqPfosJVNS4HYZDC_03,"Swat, Murree/Galliyat, Chitral, Dir","Gilgit, Hunza, Naran, Neelum Valley, Skardu","Gilgit-Baltistan, Kashmir, Mansehra/Kaghan",direct,2,True,,,,
h5pLxGUCwdEE4B9eblSG_01,"Dated: 8 March 2024 Subject: Rain-Wind / Thunderstorms with Snowfall over the Hills - Predicted in Country from 11th to 15th March 2024 Reference: A. Winter Guidelines vide NDMA Letter No. F.2 (E)/2022-NDMA (MW/Winter-Tourist-Guidelines-2023-24) of 7 December 23 B. NDMA letter No. F-2(E)/2023-NDMA(Winter Hazards/Preparedness) of 21 December 23. Pakistan Meteorological Department (PMD Press Release at Annex-A) have forecasted that a westerly wave is entering from 9th March 2024 and likely to extend to upper parts on 11th March 2024. Followed by another westerly wave on 12th March 2024. Under the influence, Rain-wind / Thunderstorms with snowfall over hills is expected in following areas of the country: - Balochistan Kharan, Panjgur, Kech, Turbat, Washuk, Gwadar, Awaran, Khuzdar, Kalat, Lasbella Balochistan  Chaghi  Noushki  Washuk  Mastung  Sibi  Naseerabad  Zhob  Sherani  Barkhan  Musakhel  Kohlu  Jhal Magsi  Loralai  Ziarat  Quetta  Chaman  Pishin  Qila Abdullah  Qila Saifullah Khyber Pakhtunkhwa  Chitral  Dir  Swat  Abbottabad  Mansehra  Torghar  Kohistan  Haripur  Shangla  Karak  Peshawar  Charsadda  Nowshehra  Swabi  Buner  Bajaur  Kurram  Orakzai  Waziristan  Bannu  Kohat  DI Khan  Lakki Marwat  Tank Punjab  Rawalpindi  Murree  Galliyat  Rawalpindi  Attock  Chakwal  Jhelum  Gujrat  Gujranwala  Hafizabad  Sialkot  Narowal  Lahore  Kasur  Okara  Faisalabad  TT Singh  Jhang  Mianwali  Khushab  Sargodha  Bhakkar Islamabad AJ&K",1,h5pLxGUCwdEE4B9eblSG.pdf,h5pLxGUCwdEE4B9eblSG_01,"Swat, Murree/Galliyat, Chitral, Dir","Naran, Neelum Valley","Kashmir, Khyber Pakhtunkhwa, Mansehra/Kaghan",direct,1,False,,,,
hCjY5cOMqzsz1MV4UE7q_01,"(1) Khyber Pakhtunkhwa. Chitral, Dir, Swat, Shangla, Buner, Mansehra, Kohistan, Abbottabad, Haripur, Peshawar, Mardan, Swabi, Nowshera, Kurram, Lakki Marwat, Kohat, Dera Ismail Khan, Bannu, Karak and Waziristan.",1,hCjY5cOMqzsz1MV4UE7q.pdf,hCjY5cOMqzsz1MV4UE7q_01,"Swat, Chitral, Dir",Naran,"Khyber Pakhtunkhwa, Mansehra/Kaghan",direct,1,True,,,,
hCjY5cOMqzsz1MV4UE7q_02,"(2) Punjab. Murree, Galliyat, Rawalpindi, Attock, Chakwal, Jhelum, Mandi Bahauddin, Sialkot, Narowal, Lahore, Sheikhupura, Hafizabad, Gujranwala, Gujrat, Kasur, Mianwali, Sargodha, Khusab, Faisalabad, Toba Tek Singh, Jhang, Sahiwal, Bahawalnagar, Okara.",1,hCjY5cOMqzsz1MV4UE7q.pdf,hCjY5cOMqzsz1MV4UE7q_02,Murree/Galliyat,,,direct,1,False,,,,
hCjY5cOMqzsz1MV4UE7q_03,"(1) Gilgit-Baltistan. Diamir, Astore, Ghizer, Skardu, Hunza, Gilgit, Ghanche, Shigar.",1,hCjY5cOMqzsz1MV4UE7q.pdf,hCjY5cOMqzsz1MV4UE7q_03,"Hunza, Skardu, Gilgit",,,direct,1,True,,,,
hCjY5cOMqzsz1MV4UE7q_04,"(2) AJ&K. Neelum valley, Muzaffarabad, Poonch, Hattian, Bagh, Haveli, Sudhanoti, Kotli, Bhimber, Mirpur.",1,hCjY5cOMqzsz1MV4UE7q.pdf,hCjY5cOMqzsz1MV4UE7q_04,Neelum Valley,,,direct,1,False,,,,
hCjY5cOMqzsz1MV4UE7q_05,"a. Heavy rains may cause urban flooding in low lying areas of Islamabad/Rawalpindi, Peshawar, Gujranwala, Lahore from 22nd to 26th July and may trigger landslides in the vulnerable areas of Murree, Galiyat, Kashmir, Gilgit Baltistan and hilly areas of Khyber Pakhtunkhwa during the period.",1,hCjY5cOMqzsz1MV4UE7q.pdf,hCjY5cOMqzsz1MV4UE7q_05,Murree/Galliyat,"Chitral, Dir, Gilgit, Hunza, Naran, Neelum Valley, Skardu, Swat","Gilgit-Baltistan, Kashmir, Khyber Pakhtunkhwa",direct,2,False,,,,
hCjY5cOMqzsz1MV4UE7q_06,"b. Heavy rain may generate flash flooding in Kashmir, Dir, Swat, Kohistan, Shangla, Buner, Manshera, Abbottabad, Rawalpindi/Islamabad during 22nd to 26th July, while in hill torrent of Dera Ghazi Khan and adjoining areas of northeast Balochistan on 22nd and 23rd July.",1,hCjY5cOMqzsz1MV4UE7q.pdf,hCjY5cOMqzsz1MV4UE7q_06,"Swat, Dir",Neelum Valley,Kashmir,direct,2,False,,,,
hKsfpa45czbgrJeCaZDZ_01,"Dated: 14 June 2023 Subject: Guidance for Proactive Preparedness and Vigilance During Eid-ul-Azha Holidays and Rains-wind / Thunderstorms Reference: NDMA Summer Hazards Contingency Plan 2024, NDMA Summer Guidelines & NDMA Monsoon Contingency Plan 2024 In light of forecasted warmer than average temperatures and chances of rain-wind / thunderstorms during Eid-ul-Azha Holidays (15-19 June) and up to 22 June (NDMA Tech Team Weather Projections at Annex-A & PMD Press Release at Annex-B) there is a need to ensure proactive preparedness through enhanced vigilance and mass public awareness. Additional guidance in this regard can be sought from already issued NDMA Tourist Guidelines & Checklist available on NDMA Website. Furthermore, NDMA has released the “PAK-NDMA Disaster Alert” application on Google Play Store and iOS App Store to provide general public with up-to-date alerts, advisories and hazard specific guidelines, public service messages and more. Under influence of above said system following areas are expected to be affected: - Khyber Pakhtunkhwa",1,hKsfpa45czbgrJeCaZDZ.pdf,hKsfpa45czbgrJeCaZDZ_01,,"Chitral, Dir, Naran, Swat",Khyber Pakhtunkhwa,implied_discounted,1,False,,,,
hKsfpa45czbgrJeCaZDZ_02,"•Kurram Winds/ Thunderstorm with Isolated Rainfall From 16th (Evening) to 18th June 2024 Winds/ Thunderstorm with Isolated Rainfall From 18th (Evening) to 22nd June 2024 Khyber Pakhtunkhwa Abbottabad, Lower Dir, Upper Dir, Swat, Malakand, Bajaur, Lower Kohistan, Upper Kohistan, Chitral, Shangla, Battagram, Buner, Mansehra, Torghar, Haripur, Peshawar, Mardan, Kurram, Hangu, Mohmand, Khyber, Charsadda, Waziristan, Orakzai, Kohat, Karak, Bannu, Lakki Marwat, Tank, D.I. Khan, Nowshera GB",1,hKsfpa45czbgrJeCaZDZ.pdf,hKsfpa45czbgrJeCaZDZ_02,"Swat, Chitral, Dir","Gilgit, Hunza, Naran, Skardu","Gilgit-Baltistan, Khyber Pakhtunkhwa, Mansehra/Kaghan",direct,1,False,,,,
hKsfpa45czbgrJeCaZDZ_03,"•Shigar AJ&K Neelum, Muzaffarabad, Rawalakot, Poonch, Hattian, Bagh, Haveli, Sudhnoti, Kotli, Bhimber, Mirpur Winds/ Thunderstorm with Isolated Rainfall From 18th to 22nd June 2024 Winds/ Thunderstorm with Isolated Rainfall From 18th June (Night) to 22nd June 2024 Punjab",1,hKsfpa45czbgrJeCaZDZ.pdf,hKsfpa45czbgrJeCaZDZ_03,Neelum Valley,,,direct,1,True,,,,
iDbV4myTN5faetXnz4yb_01,"2. PDMA KP and GBDMA Only. Due to prevailing persistent high temperatures and expected rain spells, possibilities of GLOF and increased flows of water in rivers/ streams cannot be ruled out. The district administration and local communities be advised to remain alert to the developing situation, while preparing/ rehearsing the contingency evacuation plans of at risk communities.",1,iDbV4myTN5faetXnz4yb.pdf,iDbV4myTN5faetXnz4yb_01,,"Chitral, Dir, Naran, Swat",Khyber Pakhtunkhwa,implied_full_confidence,2,False,,,,
iDbV4myTN5faetXnz4yb_02,"o Rain-windstorm/thundershower (Isolated heavy falls) are expected in Zhob, Ziarat, Barkhan, Loralai, Kohlu, Quetta, Kalat, Khuzdar, Lasbella, Naseerabad, Sibbi, Panjgur, Turbat, Pasni, Gwadar, Ormara, Kech, Awaran, and Kharan from Tuesday 05th July (night) to Thursday 07th July. Khyber Pakhtunkhwa",1,iDbV4myTN5faetXnz4yb.pdf,iDbV4myTN5faetXnz4yb_02,,"Chitral, Dir, Naran, Swat",Khyber Pakhtunkhwa,implied_discounted,1,False,,,,
iDbV4myTN5faetXnz4yb_03,"o Rain-windstorm/thundershower are expected in Swat, Mansehra, Kohistan, Abbottabad, Haripur, Peshawar, Mardan, Swabi and Nowshera Tuesday 05th July (night) to Thursday 07th July (morning). Punjab",1,iDbV4myTN5faetXnz4yb.pdf,iDbV4myTN5faetXnz4yb_03,Swat,Naran,Mansehra/Kaghan,direct,1,False,,,,
iDbV4myTN5faetXnz4yb_04,"o Rain-windstorm/thundershower are expected in Rawalpindi, Murree, Attock, Chakwal, Jhelum, Sargodha, Hafizabad, M. B Din, Sialkot, Narowal, Mianwali, Bhakkar, Lahore, Gujranwala, Gujrat, Sheikhupura, Faisalabad, Jhang, T.T Singh, Okara, Tuesday 05th July (night) to Thursday 07th July (morning). Sindh",1,iDbV4myTN5faetXnz4yb.pdf,iDbV4myTN5faetXnz4yb_04,Murree/Galliyat,,,direct,1,False,,,,
iDbV4myTN5faetXnz4yb_05,"• Rain-windstorm/thundershower (Isolated heavy falls) are expected in Mirpurkhas, Dadu, Karachi, Thatta, and Badin from Tuesday 05th July (night) to 07 July. Azad Jammu & Kashmir",1,iDbV4myTN5faetXnz4yb.pdf,iDbV4myTN5faetXnz4yb_05,,Neelum Valley,Kashmir,implied_discounted,1,False,,,,
iDbV4myTN5faetXnz4yb_06,o Rain-windstorm/thundershower (Isolated heavy falls) are expected in Kashmir from Tuesday 05th July (night) to Thursday 07th July (morning). Possible Impacts,1,iDbV4myTN5faetXnz4yb.pdf,iDbV4myTN5faetXnz4yb_06,,Neelum Valley,Kashmir,implied_discounted,1,True,,,,
iDbV4myTN5faetXnz4yb_07,"• Flash flooding is also expected in local nullahs of Islamabad, Rawalpindi, Kashmir, Khuzdar, Lasbella, Naseerabad, Gwadar, Awaran, Barkhan, Bolan and Kohlu during the forecast period.",1,iDbV4myTN5faetXnz4yb.pdf,iDbV4myTN5faetXnz4yb_07,,Neelum Valley,Kashmir,implied_full_confidence,2,False,,,,
iDbV4myTN5faetXnz4yb_08,"• Rainfall may trigger landslides in Kashmir, Galliyat and Murree, Chillas, Diamer, Gilgit, Hunza, Astore, and Skardu",1,iDbV4myTN5faetXnz4yb.pdf,iDbV4myTN5faetXnz4yb_08,"Hunza, Skardu, Gilgit, Murree/Galliyat",Neelum Valley,Kashmir,direct,2,False,,,,
jlTjOzgmi28R5fjVNqaq_01,• Mianwali Khyber Pakhtunkhwa,1,jlTjOzgmi28R5fjVNqaq.pdf,jlTjOzgmi28R5fjVNqaq_01,,"Chitral, Dir, Naran, Swat",Khyber Pakhtunkhwa,implied_discounted,1,False,,,,
k1zyWXtt0TLTNdGdAn3e_01,"o Flash flooding in local nullahs and waterways of Balochistan, Khyber Pakhtunkhwa, Murree, Galiyat, Islamabad and Rawalpindi.",1,k1zyWXtt0TLTNdGdAn3e.pdf,k1zyWXtt0TLTNdGdAn3e_01,Murree/Galliyat,"Chitral, Dir, Naran, Swat",Khyber Pakhtunkhwa,direct,2,False,,,,
k1zyWXtt0TLTNdGdAn3e_02,"o Landslides / mudslides in vulnerable hilly / mountainous areas of Balochistan, Khyber Pakhtunkhwa, Gilgit Baltistan and State of AJ&K.",1,k1zyWXtt0TLTNdGdAn3e.pdf,k1zyWXtt0TLTNdGdAn3e_02,,"Chitral, Dir, Gilgit, Hunza, Naran, Neelum Valley, Skardu, Swat","Gilgit-Baltistan, Kashmir, Khyber Pakhtunkhwa",implied_full_confidence,2,False,,,,
k1zyWXtt0TLTNdGdAn3e_03,"• Temperatures are likely to drop significantly across the country, especially in Balochistan, Khyber Pakhtunkhwa, Gilgit Baltistan and State of AJ&K.",1,k1zyWXtt0TLTNdGdAn3e.pdf,k1zyWXtt0TLTNdGdAn3e_03,,"Chitral, Dir, Gilgit, Hunza, Naran, Neelum Valley, Skardu, Swat","Gilgit-Baltistan, Kashmir, Khyber Pakhtunkhwa",implied_discounted,1,True,,,,
k1zyWXtt0TLTNdGdAn3e_04,"o Khyber Pakhtunkhwa. Districts Dera Ismail Khan, South Waziristan, North Waziristan, Tank, Bannu, Lakki Marwat, Hangu, Karak, Kohat, Kurram, Orakzai, Khyber, Mohmand, Peshawar, Charsadda, Bajaur, Lower Dir, Upper Dir, Lower Chitral, Upper Chitral, Swat, Shangla, Torghar, Kolai-Palas, Mansehra, Lower Kohistan, Upper Kohistan",1,k1zyWXtt0TLTNdGdAn3e.pdf,k1zyWXtt0TLTNdGdAn3e_04,"Swat, Chitral, Dir",Naran,"Khyber Pakhtunkhwa, Mansehra/Kaghan",direct,1,False,,,,
k1zyWXtt0TLTNdGdAn3e_05,"o Gilgit Baltistan. Districts Ghizer, Hunza, Astore, Diamer, Skardu, Gilgit, Ghanche and Shigar.",6,k1zyWXtt0TLTNdGdAn3e.pdf,k1zyWXtt0TLTNdGdAn3e_05; k1zyWXtt0TLTNdGdAn3e_08; k1zyWXtt0TLTNdGdAn3e_12; k1zyWXtt0TLTNdGdAn3e_16; k1zyWXtt0TLTNdGdAn3e_20; k1zyWXtt0TLTNdGdAn3e_24,"Hunza, Skardu, Gilgit",,,direct,1,False,,,,
k1zyWXtt0TLTNdGdAn3e_06,o State of AJ&K. District Neelum.,1,k1zyWXtt0TLTNdGdAn3e.pdf,k1zyWXtt0TLTNdGdAn3e_06,Neelum Valley,,,direct,1,True,,,,
k1zyWXtt0TLTNdGdAn3e_07,"o Khyber Pakhtunkhwa. Districts Dera Ismail Khan, South Waziristan, North Waziristan, Tank, Bannu, Lakki Marwat, Hangu, Karak, Kohat, Kurram, Orakzai, Khyber, Mohmand, Peshawar, Charsadda, Bajaur, Lower Dir, Upper Dir, Lower Chitral, Upper Chitral, Malakand, Swat, Shangla, Torghar, Battagram, Kolai-Palas, Mansehra, Lower Kohistan and Upper Kohistan.",1,k1zyWXtt0TLTNdGdAn3e.pdf,k1zyWXtt0TLTNdGdAn3e_07,"Swat, Chitral, Dir",Naran,"Khyber Pakhtunkhwa, Mansehra/Kaghan",direct,1,True,,,,
k1zyWXtt0TLTNdGdAn3e_09,"o State of AJ&K. Districts Neelum, Muzaffarabad, Rawalakot, Poonch, Bagh, Mirpur, Kotli, Hattian, Haveli and Bhimber",3,k1zyWXtt0TLTNdGdAn3e.pdf,k1zyWXtt0TLTNdGdAn3e_09; k1zyWXtt0TLTNdGdAn3e_13; k1zyWXtt0TLTNdGdAn3e_17,Neelum Valley,,,direct,1,False,,,,
k1zyWXtt0TLTNdGdAn3e_10,"o Khyber Pakhtunkhwa. Districts Dera Ismail Khan, South Waziristan, North Waziristan, Tank, Bannu, Lakki Marwat, Hangu, Karak, Kohat, Kurram, Orakzai, Khyber, Mohmand, Peshawar, Charsadda, Bajaur, Lower Dir, Upper Dir, Lower Chitral, Upper Chitral, Malakand, Swat, Shangla, Torghar, Swabi, Mardan, Nowshera, Haripur, Abbottabad, Galiyat, Battagram, Kolai-Palas, Mansehra, Lower Kohistan and Upper Kohistan.",4,k1zyWXtt0TLTNdGdAn3e.pdf,k1zyWXtt0TLTNdGdAn3e_10; k1zyWXtt0TLTNdGdAn3e_14; k1zyWXtt0TLTNdGdAn3e_18; k1zyWXtt0TLTNdGdAn3e_22,"Swat, Murree/Galliyat, Chitral, Dir",Naran,"Khyber Pakhtunkhwa, Mansehra/Kaghan",direct,1,False,,,,
k1zyWXtt0TLTNdGdAn3e_11,"o Punjab. Districts Dera Ghazi Khan, Mianwali, Attock, Talagang, Chakwal, Rajanpur, Multan, Khanewal, Sahiwal, Nankana Sahib, Rahim Yar Khan, Muzaffargarh, Kot Addu, Vehari, Pakpattan, Kasur, Okara, Taunsa, Jhang, Layyah, Murree, Rawalpindi, Jhelum, Gujranwala, Hafizabad, Mandi Bahauddin, Narowal, Sialkot and Gujarat.",1,k1zyWXtt0TLTNdGdAn3e.pdf,k1zyWXtt0TLTNdGdAn3e_11,Murree/Galliyat,,,direct,1,False,,,,
k1zyWXtt0TLTNdGdAn3e_15,"o Punjab. Districts Dera Ghazi Khan, Mianwali, Attock, Talagang, Chakwal, Rajanpur, Multan, Khanewal, Faisalabad, Sahiwal, Nankana Sahib, Rahim Yar Khan, Muzaffargarh, Bahawalpur, Bahawalnagar, Kot Addu, Vehari, Pakpattan, Kasur, Chiniot, Okara, Taunsa, Jhang, Layyah, Murree, Rawalpindi, Jhelum, Gujranwala, Hafizabad, Mandi Bahauddin, Narowal, Sialkot, Toba Tek Singh and Gujarat.",1,k1zyWXtt0TLTNdGdAn3e.pdf,k1zyWXtt0TLTNdGdAn3e_15,Murree/Galliyat,,,direct,1,True,,,,
k1zyWXtt0TLTNdGdAn3e_19,"o Punjab. Districts Dera Ghazi Khan, Pakpattan, Okara, Faisalabad, Chiniot, Sahiwal, Kasur, Lahore, Narowal, Sheikhupura, Sialkot, Gujranwala, Hafizabad, Mandi Bahauddin, Gujarat, Jhelum, Chakwal, Talagang, Mianwali, Rawalpindi, Murree, Sargodha,",1,k1zyWXtt0TLTNdGdAn3e.pdf,k1zyWXtt0TLTNdGdAn3e_19,Murree/Galliyat,,,direct,1,True,,,,
k1zyWXtt0TLTNdGdAn3e_21,"o State of AJ&K. Districts Neelum, Muzaffarabad, Rawalakot, Poonch, Bagh, Mirpur, Kotli, Hattian, Haveli and Bhimber.",2,k1zyWXtt0TLTNdGdAn3e.pdf,k1zyWXtt0TLTNdGdAn3e_21; k1zyWXtt0TLTNdGdAn3e_25,Neelum Valley,,,direct,1,False,,,,
k1zyWXtt0TLTNdGdAn3e_23,"o Punjab. Districts Faisalabad, Lahore, Narowal, Sheikhupura, Sialkot, Gujranwala, Gujarat, Jhelum, Chakwal, Talagang, Mianwali, Rawalpindi and Murree.",1,k1zyWXtt0TLTNdGdAn3e.pdf,k1zyWXtt0TLTNdGdAn3e_23,Murree/Galliyat,,,direct,1,False,,,,
kPWqUmRriHqIR2hWoWX1_01,(1) Rains may trigger Landslides in Murree and hilly areas from 28th November to 2nd December 2024.,1,kPWqUmRriHqIR2hWoWX1.pdf,kPWqUmRriHqIR2hWoWX1_01,Murree/Galliyat,,,direct,2,False,,,,
kPWqUmRriHqIR2hWoWX1_03,"(2) Heavy rains may trigger Landslides in Galiyat, Mansehra, Kohistan, Chitral, Dir, Swat, Shangla, Buner, Kashmir and Gilgit-Baltistan from 28th November to 2nd December 2024.",1,kPWqUmRriHqIR2hWoWX1.pdf,kPWqUmRriHqIR2hWoWX1_03,"Swat, Murree/Galliyat, Chitral, Dir","Gilgit, Hunza, Naran, Neelum Valley, Skardu","Gilgit-Baltistan, Kashmir, Mansehra/Kaghan",direct,2,True,,,,
ktfMw7KlAje9S3a5utGr_01,"b. Rain-wind/thundershowers (with isolated heavy falls) are expected at scattered places in Khyber Pakhtunkhuwa, Punjab, Kashmir and Gilgit Baltistan from 20-23 August with occasional gaps.",1,ktfMw7KlAje9S3a5utGr.pdf,ktfMw7KlAje9S3a5utGr_01,,"Gilgit, Hunza, Neelum Valley, Skardu","Gilgit-Baltistan, Kashmir",implied_discounted,1,True,,,,
m90b2FygyjW5XgLn3M77_01,"a. Rain-wind/thunderstorm (snowfall over the mountains) with isolated hailstorms expected in Northern KP and GB from 4th (evening/night) to 7th November, while in parts of Northern/ Central Punjab and Southern KP from 5th to 7th November ( morning) 2022.",1,m90b2FygyjW5XgLn3M77.pdf,m90b2FygyjW5XgLn3M77_01,,"Chitral, Dir, Gilgit, Hunza, Naran, Skardu, Swat","Gilgit-Baltistan, Khyber Pakhtunkhwa",implied_discounted,1,False,,,,
m90b2FygyjW5XgLn3M77_02,"b. Heavy rainfall is expected in parts of KP, Kashmir, Islamabad, Pothohar region and Eastern Punjab from 5th to 6th November 2022.",1,m90b2FygyjW5XgLn3M77.pdf,m90b2FygyjW5XgLn3M77_02,,"Chitral, Dir, Naran, Neelum Valley, Swat","Kashmir, Khyber Pakhtunkhwa",implied_discounted,1,False,,,,
pCpMtvotIGHrjtyqcWqg_01,"• T.T. Singh South Punjab (From 23rd July to 24th July 2024) Bahawalnagar, Bahawalpur, D.G. Khan, Sahiwal, Multan, Layyah, Lodhran Khanewal, Pakpattan, Muzaffargarh, Vehari, Rajanpur Legend High Moderate Low 2 Winds/ Thunderstorm (Few Heavy Falls) with occasional Gaps From 22nd July to 24th July 20 Khyber Pakhtunkhwa",1,pCpMtvotIGHrjtyqcWqg.pdf,pCpMtvotIGHrjtyqcWqg_01,,"Chitral, Dir, Naran, Swat",Khyber Pakhtunkhwa,implied_discounted,1,False,,,,
pCpMtvotIGHrjtyqcWqg_02,• Nowshera Legend High Moderate Low Winds/ Thunderstorm (Few Heavy Falls) with Occasional Gaps From 21st July to 27th July 2024 GB,1,pCpMtvotIGHrjtyqcWqg.pdf,pCpMtvotIGHrjtyqcWqg_02,,"Gilgit, Hunza, Skardu",Gilgit-Baltistan,implied_discounted,1,False,,,,
pm7qFkWlq0QMR6HjX7xW_01,"b. Possibility of severe thunderstorms and heavy rainfall in Northern and Northeastern Punjab (including Lahore, Sialkot, Narowal) and Kashmir regions.",1,pm7qFkWlq0QMR6HjX7xW.pdf,pm7qFkWlq0QMR6HjX7xW_01,,Neelum Valley,Kashmir,implied_discounted,1,False,,,,
rIGDng1CwzgI8DzqSNvB_01,"Moderate rain-wind/snowfall over the hills is expected in Murree, Galliyat, Neelum Valley, Bagh, Haveli, Rawalakot, Chitral, Dir, Swat, Kohistan, Shangla, Mansehra, Abbottabad and Gilgit-Baltistan from Saturday, 07th January (night) to Monday, 09th January 2023.",1,rIGDng1CwzgI8DzqSNvB.pdf,rIGDng1CwzgI8DzqSNvB_01,"Swat, Murree/Galliyat, Chitral, Dir, Neelum Valley","Hunza, Skardu, Gilgit, Naran","Gilgit-Baltistan, Mansehra/Kaghan",direct,1,True,,,,
rIGDng1CwzgI8DzqSNvB_02,"Moderate snowfall may cause road disruption / closures in Murree, Galiyat, Nathiagali, Naran, Kaghan, Dir, Swat, Kohistan, Mansehra, Abbottabad, Shangla, Astore, Hunza, Skardu and Neelum Valley on 08th and 09th January.",1,rIGDng1CwzgI8DzqSNvB.pdf,rIGDng1CwzgI8DzqSNvB_02,"Hunza, Skardu, Naran, Swat, Murree/Galliyat, Dir, Neelum Valley",,,direct,2,False,,,,
rIGDng1CwzgI8DzqSNvB_03,"Possibility of landslides in hilly areas of Khyber Pakhtunkhwa, Gilgit-Baltistan and Kashmir cannot be ruled out during the period.",1,rIGDng1CwzgI8DzqSNvB.pdf,rIGDng1CwzgI8DzqSNvB_03,,"Hunza, Skardu, Gilgit, Naran, Swat, Chitral, Dir, Neelum Valley","Gilgit-Baltistan, Kashmir, Khyber Pakhtunkhwa",implied_full_confidence,2,True,,,,
ryqXs3fuXgVjrypdQT8W_01,(1) Heavy rains may trigger Landslides in Murree and hilly areas from 26th September to 1st October 2024.,1,ryqXs3fuXgVjrypdQT8W.pdf,ryqXs3fuXgVjrypdQT8W_01,Murree/Galliyat,,,direct,2,False,,,,
ryqXs3fuXgVjrypdQT8W_03,"(2) Heavy rains may trigger Landslides in Galiyat, Mansehra, Kohistan, Chitral, Dir, Swat, Shangla, Buner, Kashmir and Gilgit-Baltistan from 26th September to 1st October 2024.",1,ryqXs3fuXgVjrypdQT8W.pdf,ryqXs3fuXgVjrypdQT8W_03,"Swat, Murree/Galliyat, Chitral, Dir","Gilgit, Hunza, Naran, Neelum Valley, Skardu","Gilgit-Baltistan, Kashmir, Mansehra/Kaghan",direct,2,True,,,,
sMpvvbtO7MlDD1K6bzDm_01,"a. Rain-wind/thunderstorm are expected in Chitral, Dir, Swat, Shangla, Kohistan, Mansehra, Abbottabad, Battagram, Bunner, Kurram, Bajaur, Mohmand, Orakzai, Murree, Galliyat, Gilgit-Baltistan (Diamir, Astore, Ghizer, Skardu, Hunza, Gilgit, Ghanche, Shigar), Kashmir (Neelum valley, Muzaffarabad, Poonch, Hattian, Bagh, Haveli, Sudhanoti, Kotli, Bhimber, Mirpur) from 08th (evening/night) to 11th April with occasional gaps. Dust/thunderstorm-rain is expected in Potohar region (Islamabad/Rawalpindi, Attock, Chakwal, Talagang, Mianwali and Jhelum) and northeast Punjab) Hafizabad, Gujranwala, Mandi Bahauddin, Gujrat, Sialkot, Narowal, Lahore and Sheikhupura) during the period. Isolated hailstorm may also occur during the forecast period.",1,sMpvvbtO7MlDD1K6bzDm.pdf,sMpvvbtO7MlDD1K6bzDm_01,"Hunza, Skardu, Gilgit, Swat, Murree/Galliyat, Chitral, Dir, Neelum Valley",Naran,"Gilgit-Baltistan, Kashmir, Mansehra/Kaghan",direct,1,False,,,,
sMpvvbtO7MlDD1K6bzDm_02,"b. Dust storm/Gusty winds are also expected in the plains of Punjab, Khyber Pakhtunkhwa and upper Sindh during the forecast period.",1,sMpvvbtO7MlDD1K6bzDm.pdf,sMpvvbtO7MlDD1K6bzDm_02,,"Chitral, Dir, Naran, Swat",Khyber Pakhtunkhwa,implied_discounted,1,False,,,,
scbD0ehSEq3ZHRmAxvtc_01,• Bhimber Khyber Pakhtunkhwa,1,scbD0ehSEq3ZHRmAxvtc.pdf,scbD0ehSEq3ZHRmAxvtc_01,,"Chitral, Dir, Naran, Swat",Khyber Pakhtunkhwa,implied_discounted,1,False,,,,
scbD0ehSEq3ZHRmAxvtc_02,• DI Khan Gilgit Baltistan,1,scbD0ehSEq3ZHRmAxvtc.pdf,scbD0ehSEq3ZHRmAxvtc_02,,"Gilgit, Hunza, Skardu",Gilgit-Baltistan,implied_discounted,1,False,,,,
scbD0ehSEq3ZHRmAxvtc_03,"a. Punjab, KP, GB, Murree, Galiyat",1,scbD0ehSEq3ZHRmAxvtc.pdf,scbD0ehSEq3ZHRmAxvtc_03,Murree/Galliyat,"Chitral, Dir, Gilgit, Hunza, Naran, Skardu, Swat","Gilgit-Baltistan, Khyber Pakhtunkhwa",direct,1,False,,,,
scbD0ehSEq3ZHRmAxvtc_04,"(1) Widespread & Heavy Rainfall may cause flash flooding in local nullahs Balochistan, Khyber Pakhtunkhwa, Murree, Galiyat, Islamabad & Rawalpindi.",1,scbD0ehSEq3ZHRmAxvtc.pdf,scbD0ehSEq3ZHRmAxvtc_04,Murree/Galliyat,"Chitral, Dir, Naran, Swat",Khyber Pakhtunkhwa,direct,2,True,,,,
scbD0ehSEq3ZHRmAxvtc_05,"(2) Heavy Snowfall may disrupt roads in Murree, Galiyat, Naran, Kaghan, Dir, Swat, Kohistan, Mansehra, Abbottabad, Shangla, Astore, Hunza, Skardu, Neelum Valley, Bagh, Poonch and Haveli during the forecasted period.",1,scbD0ehSEq3ZHRmAxvtc.pdf,scbD0ehSEq3ZHRmAxvtc_05,"Hunza, Skardu, Naran, Swat, Murree/Galliyat, Dir, Neelum Valley",,,direct,2,True,,,,
scbD0ehSEq3ZHRmAxvtc_06,"(5) Landslides, mudslides, isolated rain spells and snowfall may lead to potential road blockages in Upper Khyber Pakhtunkhwa, Murree, Galiyat, Kashmir and Gilgit Baltistan.",1,scbD0ehSEq3ZHRmAxvtc.pdf,scbD0ehSEq3ZHRmAxvtc_06,Murree/Galliyat,"Chitral, Dir, Gilgit, Hunza, Naran, Neelum Valley, Skardu, Swat","Gilgit-Baltistan, Kashmir, Khyber Pakhtunkhwa",direct,2,True,,,,
sltYMsJRA9xs2bNzp7hp_01,"Dated: 25 June 2024 Subject: Dust / Thunderstorms-Rains Predicted in Upper Parts of the Country from 26th June to 1st July 2024 Monsoon currents from Arabian sea and Bay of Bengal are likely to penetrate eastern parts of the country from 26th June 2024 and likely to persist till 1st July 2024. Under influence of said system, following areas are expected to be affected: - Sindh  Tharparkar  Umerkot  Mirpurkhas  Sanghar  T.A. Yar  Badin  Thatta  Karachi  Hyderabad  Jamshoro  S.B.A.  N. Feroze  Khairpur  Dadu  Sukkur  Jacobabad  Kashmore  Sujawal  T.M. Khan  Matiari  Q&Sk  Larkana  Shikarpur  Ghotki Rain Wind/ Thundershower with Isolated Heavy Rainfall from 26th June to 1st July, 2024 Khyber Pakhtunkhwa  Chitral  Dir  Peshawar  Shangla  Swat  Kohistan  Malakand  Bajaur  Batagram  Buner  Kohat  Mohmand  Khyber  Mansehra  Abbottabad  Haripur  Mardan  Hangu  Kurram  Orakzai  Torghar  Swabi  Charsadda  Nowshera Winds/ Thunderstorm with Isolated Heavy Rainfall From 28th June to 1st July 2024 GB  Diamer  Astore  Ghizer  Skardu  Hunza  Gilgit  Ghanche  Shigar Rain Winds/ Thunderstorm with Isolated Rainfall From 28th June to 1st July 2024 AJ&K  Neelum  MZD  Rawalakot  Poonch  Hattian  Bagh  Haveli  Sudhnoti  Kotli  Bhimber  Mirpur Winds/ Thunderstorm with Isolated Rainfall From 27th June to 1st July 2024 Punjab  Rawalpindi  Bhakkar  Faisalabad  N. Sahib  Sahiwal  Okara  Kasur  Lahore  Hafizabad  M.B. Din  Sialkot  Narowal  Gujranwala  Sheikhupura  Gujrat  Jhelum  Chakwal  Sargodha  Khushab  Chiniot  Jhang  T.T. Singh ICT Dust/ Thunderstorm with Isolated Rainfall From 26th to 30th June 2024 Punjab  Bahawalnagar  Bahawalpur  D.G. Khan  Sahiwal  Multan  Layyah  Lodhran  Khanewal  Pakpattan  Muzaffargarh  Vehari  Rajanpur",1,sltYMsJRA9xs2bNzp7hp.pdf,sltYMsJRA9xs2bNzp7hp_01,"Hunza, Skardu, Gilgit, Swat, Chitral, Dir, Neelum Valley",Naran,"Gilgit-Baltistan, Kashmir, Khyber Pakhtunkhwa, Mansehra/Kaghan",direct,1,True,,,,
suCnyJOnQ4zCEqouZuip_01,Dated: 10 May 2024 Subject: GLOF ALERT – GB & KP Rising temperatures and prevailing weather conditions are expected to keep daytime temperatures 3-5°C higher than normal resulting into increase in glacial melting and bring rain / wind-thunderstorms from 11-12 May 2024.,1,suCnyJOnQ4zCEqouZuip.pdf,suCnyJOnQ4zCEqouZuip_01,,"Chitral, Dir, Gilgit, Hunza, Naran, Skardu, Swat","Gilgit-Baltistan, Khyber Pakhtunkhwa",implied_full_confidence,2,False,,,,
suCnyJOnQ4zCEqouZuip_02,"This combination can significantly increase the flow in streams and rivers, raising the possibility of GLOF events, flash floods, landslides / mudslides, in vulnerable areas of GB and KP (PMD GLOF Alert / NDMA Tech Team GLOF Risk Projections) enclosed as “Annex-A&B”).",1,suCnyJOnQ4zCEqouZuip.pdf,suCnyJOnQ4zCEqouZuip_02,,"Chitral, Dir, Gilgit, Hunza, Naran, Skardu, Swat","Gilgit-Baltistan, Khyber Pakhtunkhwa",implied_full_confidence,2,False,,,,
suCnyJOnQ4zCEqouZuip_03,Map outlining the most vulnerable GLOF sites in GB and KP is as under: -,1,suCnyJOnQ4zCEqouZuip.pdf,suCnyJOnQ4zCEqouZuip_03,,"Chitral, Dir, Gilgit, Hunza, Naran, Skardu, Swat","Gilgit-Baltistan, Khyber Pakhtunkhwa",implied_full_confidence,2,False,,,,
uOnYVjvIDDLPAScLELX3_01,"o Rain-wind / thundershowers with isolated heavy falls expected in Abbottabad, Bannu, Chitral, Dera Ismail Khan, Dir, Haripur, Kohat, Kohistan, Kurram, Lakki Marwat, Mansehra, Nowshera, Peshawar, Swabi, Swat and Waziristan from Wednesday, 15 June – Wednesday, 22 June (with occasional gaps).",1,uOnYVjvIDDLPAScLELX3.pdf,uOnYVjvIDDLPAScLELX3_01,"Swat, Chitral, Dir",Naran,Mansehra/Kaghan,direct,1,False,,,,
uOnYVjvIDDLPAScLELX3_02,"o Rain-wind / thundershowers are expected in Attock, Rawalpindi, Murree, Chakwal, Jhelum, Mianwali, Sargodha, Khushab, Hafizabad, Mandibahauddin, Sialkot, Narowal, Lahore, Sheikhupura, Faisalabad, Toba Tek Singh from Thursday, 16 June – Tuesday, 21 June.",1,uOnYVjvIDDLPAScLELX3.pdf,uOnYVjvIDDLPAScLELX3_02,Murree/Galliyat,,,direct,1,False,,,,
uOnYVjvIDDLPAScLELX3_03,"o Rain-wind / thundershowers with a few heavy falls expected in Astore, Diamer, Ghizer, Gilgit, Hunza & Skardu from Wednesday, 15 June (evening / night) – Thursday, 23 June.",1,uOnYVjvIDDLPAScLELX3.pdf,uOnYVjvIDDLPAScLELX3_03,"Hunza, Skardu, Gilgit",,,direct,1,False,,,,
uOnYVjvIDDLPAScLELX3_04,"o Rain-wind / thundershowers with a few heavy falls expected in Bagh, Bhimber, Hattian, Haveli, Kotli, Mirpur, Muzaffarabad & Neelum Valley from Wednesday, 15 June (evening / night) – Thursday, 23 June.",1,uOnYVjvIDDLPAScLELX3.pdf,uOnYVjvIDDLPAScLELX3_04,Neelum Valley,,,direct,1,False,,,,
uOnYVjvIDDLPAScLELX3_05,"o Wind / dust-thunderstorms may cause damages to loose structures in Islamabad, Khyber Pakhtunkhwa, Punjab, Gilgit Baltistan and AJ&K during the forecasted period.",1,uOnYVjvIDDLPAScLELX3.pdf,uOnYVjvIDDLPAScLELX3_05,,"Chitral, Dir, Gilgit, Hunza, Naran, Neelum Valley, Skardu, Swat","Gilgit-Baltistan, Kashmir, Khyber Pakhtunkhwa",implied_discounted,1,True,,,,
uOnYVjvIDDLPAScLELX3_06,"o Heavy rainfall may trigger landslides in Gilgit Baltistan, AJ&K & Upper Parts of Khyber Pakhtunkhwa and may generate flash flooding in Eastern Parts of Balochistan (Bolan, Harnai, Jhalmagsi, Jaffarabad, Naseerabad and Sibbi). NOTE: All concerned authorities are advised to remain ALERT during the forecasted period.",1,uOnYVjvIDDLPAScLELX3.pdf,uOnYVjvIDDLPAScLELX3_06,,"Chitral, Dir, Gilgit, Hunza, Naran, Neelum Valley, Skardu, Swat","Gilgit-Baltistan, Kashmir, Khyber Pakhtunkhwa",implied_full_confidence,2,True,,,,
vFgtChxxUfeS2fNzQaNC_01,"Day temperatures are likely to remain 07-08°C above normal in Khyber Pakhtunkhwa, Gilgit-Baltistan and Kashmir from 16th to 21st March 2022.",1,vFgtChxxUfeS2fNzQaNC.pdf,vFgtChxxUfeS2fNzQaNC_01,,"Hunza, Skardu, Gilgit, Naran, Swat, Chitral, Dir, Neelum Valley","Gilgit-Baltistan, Kashmir, Khyber Pakhtunkhwa",implied_discounted,1,True,,,,
vUoV8M9M0Qw0QtcvAR7N_01,"(1) Khyber Pakhtunkhwa. Galiyat, Chitral, Dir, Swat, Mansehra, Kohistan, Shangla, Buner, Haripur and Abbottabad.",1,vUoV8M9M0Qw0QtcvAR7N.pdf,vUoV8M9M0Qw0QtcvAR7N_01,"Swat, Murree/Galliyat, Chitral, Dir",Naran,"Khyber Pakhtunkhwa, Mansehra/Kaghan",direct,1,True,,,,
vUoV8M9M0Qw0QtcvAR7N_02,"(2) Gilgit-Baltistan. Diamir, Astore, Ghizer, Skardu, Hunza, Gilgit, Ghanche, and Shigar.",1,vUoV8M9M0Qw0QtcvAR7N.pdf,vUoV8M9M0Qw0QtcvAR7N_02,"Hunza, Skardu, Gilgit",,,direct,1,False,,,,
vUoV8M9M0Qw0QtcvAR7N_03,"(3) State of AJ&K. Neelum valley, Muzaffarabad, Poonch, Hattian, Bagh, Haveli, Sudhanoti, Kotli, Bhimber, and Mirpur.",1,vUoV8M9M0Qw0QtcvAR7N.pdf,vUoV8M9M0Qw0QtcvAR7N_03,Neelum Valley,,,direct,1,False,,,,
vUoV8M9M0Qw0QtcvAR7N_04,"(1) Khyber Pakhtunkhwa. Karak, Peshawar, Charsada, Nowshera, Swabi, Buner, Bajaur, Kurram, Waziristan, Kohat, Bannu and Dera Ismail Khan.",1,vUoV8M9M0Qw0QtcvAR7N.pdf,vUoV8M9M0Qw0QtcvAR7N_04,,"Chitral, Dir, Naran, Swat",Khyber Pakhtunkhwa,implied_discounted,1,False,,,,
vUoV8M9M0Qw0QtcvAR7N_05,"a. Moderate to isolated heavy snowfall may disrupt and cause closure of roads in Murree, Galiyat, Naran, Kaghan, Dir, Swat, Kohistan, Mansehra, Abbottabad, Shangla, Astore, Hunza, Skardu, Neelum valley, Bagh, Poonch and Haveli from 8th (evening/night) to 10th February.",1,vUoV8M9M0Qw0QtcvAR7N.pdf,vUoV8M9M0Qw0QtcvAR7N_05,"Hunza, Skardu, Naran, Swat, Murree/Galliyat, Dir, Neelum Valley",,,direct,2,False,,,,
vUoV8M9M0Qw0QtcvAR7N_06,"b. Possibility of landslides in Upper Khyber Pakhtunkhwa, Galiyat, Murree, Kashmir and Gilgit Baltistan cannot be ruled out during the forecast period.",1,vUoV8M9M0Qw0QtcvAR7N.pdf,vUoV8M9M0Qw0QtcvAR7N_06,Murree/Galliyat,"Chitral, Dir, Gilgit, Hunza, Naran, Neelum Valley, Skardu, Swat","Gilgit-Baltistan, Kashmir, Khyber Pakhtunkhwa",direct,2,True,,,,
wws2UHKOW8s6xw51jPOX_01,(4) Heavy rains may trigger Landslides in Murree and hilly areas.,1,wws2UHKOW8s6xw51jPOX.pdf,wws2UHKOW8s6xw51jPOX_01,Murree/Galliyat,,,direct,2,False,,,,
wws2UHKOW8s6xw51jPOX_03,"(2) Heavy rains may trigger Landslides in Galliyat, Mansehra, Kohistan, Chitral, Dir, Swat, Shangla, Buner, Kashmir and Gilgit-Baltistan.",1,wws2UHKOW8s6xw51jPOX.pdf,wws2UHKOW8s6xw51jPOX_03,"Swat, Murree/Galliyat, Chitral, Dir","Gilgit, Hunza, Naran, Neelum Valley, Skardu","Gilgit-Baltistan, Kashmir, Mansehra/Kaghan",direct,2,True,,,,
xnOdth0FJZ9WTaXUa83I_01,"a. Flood Affected areas of Gilgit Baltistan, Khyber Pakhtunkhwa & North Punjab",1,xnOdth0FJZ9WTaXUa83I.pdf,xnOdth0FJZ9WTaXUa83I_01,,"Chitral, Dir, Gilgit, Hunza, Naran, Skardu, Swat","Gilgit-Baltistan, Khyber Pakhtunkhwa",implied_discounted,1,False,,,,
xnOdth0FJZ9WTaXUa83I_02,2. FFD Only. Keep NDMA and all concerned apprised on effects of weather system / rainfall to river flows downstream from River Swat at Khawazakhela and River Indus at Kalabagh.,1,xnOdth0FJZ9WTaXUa83I.pdf,xnOdth0FJZ9WTaXUa83I_02,Swat,,,direct,1,False,,,,
yKbkmYB8qG8sOYhCaG7U_01,"3. Secretary Aviation Division Chief See Punjab, KP, GB, Kashmir & -vt-105-03 perLJ ine E*"">** Balochistan Sccretary Imigation Punjab",1,yKbkmYB8qG8sOYhCaG7U.pdf,yKbkmYB8qG8sOYhCaG7U_01,,"Chitral, Dir, Gilgit, Hunza, Naran, Neelum Valley, Skardu, Swat","Gilgit-Baltistan, Kashmir, Khyber Pakhtunkhwa",implied_discounted,1,True,,,,
yW5Jum3e8AHvyaqZkYrO_01,"Dated: 21 March 2023 Time: 1530 hours Subject: Likely Impact Based Alert - Westerly Weather System (Heavy Falls Forecasted) from 23-24 March 2023 (Thursday to Friday) Reference: PMD Weather Advisory (NWFC-5(10A)/2017/33) and NDMA Weather Advisory No. 6 dated 20 March 2023. In light of Pakistan Meteorological Department (PMD) Forecast and previously issued NDMA Weather Advisory on 20 March referenced above, the existing westerly weather system is likely to cause excessive precipitation in coming days, especially on 23 and 24 March 2023. PDMAs and DDMAs to ensure necessary awareness and sensitizing of population in at-risk/ vulnerable areas, with special focus given to respective areas prone to hill torrents and flash floods. Likely impacts of this precipitation are flash floods, urban flooding, hill torrents and landslides for areas Balochistan, Khyber Pakhtunkhwa, Punjab, Gilgit Baltistan, AJ&K and Islamabad Capital Territory from 23-24 March 2023, Thursday to Friday. In this regard the following hazards are likely in areas and surroundings as highlighted below: -",1,yW5Jum3e8AHvyaqZkYrO.pdf,yW5Jum3e8AHvyaqZkYrO_01,,"Chitral, Dir, Gilgit, Hunza, Naran, Neelum Valley, Skardu, Swat","Gilgit-Baltistan, Kashmir, Khyber Pakhtunkhwa",implied_full_confidence,2,True,,,,
yW5Jum3e8AHvyaqZkYrO_02,"a. Urban Flooding. Municipal / Urban Areas of Khyber Pakhtunkhwa, Punjab and Islamabad especially in Peshawar, Rawalpindi Lahore and surroundings are at-risk of urban flooding due to widespread rains-wind / thunderstorms with scattered heavy falls and isolated hailstorms.",1,yW5Jum3e8AHvyaqZkYrO.pdf,yW5Jum3e8AHvyaqZkYrO_02,,"Chitral, Dir, Naran, Swat",Khyber Pakhtunkhwa,implied_discounted,1,True,,,,
yW5Jum3e8AHvyaqZkYrO_03,"b. Flash Flooding. There remains a risk of flash flooding due to widespread rains-wind / thunderstorms with isolated heavy falls in areas of Balochistan (Districts Quetta, Chaman, Pishin, Barkhan, Musakhel, Kalat, Khuzdar, Naseerabad, Jaffarabad, Kohlu, Zhob, Sibbi, Turbat, Awaran & Panjgur), Khyber Pakhtunkhwa (Districts Dir Upper, Dir Lower, Swat, Kohistan Upper, Kohistan Lower, Kolai Palas, Swat, Nowshera, Mardan, North Waziristan, South Waziristan & Bajaur), Punjab (Rawalpindi & Murree), Islamabad Capital Territory and AJ&K.",1,yW5Jum3e8AHvyaqZkYrO.pdf,yW5Jum3e8AHvyaqZkYrO_03,"Swat, Murree/Galliyat, Dir","Chitral, Naran, Neelum Valley","Kashmir, Khyber Pakhtunkhwa",direct,2,True,,,,
yW5Jum3e8AHvyaqZkYrO_04,"d. Landslides. Due to widespread rains-wind / thunderstorms with isolated / scattered heavy falls there is a risk of landslides occurring in vulnerable hilly / mountainous areas of Balochistan, Khyber Pakhtunkhwa, Gilgit Baltistan, AJ&K and regions of Murree and Galiyat.",1,yW5Jum3e8AHvyaqZkYrO.pdf,yW5Jum3e8AHvyaqZkYrO_04,Murree/Galliyat,"Chitral, Dir, Gilgit, Hunza, Naran, Neelum Valley, Skardu, Swat","Gilgit-Baltistan, Kashmir, Khyber Pakhtunkhwa",direct,2,False,,,,
yW5Jum3e8AHvyaqZkYrO_05,"2. Apropos, PDMAs Balochistan, Khyber Pakhtunkhwa, Punjab, GBDMA & SDMA, NHA, NH&MP, FWO, Rescue 1122, respective Line Departments, Ministries and Federal Agencies are required to undertake measures as per respective mandate. However, following is to be ensured by all concerned in addition to measures deemed appropriate as per on ground situation / requirements: -",1,yW5Jum3e8AHvyaqZkYrO.pdf,yW5Jum3e8AHvyaqZkYrO_05,,"Chitral, Dir, Naran, Swat",Khyber Pakhtunkhwa,implied_discounted,1,False,,,,
zyuyzX1VyltVDxvGit2c_01,"(1) Kashmir. Neelum valley, Muzaffarabad, Poonch, Hattian, Bagh, Haveli, Sudhanoti, Kotli, Bhimber and Mirpur.",1,zyuyzX1VyltVDxvGit2c.pdf,zyuyzX1VyltVDxvGit2c_01,Neelum Valley,,,direct,1,False,,,,
zyuyzX1VyltVDxvGit2c_03,"(3) Punjab. Murree, Galliyat, Rawalpindi, Attock, Chakwal, Jhelum, Mandi Bahauddin, Hafizabad, Gujranwala, Gujrat, Sialkot, Narowal, Lahore, Kasur and Sheikhupura.",1,zyuyzX1VyltVDxvGit2c.pdf,zyuyzX1VyltVDxvGit2c_03,Murree/Galliyat,,,direct,1,False,,,,
zyuyzX1VyltVDxvGit2c_04,"(1) Khyber Pakhtunkhwa. Kurram, Lakki Marwat, Dera Ismail Khan, Bannu, Karak and Waziristan.",1,zyuyzX1VyltVDxvGit2c.pdf,zyuyzX1VyltVDxvGit2c_04,,"Chitral, Dir, Naran, Swat",Khyber Pakhtunkhwa,implied_discounted,1,False,,,,
zyuyzX1VyltVDxvGit2c_05,"a. Moderate to heavy falls may increase the water flows in local Nullahs/ streams of Kashmir, Gilgit-Baltistan, Chitral, Dir, Swat, Kohistan, Shangla, Buner, Mansehra, Abbottabad, Galliyat, Murree, Rawalpindi/ Islamabad from 17th to 19th September 2023.",1,zyuyzX1VyltVDxvGit2c.pdf,zyuyzX1VyltVDxvGit2c_05,"Swat, Murree/Galliyat, Chitral, Dir","Gilgit, Hunza, Naran, Neelum Valley, Skardu","Gilgit-Baltistan, Kashmir, Mansehra/Kaghan",direct,1,False,,,,
zyuyzX1VyltVDxvGit2c_06,"b. Moderate to heavy rains may trigger landslides in the vulnerable areas of Murree, Galliyat, Kashmir, Gilgit Baltistan, Chitral, Dir, Swat, Kohistan, Shangla, Buner, Mansehra & Abbottabad during the wet spell from 16th to 19th September 2023.",1,zyuyzX1VyltVDxvGit2c.pdf,zyuyzX1VyltVDxvGit2c_06,"Swat, Murree/Galliyat, Chitral, Dir","Gilgit, Hunza, Naran, Neelum Valley, Skardu","Gilgit-Baltistan, Kashmir, Mansehra/Kaghan",direct,2,False,,,,
